operator,run_id,layer,method,samples,calls_per_sample,warmups,pair,gpu_us
topk,q1_topk_bench_20261008_02,0,baseline,50,1,10,0,54.75199967622757
topk,q1_topk_bench_20261008_02,0,baseline,50,1,10,1,51.7439991235733
topk,q1_topk_bench_20261008_02,0,baseline,50,1,10,2,51.58400163054466
topk,q1_topk_bench_20261008_02,0,baseline,50,1,10,3,51.58400163054466
topk,q1_topk_bench_20261008_02,0,baseline,50,1,10,4,51.42400041222572
topk,q1_topk_bench_20261008_02,0,baseline,50,1,10,5,52.06400156021118
topk,q1_topk_bench_20261008_02,0,baseline,50,1,10,6,51.96800082921982
topk,q1_topk_bench_20261008_02,0,baseline,50,1,10,7,51.67999863624573
topk,q1_topk_bench_20261008_02,0,baseline,50,1,10,8,51.83999985456467
topk,q1_topk_bench_20261008_02,0,baseline,50,1,10,9,51.67999863624573
topk,q1_topk_bench_20261008_02,0,baseline,50,1,10,10,51.77599936723709
topk,q1_topk_bench_20261008_02,0,baseline,50,1,10,11,51.67999863624573
topk,q1_topk_bench_20261008_02,0,baseline,50,1,10,12,51.7439991235733
topk,q1_topk_bench_20261008_02,0,baseline,50,1,10,13,51.35999992489815
topk,q1_topk_bench_20261008_02,0,baseline,50,1,10,14,52.22399905323982
topk,q1_topk_bench_20261008_02,0,baseline,50,1,10,15,51.231998950242996
topk,q1_topk_bench_20261008_02,0,baseline,50,1,10,16,51.58400163054466
topk,q1_topk_bench_20261008_02,0,baseline,50,1,10,17,51.392000168561935
topk,q1_topk_bench_20261008_02,0,baseline,50,1,10,18,51.77599936723709
topk,q1_topk_bench_20261008_02,0,baseline,50,1,10,19,51.392000168561935
topk,q1_topk_bench_20261008_02,0,baseline,50,1,10,20,51.7439991235733
topk,q1_topk_bench_20261008_02,0,baseline,50,1,10,21,50.944000482559204
topk,q1_topk_bench_20261008_02,0,baseline,50,1,10,22,51.58400163054466
topk,q1_topk_bench_20261008_02,0,baseline,50,1,10,23,51.32799968123436
topk,q1_topk_bench_20261008_02,0,baseline,50,1,10,24,51.58400163054466
topk,q1_topk_bench_20261008_02,0,baseline,50,1,10,25,51.04000121355057
topk,q1_topk_bench_20261008_02,0,baseline,50,1,10,26,51.90400034189224
topk,q1_topk_bench_20261008_02,0,baseline,50,1,10,27,51.83999985456467
topk,q1_topk_bench_20261008_02,0,baseline,50,1,10,28,51.80799961090088
topk,q1_topk_bench_20261008_02,0,baseline,50,1,10,29,51.58400163054466
topk,q1_topk_bench_20261008_02,0,baseline,50,1,10,30,52.12799832224846
topk,q1_topk_bench_20261008_02,0,baseline,50,1,10,31,51.392000168561935
topk,q1_topk_bench_20261008_02,0,baseline,50,1,10,32,51.552001386880875
topk,q1_topk_bench_20261008_02,0,baseline,50,1,10,33,51.19999870657921
topk,q1_topk_bench_20261008_02,0,baseline,50,1,10,34,51.93600058555603
topk,q1_topk_bench_20261008_02,0,baseline,50,1,10,35,51.552001386880875
topk,q1_topk_bench_20261008_02,0,baseline,50,1,10,36,51.77599936723709
topk,q1_topk_bench_20261008_02,0,baseline,50,1,10,37,51.32799968123436
topk,q1_topk_bench_20261008_02,0,baseline,50,1,10,38,52.032001316547394
topk,q1_topk_bench_20261008_02,0,baseline,50,1,10,39,51.35999992489815
topk,q1_topk_bench_20261008_02,0,baseline,50,1,10,40,51.392000168561935
topk,q1_topk_bench_20261008_02,0,baseline,50,1,10,41,51.58400163054466
topk,q1_topk_bench_20261008_02,0,baseline,50,1,10,42,51.67999863624573
topk,q1_topk_bench_20261008_02,0,baseline,50,1,10,43,51.392000168561935
topk,q1_topk_bench_20261008_02,0,baseline,50,1,10,44,51.42400041222572
topk,q1_topk_bench_20261008_02,0,baseline,50,1,10,45,51.4880008995533
topk,q1_topk_bench_20261008_02,0,baseline,50,1,10,46,52.000001072883606
topk,q1_topk_bench_20261008_02,0,baseline,50,1,10,47,51.61599814891815
topk,q1_topk_bench_20261008_02,0,baseline,50,1,10,48,51.52000114321709
topk,q1_topk_bench_20261008_02,0,baseline,50,1,10,49,51.45600065588951
topk,q1_topk_bench_20261008_02,0,candidate,50,1,10,0,50.81599950790405
topk,q1_topk_bench_20261008_02,0,candidate,50,1,10,1,49.984000623226166
topk,q1_topk_bench_20261008_02,0,candidate,50,1,10,2,49.82399940490723
topk,q1_topk_bench_20261008_02,0,candidate,50,1,10,3,49.56800118088722
topk,q1_topk_bench_20261008_02,0,candidate,50,1,10,4,49.695998430252075
topk,q1_topk_bench_20261008_02,0,candidate,50,1,10,5,49.56800118088722
topk,q1_topk_bench_20261008_02,0,candidate,50,1,10,6,49.75999891757965
topk,q1_topk_bench_20261008_02,0,candidate,50,1,10,7,49.375999718904495
topk,q1_topk_bench_20261008_02,0,candidate,50,1,10,8,49.79199916124344
topk,q1_topk_bench_20261008_02,0,candidate,50,1,10,9,49.056001007556915
topk,q1_topk_bench_20261008_02,0,candidate,50,1,10,10,49.375999718904495
topk,q1_topk_bench_20261008_02,0,candidate,50,1,10,11,49.536000937223434
topk,q1_topk_bench_20261008_02,0,candidate,50,1,10,12,49.6320016682148
topk,q1_topk_bench_20261008_02,0,candidate,50,1,10,13,49.44000020623207
topk,q1_topk_bench_20261008_02,0,candidate,50,1,10,14,49.215998500585556
topk,q1_topk_bench_20261008_02,0,candidate,50,1,10,15,49.60000142455101
topk,q1_topk_bench_20261008_02,0,candidate,50,1,10,16,49.82399940490723
topk,q1_topk_bench_20261008_02,0,candidate,50,1,10,17,49.31199923157692
topk,q1_topk_bench_20261008_02,0,candidate,50,1,10,18,49.31199923157692
topk,q1_topk_bench_20261008_02,0,candidate,50,1,10,19,49.31199923157692
topk,q1_topk_bench_20261008_02,0,candidate,50,1,10,20,49.60000142455101
topk,q1_topk_bench_20261008_02,0,candidate,50,1,10,21,49.27999898791313
topk,q1_topk_bench_20261008_02,0,candidate,50,1,10,22,49.247998744249344
topk,q1_topk_bench_20261008_02,0,candidate,50,1,10,23,49.536000937223434
topk,q1_topk_bench_20261008_02,0,candidate,50,1,10,24,49.56800118088722
topk,q1_topk_bench_20261008_02,0,candidate,50,1,10,25,49.50400069355965
topk,q1_topk_bench_20261008_02,0,candidate,50,1,10,26,49.695998430252075
topk,q1_topk_bench_20261008_02,0,candidate,50,1,10,27,49.60000142455101
topk,q1_topk_bench_20261008_02,0,candidate,50,1,10,28,49.8879998922348
topk,q1_topk_bench_20261008_02,0,candidate,50,1,10,29,49.56800118088722
topk,q1_topk_bench_20261008_02,0,candidate,50,1,10,30,49.75999891757965
topk,q1_topk_bench_20261008_02,0,candidate,50,1,10,31,49.56800118088722
topk,q1_topk_bench_20261008_02,0,candidate,50,1,10,32,49.72799867391586
topk,q1_topk_bench_20261008_02,0,candidate,50,1,10,33,49.15200173854828
topk,q1_topk_bench_20261008_02,0,candidate,50,1,10,34,49.12000149488449
topk,q1_topk_bench_20261008_02,0,candidate,50,1,10,35,58.30400064587593
topk,q1_topk_bench_20261008_02,0,candidate,50,1,10,36,49.8879998922348
topk,q1_topk_bench_20261008_02,0,candidate,50,1,10,37,49.536000937223434
topk,q1_topk_bench_20261008_02,0,candidate,50,1,10,38,49.56800118088722
topk,q1_topk_bench_20261008_02,0,candidate,50,1,10,39,49.56800118088722
topk,q1_topk_bench_20261008_02,0,candidate,50,1,10,40,49.6320016682148
topk,q1_topk_bench_20261008_02,0,candidate,50,1,10,41,49.44000020623207
topk,q1_topk_bench_20261008_02,0,candidate,50,1,10,42,49.375999718904495
topk,q1_topk_bench_20261008_02,0,candidate,50,1,10,43,49.215998500585556
topk,q1_topk_bench_20261008_02,0,candidate,50,1,10,44,50.11200159788132
topk,q1_topk_bench_20261008_02,0,candidate,50,1,10,45,49.984000623226166
topk,q1_topk_bench_20261008_02,0,candidate,50,1,10,46,49.536000937223434
topk,q1_topk_bench_20261008_02,0,candidate,50,1,10,47,49.44000020623207
topk,q1_topk_bench_20261008_02,0,candidate,50,1,10,48,49.72799867391586
topk,q1_topk_bench_20261008_02,0,candidate,50,1,10,49,49.47200044989586
topk,q1_topk_bench_20261008_02,0,baseline,50,20,10,0,48.29919934272766
topk,q1_topk_bench_20261008_02,0,baseline,50,20,10,1,48.26560020446777
topk,q1_topk_bench_20261008_02,0,baseline,50,20,10,2,48.28479886054993
topk,q1_topk_bench_20261008_02,0,baseline,50,20,10,3,48.29280078411102
topk,q1_topk_bench_20261008_02,0,baseline,50,20,10,4,48.37920069694519
topk,q1_topk_bench_20261008_02,0,baseline,50,20,10,5,48.26560020446777
topk,q1_topk_bench_20261008_02,0,baseline,50,20,10,6,48.22239875793457
topk,q1_topk_bench_20261008_02,0,baseline,50,20,10,7,48.3024001121521
topk,q1_topk_bench_20261008_02,0,baseline,50,20,10,8,48.286399245262146
topk,q1_topk_bench_20261008_02,0,baseline,50,20,10,9,48.27519953250885
topk,q1_topk_bench_20261008_02,0,baseline,50,20,10,10,48.30879867076874
topk,q1_topk_bench_20261008_02,0,baseline,50,20,10,11,48.31039905548096
topk,q1_topk_bench_20261008_02,0,baseline,50,20,10,12,48.28479886054993
topk,q1_topk_bench_20261008_02,0,baseline,50,20,10,13,48.31039905548096
topk,q1_topk_bench_20261008_02,0,baseline,50,20,10,14,48.33759963512421
topk,q1_topk_bench_20261008_02,0,baseline,50,20,10,15,48.311999440193176
topk,q1_topk_bench_20261008_02,0,baseline,50,20,10,16,48.291200399398804
topk,q1_topk_bench_20261008_02,0,baseline,50,20,10,17,48.339200019836426
topk,q1_topk_bench_20261008_02,0,baseline,50,20,10,18,48.32319915294647
topk,q1_topk_bench_20261008_02,0,baseline,50,20,10,19,48.3024001121521
topk,q1_topk_bench_20261008_02,0,baseline,50,20,10,20,48.33599925041199
topk,q1_topk_bench_20261008_02,0,baseline,50,20,10,21,48.27840030193329
topk,q1_topk_bench_20261008_02,0,baseline,50,20,10,22,48.233601450920105
topk,q1_topk_bench_20261008_02,0,baseline,50,20,10,23,48.35360050201416
topk,q1_topk_bench_20261008_02,0,baseline,50,20,10,24,48.24320077896118
topk,q1_topk_bench_20261008_02,0,baseline,50,20,10,25,48.291200399398804
topk,q1_topk_bench_20261008_02,0,baseline,50,20,10,26,48.29599857330322
topk,q1_topk_bench_20261008_02,0,baseline,50,20,10,27,48.27679991722107
topk,q1_topk_bench_20261008_02,0,baseline,50,20,10,28,48.29599857330322
topk,q1_topk_bench_20261008_02,0,baseline,50,20,10,29,48.34400117397308
topk,q1_topk_bench_20261008_02,0,baseline,50,20,10,30,48.27840030193329
topk,q1_topk_bench_20261008_02,0,baseline,50,20,10,31,48.3024001121521
topk,q1_topk_bench_20261008_02,0,baseline,50,20,10,32,48.371198773384094
topk,q1_topk_bench_20261008_02,0,baseline,50,20,10,33,48.257601261138916
topk,q1_topk_bench_20261008_02,0,baseline,50,20,10,34,48.2448011636734
topk,q1_topk_bench_20261008_02,0,baseline,50,20,10,35,48.32960069179535
topk,q1_topk_bench_20261008_02,0,baseline,50,20,10,36,48.3024001121521
topk,q1_topk_bench_20261008_02,0,baseline,50,20,10,37,48.313599824905396
topk,q1_topk_bench_20261008_02,0,baseline,50,20,10,38,48.32800030708313
topk,q1_topk_bench_20261008_02,0,baseline,50,20,10,39,48.31039905548096
topk,q1_topk_bench_20261008_02,0,baseline,50,20,10,40,48.24959933757782
topk,q1_topk_bench_20261008_02,0,baseline,50,20,10,41,48.27359914779663
topk,q1_topk_bench_20261008_02,0,baseline,50,20,10,42,48.340800404548645
topk,q1_topk_bench_20261008_02,0,baseline,50,20,10,43,48.211199045181274
topk,q1_topk_bench_20261008_02,0,baseline,50,20,10,44,48.28479886054993
topk,q1_topk_bench_20261008_02,0,baseline,50,20,10,45,48.27840030193329
topk,q1_topk_bench_20261008_02,0,baseline,50,20,10,46,48.28160107135773
topk,q1_topk_bench_20261008_02,0,baseline,50,20,10,47,48.21760058403015
topk,q1_topk_bench_20261008_02,0,baseline,50,20,10,48,48.24320077896118
topk,q1_topk_bench_20261008_02,0,baseline,50,20,10,49,48.29919934272766
topk,q1_topk_bench_20261008_02,0,candidate,50,20,10,0,46.220800280570984
topk,q1_topk_bench_20261008_02,0,candidate,50,20,10,1,46.139198541641235
topk,q1_topk_bench_20261008_02,0,candidate,50,20,10,2,46.28159999847412
topk,q1_topk_bench_20261008_02,0,candidate,50,20,10,3,46.115198731422424
topk,q1_topk_bench_20261008_02,0,candidate,50,20,10,4,46.21120095252991
topk,q1_topk_bench_20261008_02,0,candidate,50,20,10,5,46.166399121284485
topk,q1_topk_bench_20261008_02,0,candidate,50,20,10,6,46.20479941368103
topk,q1_topk_bench_20261008_02,0,candidate,50,20,10,7,46.163201332092285
topk,q1_topk_bench_20261008_02,0,candidate,50,20,10,8,46.1760014295578
topk,q1_topk_bench_20261008_02,0,candidate,50,20,10,9,46.14560008049011
topk,q1_topk_bench_20261008_02,0,candidate,50,20,10,10,46.22719883918762
topk,q1_topk_bench_20261008_02,0,candidate,50,20,10,11,46.15040123462677
topk,q1_topk_bench_20261008_02,0,candidate,50,20,10,12,46.17919921875
topk,q1_topk_bench_20261008_02,0,candidate,50,20,10,13,46.23680114746094
topk,q1_topk_bench_20261008_02,0,candidate,50,20,10,14,46.24800086021423
topk,q1_topk_bench_20261008_02,0,candidate,50,20,10,15,46.244800090789795
topk,q1_topk_bench_20261008_02,0,candidate,50,20,10,16,46.26240134239197
topk,q1_topk_bench_20261008_02,0,candidate,50,20,10,17,46.167999505996704
topk,q1_topk_bench_20261008_02,0,candidate,50,20,10,18,46.243199706077576
topk,q1_topk_bench_20261008_02,0,candidate,50,20,10,19,46.14560008049011
topk,q1_topk_bench_20261008_02,0,candidate,50,20,10,20,46.10559940338135
topk,q1_topk_bench_20261008_02,0,candidate,50,20,10,21,46.25439941883087
topk,q1_topk_bench_20261008_02,0,candidate,50,20,10,22,46.191999316215515
topk,q1_topk_bench_20261008_02,0,candidate,50,20,10,23,46.14399969577789
topk,q1_topk_bench_20261008_02,0,candidate,50,20,10,24,46.164798736572266
topk,q1_topk_bench_20261008_02,0,candidate,50,20,10,25,46.21439874172211
topk,q1_topk_bench_20261008_02,0,candidate,50,20,10,26,46.27839922904968
topk,q1_topk_bench_20261008_02,0,candidate,50,20,10,27,46.25439941883087
topk,q1_topk_bench_20261008_02,0,candidate,50,20,10,28,46.16959989070892
topk,q1_topk_bench_20261008_02,0,candidate,50,20,10,29,46.10399901866913
topk,q1_topk_bench_20261008_02,0,candidate,50,20,10,30,46.167999505996704
topk,q1_topk_bench_20261008_02,0,candidate,50,20,10,31,46.083199977874756
topk,q1_topk_bench_20261008_02,0,candidate,50,20,10,32,46.15199863910675
topk,q1_topk_bench_20261008_02,0,candidate,50,20,10,33,46.296000480651855
topk,q1_topk_bench_20261008_02,0,candidate,50,20,10,34,46.161600947380066
topk,q1_topk_bench_20261008_02,0,candidate,50,20,10,35,46.18239998817444
topk,q1_topk_bench_20261008_02,0,candidate,50,20,10,36,46.20479941368103
topk,q1_topk_bench_20261008_02,0,candidate,50,20,10,37,46.18560075759888
topk,q1_topk_bench_20261008_02,0,candidate,50,20,10,38,46.140798926353455
topk,q1_topk_bench_20261008_02,0,candidate,50,20,10,39,46.163201332092285
topk,q1_topk_bench_20261008_02,0,candidate,50,20,10,40,46.2224006652832
topk,q1_topk_bench_20261008_02,0,candidate,50,20,10,41,46.112000942230225
topk,q1_topk_bench_20261008_02,0,candidate,50,20,10,42,46.15519940853119
topk,q1_topk_bench_20261008_02,0,candidate,50,20,10,43,46.246400475502014
topk,q1_topk_bench_20261008_02,0,candidate,50,20,10,44,46.115198731422424
topk,q1_topk_bench_20261008_02,0,candidate,50,20,10,45,46.219199895858765
topk,q1_topk_bench_20261008_02,0,candidate,50,20,10,46,46.19680047035217
topk,q1_topk_bench_20261008_02,0,candidate,50,20,10,47,46.167999505996704
topk,q1_topk_bench_20261008_02,0,candidate,50,20,10,48,46.31519913673401
topk,q1_topk_bench_20261008_02,0,candidate,50,20,10,49,46.20000123977661
topk,q1_topk_bench_20261008_02,1,baseline,50,1,10,0,52.99200117588043
topk,q1_topk_bench_20261008_02,1,baseline,50,1,10,1,51.35999992489815
topk,q1_topk_bench_20261008_02,1,baseline,50,1,10,2,51.263999193906784
topk,q1_topk_bench_20261008_02,1,baseline,50,1,10,3,51.16799846291542
topk,q1_topk_bench_20261008_02,1,baseline,50,1,10,4,52.06400156021118
topk,q1_topk_bench_20261008_02,1,baseline,50,1,10,5,51.61599814891815
topk,q1_topk_bench_20261008_02,1,baseline,50,1,10,6,51.552001386880875
topk,q1_topk_bench_20261008_02,1,baseline,50,1,10,7,51.80799961090088
topk,q1_topk_bench_20261008_02,1,baseline,50,1,10,8,51.80799961090088
topk,q1_topk_bench_20261008_02,1,baseline,50,1,10,9,57.920001447200775
topk,q1_topk_bench_20261008_02,1,baseline,50,1,10,10,51.67999863624573
topk,q1_topk_bench_20261008_02,1,baseline,50,1,10,11,51.64799839258194
topk,q1_topk_bench_20261008_02,1,baseline,50,1,10,12,51.711998879909515
topk,q1_topk_bench_20261008_02,1,baseline,50,1,10,13,51.80799961090088
topk,q1_topk_bench_20261008_02,1,baseline,50,1,10,14,51.77599936723709
topk,q1_topk_bench_20261008_02,1,baseline,50,1,10,15,51.90400034189224
topk,q1_topk_bench_20261008_02,1,baseline,50,1,10,16,51.83999985456467
topk,q1_topk_bench_20261008_02,1,baseline,50,1,10,17,52.06400156021118
topk,q1_topk_bench_20261008_02,1,baseline,50,1,10,18,51.90400034189224
topk,q1_topk_bench_20261008_02,1,baseline,50,1,10,19,51.80799961090088
topk,q1_topk_bench_20261008_02,1,baseline,50,1,10,20,51.35999992489815
topk,q1_topk_bench_20261008_02,1,baseline,50,1,10,21,51.19999870657921
topk,q1_topk_bench_20261008_02,1,baseline,50,1,10,22,51.77599936723709
topk,q1_topk_bench_20261008_02,1,baseline,50,1,10,23,51.4880008995533
topk,q1_topk_bench_20261008_02,1,baseline,50,1,10,24,51.90400034189224
topk,q1_topk_bench_20261008_02,1,baseline,50,1,10,25,51.231998950242996
topk,q1_topk_bench_20261008_02,1,baseline,50,1,10,26,51.67999863624573
topk,q1_topk_bench_20261008_02,1,baseline,50,1,10,27,51.29599943757057
topk,q1_topk_bench_20261008_02,1,baseline,50,1,10,28,51.93600058555603
topk,q1_topk_bench_20261008_02,1,baseline,50,1,10,29,52.319999784231186
topk,q1_topk_bench_20261008_02,1,baseline,50,1,10,30,52.12799832224846
topk,q1_topk_bench_20261008_02,1,baseline,50,1,10,31,51.58400163054466
topk,q1_topk_bench_20261008_02,1,baseline,50,1,10,32,51.42400041222572
topk,q1_topk_bench_20261008_02,1,baseline,50,1,10,33,51.711998879909515
topk,q1_topk_bench_20261008_02,1,baseline,50,1,10,34,51.80799961090088
topk,q1_topk_bench_20261008_02,1,baseline,50,1,10,35,51.67999863624573
topk,q1_topk_bench_20261008_02,1,baseline,50,1,10,36,51.7439991235733
topk,q1_topk_bench_20261008_02,1,baseline,50,1,10,37,51.4880008995533
topk,q1_topk_bench_20261008_02,1,baseline,50,1,10,38,51.32799968123436
topk,q1_topk_bench_20261008_02,1,baseline,50,1,10,39,51.231998950242996
topk,q1_topk_bench_20261008_02,1,baseline,50,1,10,40,51.29599943757057
topk,q1_topk_bench_20261008_02,1,baseline,50,1,10,41,50.944000482559204
topk,q1_topk_bench_20261008_02,1,baseline,50,1,10,42,51.64799839258194
topk,q1_topk_bench_20261008_02,1,baseline,50,1,10,43,51.872000098228455
topk,q1_topk_bench_20261008_02,1,baseline,50,1,10,44,51.552001386880875
topk,q1_topk_bench_20261008_02,1,baseline,50,1,10,45,51.80799961090088
topk,q1_topk_bench_20261008_02,1,baseline,50,1,10,46,51.45600065588951
topk,q1_topk_bench_20261008_02,1,baseline,50,1,10,47,51.32799968123436
topk,q1_topk_bench_20261008_02,1,baseline,50,1,10,48,51.552001386880875
topk,q1_topk_bench_20261008_02,1,baseline,50,1,10,49,51.90400034189224
topk,q1_topk_bench_20261008_02,1,candidate,50,1,10,0,49.72799867391586
topk,q1_topk_bench_20261008_02,1,candidate,50,1,10,1,49.50400069355965
topk,q1_topk_bench_20261008_02,1,candidate,50,1,10,2,49.6320016682148
topk,q1_topk_bench_20261008_02,1,candidate,50,1,10,3,49.56800118088722
topk,q1_topk_bench_20261008_02,1,candidate,50,1,10,4,49.855999648571014
topk,q1_topk_bench_20261008_02,1,candidate,50,1,10,5,49.984000623226166
topk,q1_topk_bench_20261008_02,1,candidate,50,1,10,6,49.50400069355965
topk,q1_topk_bench_20261008_02,1,candidate,50,1,10,7,49.82399940490723
topk,q1_topk_bench_20261008_02,1,candidate,50,1,10,8,50.144001841545105
topk,q1_topk_bench_20261008_02,1,candidate,50,1,10,9,49.536000937223434
topk,q1_topk_bench_20261008_02,1,candidate,50,1,10,10,49.855999648571014
topk,q1_topk_bench_20261008_02,1,candidate,50,1,10,11,49.536000937223434
topk,q1_topk_bench_20261008_02,1,candidate,50,1,10,12,49.72799867391586
topk,q1_topk_bench_20261008_02,1,candidate,50,1,10,13,49.60000142455101
topk,q1_topk_bench_20261008_02,1,candidate,50,1,10,14,49.695998430252075
topk,q1_topk_bench_20261008_02,1,candidate,50,1,10,15,49.12000149488449
topk,q1_topk_bench_20261008_02,1,candidate,50,1,10,16,49.72799867391586
topk,q1_topk_bench_20261008_02,1,candidate,50,1,10,17,49.95200037956238
topk,q1_topk_bench_20261008_02,1,candidate,50,1,10,18,49.18399825692177
topk,q1_topk_bench_20261008_02,1,candidate,50,1,10,19,49.72799867391586
topk,q1_topk_bench_20261008_02,1,candidate,50,1,10,20,49.984000623226166
topk,q1_topk_bench_20261008_02,1,candidate,50,1,10,21,49.66399818658829
topk,q1_topk_bench_20261008_02,1,candidate,50,1,10,22,49.79199916124344
topk,q1_topk_bench_20261008_02,1,candidate,50,1,10,23,49.31199923157692
topk,q1_topk_bench_20261008_02,1,candidate,50,1,10,24,49.72799867391586
topk,q1_topk_bench_20261008_02,1,candidate,50,1,10,25,49.79199916124344
topk,q1_topk_bench_20261008_02,1,candidate,50,1,10,26,49.72799867391586
topk,q1_topk_bench_20261008_02,1,candidate,50,1,10,27,50.23999884724617
topk,q1_topk_bench_20261008_02,1,candidate,50,1,10,28,49.56800118088722
topk,q1_topk_bench_20261008_02,1,candidate,50,1,10,29,49.82399940490723
topk,q1_topk_bench_20261008_02,1,candidate,50,1,10,30,49.375999718904495
topk,q1_topk_bench_20261008_02,1,candidate,50,1,10,31,50.08000135421753
topk,q1_topk_bench_20261008_02,1,candidate,50,1,10,32,48.96000027656555
topk,q1_topk_bench_20261008_02,1,candidate,50,1,10,33,49.27999898791313
topk,q1_topk_bench_20261008_02,1,candidate,50,1,10,34,49.44000020623207
topk,q1_topk_bench_20261008_02,1,candidate,50,1,10,35,49.72799867391586
topk,q1_topk_bench_20261008_02,1,candidate,50,1,10,36,49.215998500585556
topk,q1_topk_bench_20261008_02,1,candidate,50,1,10,37,49.6320016682148
topk,q1_topk_bench_20261008_02,1,candidate,50,1,10,38,50.04800111055374
topk,q1_topk_bench_20261008_02,1,candidate,50,1,10,39,49.15200173854828
topk,q1_topk_bench_20261008_02,1,candidate,50,1,10,40,49.536000937223434
topk,q1_topk_bench_20261008_02,1,candidate,50,1,10,41,48.96000027656555
topk,q1_topk_bench_20261008_02,1,candidate,50,1,10,42,49.75999891757965
topk,q1_topk_bench_20261008_02,1,candidate,50,1,10,43,49.50400069355965
topk,q1_topk_bench_20261008_02,1,candidate,50,1,10,44,49.855999648571014
topk,q1_topk_bench_20261008_02,1,candidate,50,1,10,45,49.50400069355965
topk,q1_topk_bench_20261008_02,1,candidate,50,1,10,46,49.66399818658829
topk,q1_topk_bench_20261008_02,1,candidate,50,1,10,47,49.47200044989586
topk,q1_topk_bench_20261008_02,1,candidate,50,1,10,48,50.04800111055374
topk,q1_topk_bench_20261008_02,1,candidate,50,1,10,49,49.75999891757965
topk,q1_topk_bench_20261008_02,1,baseline,50,20,10,0,48.29280078411102
topk,q1_topk_bench_20261008_02,1,baseline,50,20,10,1,48.43359887599945
topk,q1_topk_bench_20261008_02,1,baseline,50,20,10,2,48.37760031223297
topk,q1_topk_bench_20261008_02,1,baseline,50,20,10,3,48.30560088157654
topk,q1_topk_bench_20261008_02,1,baseline,50,20,10,4,48.38880002498627
topk,q1_topk_bench_20261008_02,1,baseline,50,20,10,5,48.30400049686432
topk,q1_topk_bench_20261008_02,1,baseline,50,20,10,6,48.36319983005524
topk,q1_topk_bench_20261008_02,1,baseline,50,20,10,7,48.423999547958374
topk,q1_topk_bench_20261008_02,1,baseline,50,20,10,8,48.47840070724487
topk,q1_topk_bench_20261008_02,1,baseline,50,20,10,9,48.364800214767456
topk,q1_topk_bench_20261008_02,1,baseline,50,20,10,10,48.289600014686584
topk,q1_topk_bench_20261008_02,1,baseline,50,20,10,11,48.396798968315125
topk,q1_topk_bench_20261008_02,1,baseline,50,20,10,12,48.345598578453064
topk,q1_topk_bench_20261008_02,1,baseline,50,20,10,13,48.41119945049286
topk,q1_topk_bench_20261008_02,1,baseline,50,20,10,14,48.40480089187622
topk,q1_topk_bench_20261008_02,1,baseline,50,20,10,15,48.37279915809631
topk,q1_topk_bench_20261008_02,1,baseline,50,20,10,16,48.420798778533936
topk,q1_topk_bench_20261008_02,1,baseline,50,20,10,17,48.31840097904205
topk,q1_topk_bench_20261008_02,1,baseline,50,20,10,18,48.40480089187622
topk,q1_topk_bench_20261008_02,1,baseline,50,20,10,19,48.40959906578064
topk,q1_topk_bench_20261008_02,1,baseline,50,20,10,20,48.392000794410706
topk,q1_topk_bench_20261008_02,1,baseline,50,20,10,21,48.28479886054993
topk,q1_topk_bench_20261008_02,1,baseline,50,20,10,22,48.59359860420227
topk,q1_topk_bench_20261008_02,1,baseline,50,20,10,23,48.339200019836426
topk,q1_topk_bench_20261008_02,1,baseline,50,20,10,24,48.41119945049286
topk,q1_topk_bench_20261008_02,1,baseline,50,20,10,25,48.420798778533936
topk,q1_topk_bench_20261008_02,1,baseline,50,20,10,26,48.369601368904114
topk,q1_topk_bench_20261008_02,1,baseline,50,20,10,27,48.33280146121979
topk,q1_topk_bench_20261008_02,1,baseline,50,20,10,28,48.32000136375427
topk,q1_topk_bench_20261008_02,1,baseline,50,20,10,29,48.37760031223297
topk,q1_topk_bench_20261008_02,1,baseline,50,20,10,30,48.443201184272766
topk,q1_topk_bench_20261008_02,1,baseline,50,20,10,31,48.393601179122925
topk,q1_topk_bench_20261008_02,1,baseline,50,20,10,32,48.51840138435364
topk,q1_topk_bench_20261008_02,1,baseline,50,20,10,33,48.33120107650757
topk,q1_topk_bench_20261008_02,1,baseline,50,20,10,34,48.37920069694519
topk,q1_topk_bench_20261008_02,1,baseline,50,20,10,35,48.40480089187622
topk,q1_topk_bench_20261008_02,1,baseline,50,20,10,36,48.364800214767456
topk,q1_topk_bench_20261008_02,1,baseline,50,20,10,37,48.41600060462952
topk,q1_topk_bench_20261008_02,1,baseline,50,20,10,38,48.3568012714386
topk,q1_topk_bench_20261008_02,1,baseline,50,20,10,39,48.38719964027405
topk,q1_topk_bench_20261008_02,1,baseline,50,20,10,40,48.42880070209503
topk,q1_topk_bench_20261008_02,1,baseline,50,20,10,41,48.443201184272766
topk,q1_topk_bench_20261008_02,1,baseline,50,20,10,42,48.29919934272766
topk,q1_topk_bench_20261008_02,1,baseline,50,20,10,43,48.30400049686432
topk,q1_topk_bench_20261008_02,1,baseline,50,20,10,44,48.38719964027405
topk,q1_topk_bench_20261008_02,1,baseline,50,20,10,45,48.43040108680725
topk,q1_topk_bench_20261008_02,1,baseline,50,20,10,46,48.340800404548645
topk,q1_topk_bench_20261008_02,1,baseline,50,20,10,47,48.32319915294647
topk,q1_topk_bench_20261008_02,1,baseline,50,20,10,48,48.393601179122925
topk,q1_topk_bench_20261008_02,1,baseline,50,20,10,49,48.398399353027344
topk,q1_topk_bench_20261008_02,1,candidate,50,20,10,0,46.2336003780365
topk,q1_topk_bench_20261008_02,1,candidate,50,20,10,1,46.30880057811737
topk,q1_topk_bench_20261008_02,1,candidate,50,20,10,2,46.297600865364075
topk,q1_topk_bench_20261008_02,1,candidate,50,20,10,3,46.26240134239197
topk,q1_topk_bench_20261008_02,1,candidate,50,20,10,4,46.30880057811737
topk,q1_topk_bench_20261008_02,1,candidate,50,20,10,5,46.36000096797943
topk,q1_topk_bench_20261008_02,1,candidate,50,20,10,6,46.323201060295105
topk,q1_topk_bench_20261008_02,1,candidate,50,20,10,7,46.28480076789856
topk,q1_topk_bench_20261008_02,1,candidate,50,20,10,8,46.23839855194092
topk,q1_topk_bench_20261008_02,1,candidate,50,20,10,9,46.23680114746094
topk,q1_topk_bench_20261008_02,1,candidate,50,20,10,10,46.26399874687195
topk,q1_topk_bench_20261008_02,1,candidate,50,20,10,11,46.302399039268494
topk,q1_topk_bench_20261008_02,1,candidate,50,20,10,12,46.33280038833618
topk,q1_topk_bench_20261008_02,1,candidate,50,20,10,13,46.302399039268494
topk,q1_topk_bench_20261008_02,1,candidate,50,20,10,14,46.36000096797943
topk,q1_topk_bench_20261008_02,1,candidate,50,20,10,15,46.25920057296753
topk,q1_topk_bench_20261008_02,1,candidate,50,20,10,16,46.377599239349365
topk,q1_topk_bench_20261008_02,1,candidate,50,20,10,17,46.25119864940643
topk,q1_topk_bench_20261008_02,1,candidate,50,20,10,18,46.34239971637726
topk,q1_topk_bench_20261008_02,1,candidate,50,20,10,19,46.28640115261078
topk,q1_topk_bench_20261008_02,1,candidate,50,20,10,20,46.20639979839325
topk,q1_topk_bench_20261008_02,1,candidate,50,20,10,21,46.26399874687195
topk,q1_topk_bench_20261008_02,1,candidate,50,20,10,22,46.372801065444946
topk,q1_topk_bench_20261008_02,1,candidate,50,20,10,23,46.326398849487305
topk,q1_topk_bench_20261008_02,1,candidate,50,20,10,24,46.28959894180298
topk,q1_topk_bench_20261008_02,1,candidate,50,20,10,25,46.25439941883087
topk,q1_topk_bench_20261008_02,1,candidate,50,20,10,26,46.23999893665314
topk,q1_topk_bench_20261008_02,1,candidate,50,20,10,27,46.2911993265152
topk,q1_topk_bench_20261008_02,1,candidate,50,20,10,28,46.26240134239197
topk,q1_topk_bench_20261008_02,1,candidate,50,20,10,29,46.244800090789795
topk,q1_topk_bench_20261008_02,1,candidate,50,20,10,30,46.2799996137619
topk,q1_topk_bench_20261008_02,1,candidate,50,20,10,31,46.321600675582886
topk,q1_topk_bench_20261008_02,1,candidate,50,20,10,32,46.28480076789856
topk,q1_topk_bench_20261008_02,1,candidate,50,20,10,33,46.187201142311096
topk,q1_topk_bench_20261008_02,1,candidate,50,20,10,34,46.33120000362396
topk,q1_topk_bench_20261008_02,1,candidate,50,20,10,35,46.25279903411865
topk,q1_topk_bench_20261008_02,1,candidate,50,20,10,36,46.374401450157166
topk,q1_topk_bench_20261008_02,1,candidate,50,20,10,37,46.36479914188385
topk,q1_topk_bench_20261008_02,1,candidate,50,20,10,38,46.321600675582886
topk,q1_topk_bench_20261008_02,1,candidate,50,20,10,39,46.25920057296753
topk,q1_topk_bench_20261008_02,1,candidate,50,20,10,40,46.33919894695282
topk,q1_topk_bench_20261008_02,1,candidate,50,20,10,41,46.34239971637726
topk,q1_topk_bench_20261008_02,1,candidate,50,20,10,42,46.28159999847412
topk,q1_topk_bench_20261008_02,1,candidate,50,20,10,43,46.297600865364075
topk,q1_topk_bench_20261008_02,1,candidate,50,20,10,44,46.31519913673401
topk,q1_topk_bench_20261008_02,1,candidate,50,20,10,45,46.23839855194092
topk,q1_topk_bench_20261008_02,1,candidate,50,20,10,46,46.294400095939636
topk,q1_topk_bench_20261008_02,1,candidate,50,20,10,47,46.31040096282959
topk,q1_topk_bench_20261008_02,1,candidate,50,20,10,48,46.27679884433746
topk,q1_topk_bench_20261008_02,1,candidate,50,20,10,49,46.32000029087067
topk,q1_topk_bench_20261008_02,2,baseline,50,1,10,0,53.53600159287453
topk,q1_topk_bench_20261008_02,2,baseline,50,1,10,1,59.167999774217606
topk,q1_topk_bench_20261008_02,2,baseline,50,1,10,2,51.263999193906784
topk,q1_topk_bench_20261008_02,2,baseline,50,1,10,3,51.263999193906784
topk,q1_topk_bench_20261008_02,2,baseline,50,1,10,4,51.00800096988678
topk,q1_topk_bench_20261008_02,2,baseline,50,1,10,5,50.912000238895416
topk,q1_topk_bench_20261008_02,2,baseline,50,1,10,6,50.84799975156784
topk,q1_topk_bench_20261008_02,2,baseline,50,1,10,7,51.45600065588951
topk,q1_topk_bench_20261008_02,2,baseline,50,1,10,8,51.00800096988678
topk,q1_topk_bench_20261008_02,2,baseline,50,1,10,9,51.263999193906784
topk,q1_topk_bench_20261008_02,2,baseline,50,1,10,10,50.84799975156784
topk,q1_topk_bench_20261008_02,2,baseline,50,1,10,11,50.97600072622299
topk,q1_topk_bench_20261008_02,2,baseline,50,1,10,12,50.944000482559204
topk,q1_topk_bench_20261008_02,2,baseline,50,1,10,13,51.35999992489815
topk,q1_topk_bench_20261008_02,2,baseline,50,1,10,14,50.97600072622299
topk,q1_topk_bench_20261008_02,2,baseline,50,1,10,15,51.00800096988678
topk,q1_topk_bench_20261008_02,2,baseline,50,1,10,16,51.52000114321709
topk,q1_topk_bench_20261008_02,2,baseline,50,1,10,17,51.072001457214355
topk,q1_topk_bench_20261008_02,2,baseline,50,1,10,18,50.97600072622299
topk,q1_topk_bench_20261008_02,2,baseline,50,1,10,19,51.16799846291542
topk,q1_topk_bench_20261008_02,2,baseline,50,1,10,20,51.29599943757057
topk,q1_topk_bench_20261008_02,2,baseline,50,1,10,21,51.4880008995533
topk,q1_topk_bench_20261008_02,2,baseline,50,1,10,22,50.56000128388405
topk,q1_topk_bench_20261008_02,2,baseline,50,1,10,23,50.87999999523163
topk,q1_topk_bench_20261008_02,2,baseline,50,1,10,24,50.65599828958511
topk,q1_topk_bench_20261008_02,2,baseline,50,1,10,25,50.944000482559204
topk,q1_topk_bench_20261008_02,2,baseline,50,1,10,26,50.65599828958511
topk,q1_topk_bench_20261008_02,2,baseline,50,1,10,27,50.783999264240265
topk,q1_topk_bench_20261008_02,2,baseline,50,1,10,28,59.4559982419014
topk,q1_topk_bench_20261008_02,2,baseline,50,1,10,29,50.75199902057648
topk,q1_topk_bench_20261008_02,2,baseline,50,1,10,30,50.592001527547836
topk,q1_topk_bench_20261008_02,2,baseline,50,1,10,31,50.75199902057648
topk,q1_topk_bench_20261008_02,2,baseline,50,1,10,32,51.711998879909515
topk,q1_topk_bench_20261008_02,2,baseline,50,1,10,33,50.81599950790405
topk,q1_topk_bench_20261008_02,2,baseline,50,1,10,34,50.783999264240265
topk,q1_topk_bench_20261008_02,2,baseline,50,1,10,35,51.263999193906784
topk,q1_topk_bench_20261008_02,2,baseline,50,1,10,36,51.19999870657921
topk,q1_topk_bench_20261008_02,2,baseline,50,1,10,37,51.42400041222572
topk,q1_topk_bench_20261008_02,2,baseline,50,1,10,38,50.81599950790405
topk,q1_topk_bench_20261008_02,2,baseline,50,1,10,39,50.65599828958511
topk,q1_topk_bench_20261008_02,2,baseline,50,1,10,40,51.10400170087814
topk,q1_topk_bench_20261008_02,2,baseline,50,1,10,41,51.13599821925163
topk,q1_topk_bench_20261008_02,2,baseline,50,1,10,42,50.912000238895416
topk,q1_topk_bench_20261008_02,2,baseline,50,1,10,43,50.84799975156784
topk,q1_topk_bench_20261008_02,2,baseline,50,1,10,44,50.97600072622299
topk,q1_topk_bench_20261008_02,2,baseline,50,1,10,45,50.81599950790405
topk,q1_topk_bench_20261008_02,2,baseline,50,1,10,46,51.35999992489815
topk,q1_topk_bench_20261008_02,2,baseline,50,1,10,47,50.944000482559204
topk,q1_topk_bench_20261008_02,2,baseline,50,1,10,48,52.51200124621391
topk,q1_topk_bench_20261008_02,2,baseline,50,1,10,49,50.592001527547836
topk,q1_topk_bench_20261008_02,2,candidate,50,1,10,0,50.175998359918594
topk,q1_topk_bench_20261008_02,2,candidate,50,1,10,1,49.44000020623207
topk,q1_topk_bench_20261008_02,2,candidate,50,1,10,2,49.72799867391586
topk,q1_topk_bench_20261008_02,2,candidate,50,1,10,3,49.44000020623207
topk,q1_topk_bench_20261008_02,2,candidate,50,1,10,4,49.247998744249344
topk,q1_topk_bench_20261008_02,2,candidate,50,1,10,5,49.247998744249344
topk,q1_topk_bench_20261008_02,2,candidate,50,1,10,6,49.0880012512207
topk,q1_topk_bench_20261008_02,2,candidate,50,1,10,7,49.247998744249344
topk,q1_topk_bench_20261008_02,2,candidate,50,1,10,8,49.12000149488449
topk,q1_topk_bench_20261008_02,2,candidate,50,1,10,9,48.96000027656555
topk,q1_topk_bench_20261008_02,2,candidate,50,1,10,10,49.0880012512207
topk,q1_topk_bench_20261008_02,2,candidate,50,1,10,11,49.536000937223434
topk,q1_topk_bench_20261008_02,2,candidate,50,1,10,12,49.60000142455101
topk,q1_topk_bench_20261008_02,2,candidate,50,1,10,13,49.695998430252075
topk,q1_topk_bench_20261008_02,2,candidate,50,1,10,14,49.0880012512207
topk,q1_topk_bench_20261008_02,2,candidate,50,1,10,15,49.27999898791313
topk,q1_topk_bench_20261008_02,2,candidate,50,1,10,16,49.40799996256828
topk,q1_topk_bench_20261008_02,2,candidate,50,1,10,17,49.27999898791313
topk,q1_topk_bench_20261008_02,2,candidate,50,1,10,18,48.8319993019104
topk,q1_topk_bench_20261008_02,2,candidate,50,1,10,19,49.18399825692177
topk,q1_topk_bench_20261008_02,2,candidate,50,1,10,20,49.27999898791313
topk,q1_topk_bench_20261008_02,2,candidate,50,1,10,21,49.50400069355965
topk,q1_topk_bench_20261008_02,2,candidate,50,1,10,22,49.27999898791313
topk,q1_topk_bench_20261008_02,2,candidate,50,1,10,23,49.40799996256828
topk,q1_topk_bench_20261008_02,2,candidate,50,1,10,24,49.47200044989586
topk,q1_topk_bench_20261008_02,2,candidate,50,1,10,25,49.31199923157692
topk,q1_topk_bench_20261008_02,2,candidate,50,1,10,26,48.99200052022934
topk,q1_topk_bench_20261008_02,2,candidate,50,1,10,27,49.6320016682148
topk,q1_topk_bench_20261008_02,2,candidate,50,1,10,28,48.99200052022934
topk,q1_topk_bench_20261008_02,2,candidate,50,1,10,29,49.44000020623207
topk,q1_topk_bench_20261008_02,2,candidate,50,1,10,30,49.18399825692177
topk,q1_topk_bench_20261008_02,2,candidate,50,1,10,31,49.536000937223434
topk,q1_topk_bench_20261008_02,2,candidate,50,1,10,32,49.375999718904495
topk,q1_topk_bench_20261008_02,2,candidate,50,1,10,33,49.375999718904495
topk,q1_topk_bench_20261008_02,2,candidate,50,1,10,34,49.12000149488449
topk,q1_topk_bench_20261008_02,2,candidate,50,1,10,35,49.6320016682148
topk,q1_topk_bench_20261008_02,2,candidate,50,1,10,36,49.536000937223434
topk,q1_topk_bench_20261008_02,2,candidate,50,1,10,37,49.056001007556915
topk,q1_topk_bench_20261008_02,2,candidate,50,1,10,38,49.536000937223434
topk,q1_topk_bench_20261008_02,2,candidate,50,1,10,39,48.79999905824661
topk,q1_topk_bench_20261008_02,2,candidate,50,1,10,40,48.8319993019104
topk,q1_topk_bench_20261008_02,2,candidate,50,1,10,41,48.99200052022934
topk,q1_topk_bench_20261008_02,2,candidate,50,1,10,42,49.47200044989586
topk,q1_topk_bench_20261008_02,2,candidate,50,1,10,43,49.536000937223434
topk,q1_topk_bench_20261008_02,2,candidate,50,1,10,44,49.247998744249344
topk,q1_topk_bench_20261008_02,2,candidate,50,1,10,45,49.18399825692177
topk,q1_topk_bench_20261008_02,2,candidate,50,1,10,46,49.12000149488449
topk,q1_topk_bench_20261008_02,2,candidate,50,1,10,47,49.40799996256828
topk,q1_topk_bench_20261008_02,2,candidate,50,1,10,48,49.47200044989586
topk,q1_topk_bench_20261008_02,2,candidate,50,1,10,49,49.12000149488449
topk,q1_topk_bench_20261008_02,2,baseline,50,20,10,0,47.756800055503845
topk,q1_topk_bench_20261008_02,2,baseline,50,20,10,1,47.80479967594147
topk,q1_topk_bench_20261008_02,2,baseline,50,20,10,2,47.73600101470947
topk,q1_topk_bench_20261008_02,2,baseline,50,20,10,3,47.75359928607941
topk,q1_topk_bench_20261008_02,2,baseline,50,20,10,4,47.811201214790344
topk,q1_topk_bench_20261008_02,2,baseline,50,20,10,5,47.80640006065369
topk,q1_topk_bench_20261008_02,2,baseline,50,20,10,6,47.811201214790344
topk,q1_topk_bench_20261008_02,2,baseline,50,20,10,7,47.812798619270325
topk,q1_topk_bench_20261008_02,2,baseline,50,20,10,8,47.7616012096405
topk,q1_topk_bench_20261008_02,2,baseline,50,20,10,9,47.82719910144806
topk,q1_topk_bench_20261008_02,2,baseline,50,20,10,10,47.82240092754364
topk,q1_topk_bench_20261008_02,2,baseline,50,20,10,11,47.839999198913574
topk,q1_topk_bench_20261008_02,2,baseline,50,20,10,12,47.79999852180481
topk,q1_topk_bench_20261008_02,2,baseline,50,20,10,13,47.79520034790039
topk,q1_topk_bench_20261008_02,2,baseline,50,20,10,14,47.79840111732483
topk,q1_topk_bench_20261008_02,2,baseline,50,20,10,15,47.76639938354492
topk,q1_topk_bench_20261008_02,2,baseline,50,20,10,16,47.784000635147095
topk,q1_topk_bench_20261008_02,2,baseline,50,20,10,17,47.809600830078125
topk,q1_topk_bench_20261008_02,2,baseline,50,20,10,18,47.788798809051514
topk,q1_topk_bench_20261008_02,2,baseline,50,20,10,19,47.79680073261261
topk,q1_topk_bench_20261008_02,2,baseline,50,20,10,20,47.74399995803833
topk,q1_topk_bench_20261008_02,2,baseline,50,20,10,21,47.79840111732483
topk,q1_topk_bench_20261008_02,2,baseline,50,20,10,22,47.84319996833801
topk,q1_topk_bench_20261008_02,2,baseline,50,20,10,23,47.75199890136719
topk,q1_topk_bench_20261008_02,2,baseline,50,20,10,24,47.77919948101044
topk,q1_topk_bench_20261008_02,2,baseline,50,20,10,25,47.74720072746277
topk,q1_topk_bench_20261008_02,2,baseline,50,20,10,26,47.87040054798126
topk,q1_topk_bench_20261008_02,2,baseline,50,20,10,27,47.80640006065369
topk,q1_topk_bench_20261008_02,2,baseline,50,20,10,28,47.69600033760071
topk,q1_topk_bench_20261008_02,2,baseline,50,20,10,29,47.809600830078125
topk,q1_topk_bench_20261008_02,2,baseline,50,20,10,30,48.233601450920105
topk,q1_topk_bench_20261008_02,2,baseline,50,20,10,31,47.780799865722656
topk,q1_topk_bench_20261008_02,2,baseline,50,20,10,32,47.69760072231293
topk,q1_topk_bench_20261008_02,2,baseline,50,20,10,33,47.84640073776245
topk,q1_topk_bench_20261008_02,2,baseline,50,20,10,34,47.833600640296936
topk,q1_topk_bench_20261008_02,2,baseline,50,20,10,35,47.76960015296936
topk,q1_topk_bench_20261008_02,2,baseline,50,20,10,36,47.732800245285034
topk,q1_topk_bench_20261008_02,2,baseline,50,20,10,37,47.85439968109131
topk,q1_topk_bench_20261008_02,2,baseline,50,20,10,38,47.780799865722656
topk,q1_topk_bench_20261008_02,2,baseline,50,20,10,39,47.77440130710602
topk,q1_topk_bench_20261008_02,2,baseline,50,20,10,40,47.85279929637909
topk,q1_topk_bench_20261008_02,2,baseline,50,20,10,41,47.780799865722656
topk,q1_topk_bench_20261008_02,2,baseline,50,20,10,42,47.808000445365906
topk,q1_topk_bench_20261008_02,2,baseline,50,20,10,43,47.69600033760071
topk,q1_topk_bench_20261008_02,2,baseline,50,20,10,44,47.785601019859314
topk,q1_topk_bench_20261008_02,2,baseline,50,20,10,45,47.81759977340698
topk,q1_topk_bench_20261008_02,2,baseline,50,20,10,46,47.814399003982544
topk,q1_topk_bench_20261008_02,2,baseline,50,20,10,47,47.85600006580353
topk,q1_topk_bench_20261008_02,2,baseline,50,20,10,48,47.79359996318817
topk,q1_topk_bench_20261008_02,2,baseline,50,20,10,49,47.85600006580353
topk,q1_topk_bench_20261008_02,2,candidate,50,20,10,0,45.924800634384155
topk,q1_topk_bench_20261008_02,2,candidate,50,20,10,1,45.816001296043396
topk,q1_topk_bench_20261008_02,2,candidate,50,20,10,2,45.982399582862854
topk,q1_topk_bench_20261008_02,2,candidate,50,20,10,3,45.86560130119324
topk,q1_topk_bench_20261008_02,2,candidate,50,20,10,4,46.04159891605377
topk,q1_topk_bench_20261008_02,2,candidate,50,20,10,5,45.980799198150635
topk,q1_topk_bench_20261008_02,2,candidate,50,20,10,6,45.99519968032837
topk,q1_topk_bench_20261008_02,2,candidate,50,20,10,7,45.980799198150635
topk,q1_topk_bench_20261008_02,2,candidate,50,20,10,8,45.91679871082306
topk,q1_topk_bench_20261008_02,2,candidate,50,20,10,9,45.85599899291992
topk,q1_topk_bench_20261008_02,2,candidate,50,20,10,10,46.083199977874756
topk,q1_topk_bench_20261008_02,2,candidate,50,20,10,11,45.96959948539734
topk,q1_topk_bench_20261008_02,2,candidate,50,20,10,12,46.02240025997162
topk,q1_topk_bench_20261008_02,2,candidate,50,20,10,13,45.903998613357544
topk,q1_topk_bench_20261008_02,2,candidate,50,20,10,14,46.10080122947693
topk,q1_topk_bench_20261008_02,2,candidate,50,20,10,15,45.977601408958435
topk,q1_topk_bench_20261008_02,2,candidate,50,20,10,16,45.98880112171173
topk,q1_topk_bench_20261008_02,2,candidate,50,20,10,17,45.9199994802475
topk,q1_topk_bench_20261008_02,2,candidate,50,20,10,18,45.899200439453125
topk,q1_topk_bench_20261008_02,2,candidate,50,20,10,19,45.84319889545441
topk,q1_topk_bench_20261008_02,2,candidate,50,20,10,20,46.030399203300476
topk,q1_topk_bench_20261008_02,2,candidate,50,20,10,21,45.90240120887756
topk,q1_topk_bench_20261008_02,2,candidate,50,20,10,22,45.95839977264404
topk,q1_topk_bench_20261008_02,2,candidate,50,20,10,23,45.94079852104187
topk,q1_topk_bench_20261008_02,2,candidate,50,20,10,24,45.928001403808594
topk,q1_topk_bench_20261008_02,2,candidate,50,20,10,25,45.99039852619171
topk,q1_topk_bench_20261008_02,2,candidate,50,20,10,26,45.96160054206848
topk,q1_topk_bench_20261008_02,2,candidate,50,20,10,27,45.96799910068512
topk,q1_topk_bench_20261008_02,2,candidate,50,20,10,28,45.94079852104187
topk,q1_topk_bench_20261008_02,2,candidate,50,20,10,29,45.89279890060425
topk,q1_topk_bench_20261008_02,2,candidate,50,20,10,30,45.96959948539734
topk,q1_topk_bench_20261008_02,2,candidate,50,20,10,31,45.91839909553528
topk,q1_topk_bench_20261008_02,2,candidate,50,20,10,32,45.96480131149292
topk,q1_topk_bench_20261008_02,2,candidate,50,20,10,33,45.956799387931824
topk,q1_topk_bench_20261008_02,2,candidate,50,20,10,34,45.80479860305786
topk,q1_topk_bench_20261008_02,2,candidate,50,20,10,35,45.99199891090393
topk,q1_topk_bench_20261008_02,2,candidate,50,20,10,36,45.94399929046631
topk,q1_topk_bench_20261008_02,2,candidate,50,20,10,37,45.952001214027405
topk,q1_topk_bench_20261008_02,2,candidate,50,20,10,38,45.91520130634308
topk,q1_topk_bench_20261008_02,2,candidate,50,20,10,39,45.93920111656189
topk,q1_topk_bench_20261008_02,2,candidate,50,20,10,40,45.97280025482178
topk,q1_topk_bench_20261008_02,2,candidate,50,20,10,41,45.94559967517853
topk,q1_topk_bench_20261008_02,2,candidate,50,20,10,42,45.98720073699951
topk,q1_topk_bench_20261008_02,2,candidate,50,20,10,43,45.98880112171173
topk,q1_topk_bench_20261008_02,2,candidate,50,20,10,44,45.897600054740906
topk,q1_topk_bench_20261008_02,2,candidate,50,20,10,45,45.953598618507385
topk,q1_topk_bench_20261008_02,2,candidate,50,20,10,46,45.974400639534
topk,q1_topk_bench_20261008_02,2,candidate,50,20,10,47,45.924800634384155
topk,q1_topk_bench_20261008_02,2,candidate,50,20,10,48,45.980799198150635
topk,q1_topk_bench_20261008_02,2,candidate,50,20,10,49,45.91360092163086
