run_id,label,nodes,threads_per_node,threads,mib_per_thread,op,median_GBps,best_GBps,min_GBps,mean_GBps,active_working_set_bytes,reps,passes,validation_passed
xeon8558p_20260926_sweep,nodes_0_1_threads_16,"0,1",16,32,128,read,427.947050885,437.592538067,415.623423365,426.1172147968571,4294967296,7,4,True
xeon8558p_20260926_sweep,nodes_0_1_threads_16,"0,1",16,32,128,nt-write,348.249396652,349.363853775,330.497908604,344.938217387,4294967296,7,4,True
xeon8558p_20260926_sweep,nodes_0_1_threads_16,"0,1",16,32,128,nt-copy,361.333664168,367.863897238,349.261709796,360.44728482657143,8589934592,7,4,True
xeon8558p_20260926_sweep,nodes_0_1_threads_16,"0,1",16,32,128,nt-triad,392.212394219,397.55933373,370.867616023,385.8882607231428,12884901888,7,4,True
xeon8558p_20260926_sweep,nodes_0_1_threads_24,"0,1",24,48,128,read,403.180600904,429.530435178,348.658458236,400.42396956557144,6442450944,7,4,True
xeon8558p_20260926_sweep,nodes_0_1_threads_24,"0,1",24,48,128,nt-write,312.329322794,325.605237943,295.999822664,310.17769425800003,6442450944,7,4,True
xeon8558p_20260926_sweep,nodes_0_1_threads_24,"0,1",24,48,128,nt-copy,353.858594512,373.693307699,320.224673764,348.927420229,12884901888,7,4,True
xeon8558p_20260926_sweep,nodes_0_1_threads_24,"0,1",24,48,128,nt-triad,349.73676418,358.581334699,332.051612547,346.63654029814285,19327352832,7,4,True
xeon8558p_20260926_sweep,nodes_0_1_threads_32,"0,1",32,64,128,read,313.165504157,317.441239665,237.387332252,303.06740923214284,8589934592,7,4,True
xeon8558p_20260926_sweep,nodes_0_1_threads_32,"0,1",32,64,128,nt-write,255.093816885,261.612605675,205.651599681,236.48237294585715,8589934592,7,4,True
xeon8558p_20260926_sweep,nodes_0_1_threads_32,"0,1",32,64,128,nt-copy,252.644306453,283.062801549,248.91998505,260.11061867614285,17179869184,7,4,True
xeon8558p_20260926_sweep,nodes_0_1_threads_32,"0,1",32,64,128,nt-triad,269.670010428,294.409435245,262.823940111,274.6091207057143,25769803776,7,4,True
xeon8558p_20260926_sweep,nodes_0_1_threads_48,"0,1",48,96,128,read,227.587716051,237.778237917,183.070511436,211.8457372582857,12884901888,7,4,True
xeon8558p_20260926_sweep,nodes_0_1_threads_48,"0,1",48,96,128,nt-write,164.941618903,168.532457559,139.808928182,159.72087407499998,12884901888,7,4,True
xeon8558p_20260926_sweep,nodes_0_1_threads_48,"0,1",48,96,128,nt-copy,179.388290897,197.316831877,175.113460472,185.29068536157143,25769803776,7,4,True
xeon8558p_20260926_sweep,nodes_0_1_threads_48,"0,1",48,96,128,nt-triad,189.971042414,192.594731249,176.079218125,186.96929237714286,38654705664,7,4,True
xeon8558p_20260926_sweep,nodes_0_1_threads_8,"0,1",8,16,128,read,283.165674891,290.815232821,278.407447968,284.3748593474286,2147483648,7,4,True
xeon8558p_20260926_sweep,nodes_0_1_threads_8,"0,1",8,16,128,nt-write,336.190296257,337.034190868,335.233167084,336.22514093657145,2147483648,7,4,True
xeon8558p_20260926_sweep,nodes_0_1_threads_8,"0,1",8,16,128,nt-copy,305.90351181,307.683183931,302.322031165,305.13231924999997,4294967296,7,4,True
xeon8558p_20260926_sweep,nodes_0_1_threads_8,"0,1",8,16,128,nt-triad,295.529461297,300.598873774,284.397076827,293.48385773228574,6442450944,7,4,True
xeon8558p_20260926_sweep,nodes_0_1_threads_96,"0,1",96,192,128,read,115.401678434,117.060888046,114.986865125,115.72227596057142,25769803776,7,4,True
xeon8558p_20260926_sweep,nodes_0_1_threads_96,"0,1",96,192,128,nt-write,93.167617975,94.962557619,87.96539123,92.34055902042857,25769803776,7,4,True
xeon8558p_20260926_sweep,nodes_0_1_threads_96,"0,1",96,192,128,nt-copy,102.570956027,113.607634794,99.111306229,103.18446295714286,51539607552,7,4,True
xeon8558p_20260926_sweep,nodes_0_1_threads_96,"0,1",96,192,128,nt-triad,106.726373201,114.704582292,104.561292579,109.21822883928571,77309411328,7,4,True
xeon8558p_20260926_sweep,nodes_0_threads_16,0,16,16,128,read,208.737462381,212.353292929,197.332104749,206.664390441,2147483648,7,4,True
xeon8558p_20260926_sweep,nodes_0_threads_16,0,16,16,128,nt-write,194.197692833,194.781791039,185.060790045,192.56602819457143,2147483648,7,4,True
xeon8558p_20260926_sweep,nodes_0_threads_16,0,16,16,128,nt-copy,184.701945715,186.774433716,182.98802283,184.87697537742858,4294967296,7,4,True
xeon8558p_20260926_sweep,nodes_0_threads_16,0,16,16,128,nt-triad,188.646874513,191.651202416,184.7608903,188.19637928114287,6442450944,7,4,True
xeon8558p_20260926_sweep,nodes_0_threads_24,0,24,24,128,read,238.036894915,240.237700364,208.328397649,232.82023537957144,3221225472,7,4,True
xeon8558p_20260926_sweep,nodes_0_threads_24,0,24,24,128,nt-write,189.825094578,192.766318618,177.198357728,187.787594583,3221225472,7,4,True
xeon8558p_20260926_sweep,nodes_0_threads_24,0,24,24,128,nt-copy,196.264850229,200.685528667,195.968683377,197.36130622042856,6442450944,7,4,True
xeon8558p_20260926_sweep,nodes_0_threads_24,0,24,24,128,nt-triad,204.40273803,205.006472487,201.357469985,204.1192082765714,9663676416,7,4,True
xeon8558p_20260926_sweep,nodes_0_threads_32,0,32,32,128,read,221.147166264,224.4130869,218.621947427,221.55713081742857,4294967296,7,4,True
xeon8558p_20260926_sweep,nodes_0_threads_32,0,32,32,128,nt-write,179.487925178,186.264739006,177.92068543,180.4479202587143,4294967296,7,4,True
xeon8558p_20260926_sweep,nodes_0_threads_32,0,32,32,128,nt-copy,194.732164542,197.245250394,192.274582897,194.78889707142858,8589934592,7,4,True
xeon8558p_20260926_sweep,nodes_0_threads_32,0,32,32,128,nt-triad,202.76020263,203.496754642,201.033332499,202.661010414,12884901888,7,4,True
xeon8558p_20260926_sweep,nodes_0_threads_48,0,48,48,128,read,206.125568119,224.114957471,186.632819407,205.676222811,6442450944,7,4,True
xeon8558p_20260926_sweep,nodes_0_threads_48,0,48,48,128,nt-write,173.458529729,180.683298863,162.507016113,173.27104074485715,6442450944,7,4,True
xeon8558p_20260926_sweep,nodes_0_threads_48,0,48,48,128,nt-copy,180.79209415,186.63977467,172.856900841,179.49791566257142,12884901888,7,4,True
xeon8558p_20260926_sweep,nodes_0_threads_48,0,48,48,128,nt-triad,183.859088602,186.805086378,177.222702677,183.1706908987143,19327352832,7,4,True
xeon8558p_20260926_sweep,nodes_0_threads_8,0,8,8,128,read,141.720902012,145.001920131,129.650451809,140.54934034785714,1073741824,7,4,True
xeon8558p_20260926_sweep,nodes_0_threads_8,0,8,8,128,nt-write,185.552193706,186.239487108,174.194718324,182.53169712014287,1073741824,7,4,True
xeon8558p_20260926_sweep,nodes_0_threads_8,0,8,8,128,nt-copy,154.135508589,155.227241746,149.030319795,153.296107626,2147483648,7,4,True
xeon8558p_20260926_sweep,nodes_0_threads_8,0,8,8,128,nt-triad,155.441413734,156.13297051,145.328429162,152.68441223957143,3221225472,7,4,True
xeon8558p_20260926_sweep,nodes_0_threads_96,0,96,96,128,read,107.301679207,121.805052938,105.670866095,110.96946595528571,12884901888,7,4,True
xeon8558p_20260926_sweep,nodes_0_threads_96,0,96,96,128,nt-write,90.943127051,98.16281771,88.162654906,91.99539687814286,12884901888,7,4,True
xeon8558p_20260926_sweep,nodes_0_threads_96,0,96,96,128,nt-copy,94.420430017,99.406194579,93.494021176,95.20366026885715,25769803776,7,4,True
xeon8558p_20260926_sweep,nodes_0_threads_96,0,96,96,128,nt-triad,98.354214276,103.013560181,96.908537615,99.33165601814285,38654705664,7,4,True
xeon8558p_20260926_sweep,nodes_1_threads_16,1,16,16,128,read,189.842770439,200.070741815,181.481860866,189.95265418585714,2147483648,7,4,True
xeon8558p_20260926_sweep,nodes_1_threads_16,1,16,16,128,nt-write,191.493800191,193.486699398,170.744708967,186.012075445,2147483648,7,4,True
xeon8558p_20260926_sweep,nodes_1_threads_16,1,16,16,128,nt-copy,182.66850667,184.314257158,176.469915912,181.26990034714285,4294967296,7,4,True
xeon8558p_20260926_sweep,nodes_1_threads_16,1,16,16,128,nt-triad,189.62580886,190.127247507,188.352176758,189.5012728447143,6442450944,7,4,True
xeon8558p_20260926_sweep,nodes_1_threads_24,1,24,24,128,read,230.61022151,232.212856124,216.762368984,228.8561143057143,3221225472,7,4,True
xeon8558p_20260926_sweep,nodes_1_threads_24,1,24,24,128,nt-write,190.26295172,190.866781468,181.605454994,188.62192559485715,3221225472,7,4,True
xeon8558p_20260926_sweep,nodes_1_threads_24,1,24,24,128,nt-copy,196.181937689,199.207772018,189.782067387,195.46117196885714,6442450944,7,4,True
xeon8558p_20260926_sweep,nodes_1_threads_24,1,24,24,128,nt-triad,196.919783125,200.291697252,194.135068618,196.94963942457144,9663676416,7,4,True
xeon8558p_20260926_sweep,nodes_1_threads_32,1,32,32,128,read,201.806095792,212.520690423,198.257119522,204.63544409314287,4294967296,7,4,True
xeon8558p_20260926_sweep,nodes_1_threads_32,1,32,32,128,nt-write,183.380989065,184.254876941,180.432063209,182.72063199871428,4294967296,7,4,True
xeon8558p_20260926_sweep,nodes_1_threads_32,1,32,32,128,nt-copy,189.873593853,192.550139107,188.362781168,190.39836531657144,8589934592,7,4,True
xeon8558p_20260926_sweep,nodes_1_threads_32,1,32,32,128,nt-triad,197.489779897,199.120351654,194.294475801,196.98967370757143,12884901888,7,4,True
xeon8558p_20260926_sweep,nodes_1_threads_48,1,48,48,128,read,208.019684598,209.371360026,185.451809049,201.67088663742857,6442450944,7,4,True
xeon8558p_20260926_sweep,nodes_1_threads_48,1,48,48,128,nt-write,165.193868971,171.620729818,157.082743238,164.87319159585715,6442450944,7,4,True
xeon8558p_20260926_sweep,nodes_1_threads_48,1,48,48,128,nt-copy,174.993494757,183.431844464,173.614244838,176.37636829085713,12884901888,7,4,True
xeon8558p_20260926_sweep,nodes_1_threads_48,1,48,48,128,nt-triad,180.559212508,182.387488949,174.528170048,179.3248629212857,19327352832,7,4,True
xeon8558p_20260926_sweep,nodes_1_threads_8,1,8,8,128,read,122.455776658,124.265706426,121.79205866,122.81325848157142,1073741824,7,4,True
xeon8558p_20260926_sweep,nodes_1_threads_8,1,8,8,128,nt-write,154.906070831,158.960915579,149.857424883,155.4307939872857,1073741824,7,4,True
xeon8558p_20260926_sweep,nodes_1_threads_8,1,8,8,128,nt-copy,142.262885298,144.295692969,139.433743704,142.3170309712857,2147483648,7,4,True
xeon8558p_20260926_sweep,nodes_1_threads_8,1,8,8,128,nt-triad,129.90869767,131.415288515,128.9632261,130.150495736,3221225472,7,4,True
xeon8558p_20260926_sweep,nodes_1_threads_96,1,96,96,128,read,107.54455972,131.281003967,104.270403829,111.70727950642858,12884901888,7,4,True
xeon8558p_20260926_sweep,nodes_1_threads_96,1,96,96,128,nt-write,88.980510165,96.123520431,87.152397446,90.52241532871429,12884901888,7,4,True
xeon8558p_20260926_sweep,nodes_1_threads_96,1,96,96,128,nt-copy,95.397347629,100.498067387,94.371430667,96.895500027,25769803776,7,4,True
xeon8558p_20260926_sweep,nodes_1_threads_96,1,96,96,128,nt-triad,100.728401415,102.286105607,94.145620209,99.26120733171429,38654705664,7,4,True
xeon8558p_20260926_imc,nodes_0_1_threads_16,"0,1",16,32,256,read,377.877236696,387.817824422,364.761625479,377.28432676654546,8589934592,11,8,True
xeon8558p_20260926_imc,nodes_0_1_threads_16,"0,1",16,32,256,nt-write,335.232929488,339.460853416,308.602949331,329.4227654856364,8589934592,11,8,True
xeon8558p_20260926_imc,nodes_0_1_threads_16,"0,1",16,32,256,nt-copy,364.762343145,365.933614724,357.255108073,364.2100675761818,17179869184,11,8,True
xeon8558p_20260926_imc,nodes_0_1_threads_16,"0,1",16,32,256,nt-triad,374.570100097,377.357605107,370.380387234,373.7958951081818,25769803776,11,8,True
xeon8558p_20260926_imc,nodes_0_1_threads_18,"0,1",18,36,256,read,418.488701481,444.297105455,407.598745607,423.84768130972725,9663676416,11,8,True
xeon8558p_20260926_imc,nodes_0_1_threads_18,"0,1",18,36,256,nt-write,335.111121113,345.961609832,326.540011784,335.67432061145456,9663676416,11,8,True
xeon8558p_20260926_imc,nodes_0_1_threads_18,"0,1",18,36,256,nt-copy,381.41364948,386.918726302,367.038009466,377.9243740021818,19327352832,11,8,True
xeon8558p_20260926_imc,nodes_0_1_threads_18,"0,1",18,36,256,nt-triad,395.793825762,399.304996071,388.805588865,394.4222845556364,28991029248,11,8,True
xeon8558p_20260926_imc,nodes_0_1_threads_20,"0,1",20,40,256,read,435.432063175,450.911611702,405.899320823,435.7354275141818,10737418240,11,8,True
xeon8558p_20260926_imc,nodes_0_1_threads_20,"0,1",20,40,256,nt-write,344.861122473,346.672124576,329.288987856,343.23508851090907,10737418240,11,8,True
xeon8558p_20260926_imc,nodes_0_1_threads_20,"0,1",20,40,256,nt-copy,380.972281304,392.114209494,373.581413878,383.2548937109091,21474836480,11,8,True
xeon8558p_20260926_imc,nodes_0_1_threads_20,"0,1",20,40,256,nt-triad,384.286214996,397.940486574,380.37512906,386.891582139,32212254720,11,8,True
xeon8558p_20260926_imc,nodes_0_1_threads_24,"0,1",24,48,256,read,393.327822226,428.977949914,374.990536144,395.7904982160909,12884901888,11,8,True
xeon8558p_20260926_imc,nodes_0_1_threads_24,"0,1",24,48,256,nt-write,312.34384656,320.478409257,301.976442919,312.0268775613636,12884901888,11,8,True
xeon8558p_20260926_imc,nodes_0_1_threads_24,"0,1",24,48,256,nt-copy,346.177423443,353.132069517,330.159289592,343.38734359472727,25769803776,11,8,True
xeon8558p_20260926_imc,nodes_0_1_threads_24,"0,1",24,48,256,nt-triad,342.317983204,346.052771036,324.376074633,339.741814832,38654705664,11,8,True
xeon8558p_20260926_imc,nodes_0_threads_16,0,16,16,256,read,199.804387564,203.417715055,198.071223948,200.04625210072726,4294967296,11,8,True
xeon8558p_20260926_imc,nodes_0_threads_16,0,16,16,256,nt-write,189.10391705,192.205083051,182.817612335,188.85619302445454,4294967296,11,8,True
xeon8558p_20260926_imc,nodes_0_threads_16,0,16,16,256,nt-copy,181.525803296,182.318459437,179.89592197,181.26053076454545,8589934592,11,8,True
xeon8558p_20260926_imc,nodes_0_threads_16,0,16,16,256,nt-triad,187.47278699,198.306606367,186.14528484,191.60738191709092,12884901888,11,8,True
xeon8558p_20260926_imc,nodes_0_threads_18,0,18,18,256,read,222.020114301,226.190095876,207.28418369,218.44743366372728,4831838208,11,8,True
xeon8558p_20260926_imc,nodes_0_threads_18,0,18,18,256,nt-write,191.87318986,193.417174923,189.180284859,191.49789591754546,4831838208,11,8,True
xeon8558p_20260926_imc,nodes_0_threads_18,0,18,18,256,nt-copy,195.649089686,196.590982049,192.969655454,195.24720238636363,9663676416,11,8,True
xeon8558p_20260926_imc,nodes_0_threads_18,0,18,18,256,nt-triad,199.392851112,201.262075124,197.832137001,199.32789346663637,14495514624,11,8,True
xeon8558p_20260926_imc,nodes_0_threads_20,0,20,20,256,read,226.513266326,230.077552811,220.539477553,225.55132990018183,5368709120,11,8,True
xeon8558p_20260926_imc,nodes_0_threads_20,0,20,20,256,nt-write,191.091025638,192.16611173,189.949210846,191.08396308745455,5368709120,11,8,True
xeon8558p_20260926_imc,nodes_0_threads_20,0,20,20,256,nt-copy,198.580311536,199.281249999,193.638609083,198.15332786136364,10737418240,11,8,True
xeon8558p_20260926_imc,nodes_0_threads_20,0,20,20,256,nt-triad,201.246807037,202.47642802,198.80940431,200.90312286754545,16106127360,11,8,True
xeon8558p_20260926_imc,nodes_0_threads_24,0,24,24,256,read,230.929035635,232.736207044,224.63871869,229.9114319479091,6442450944,11,8,True
xeon8558p_20260926_imc,nodes_0_threads_24,0,24,24,256,nt-write,190.145152163,191.342651356,188.233359042,190.18641740427273,6442450944,11,8,True
xeon8558p_20260926_imc,nodes_0_threads_24,0,24,24,256,nt-copy,200.199475189,201.025534038,197.57505528,199.883925487,12884901888,11,8,True
xeon8558p_20260926_imc,nodes_0_threads_24,0,24,24,256,nt-triad,201.284417934,202.02119233,198.841695886,200.9992854688182,19327352832,11,8,True
xeon8558p_20260926_imc,nodes_1_threads_16,1,16,16,256,read,200.811485537,213.829341993,188.259554833,199.92921960636363,4294967296,11,8,True
xeon8558p_20260926_imc,nodes_1_threads_16,1,16,16,256,nt-write,191.07778235,192.246763704,189.364536417,190.93201509490908,4294967296,11,8,True
xeon8558p_20260926_imc,nodes_1_threads_16,1,16,16,256,nt-copy,189.574425036,190.340771652,176.784974758,187.48274702545456,8589934592,11,8,True
xeon8558p_20260926_imc,nodes_1_threads_16,1,16,16,256,nt-triad,195.023479196,195.595442466,193.321693515,194.64131343900002,12884901888,11,8,True
xeon8558p_20260926_imc,nodes_1_threads_18,1,18,18,256,read,206.30828267,211.905739973,198.878336475,206.37427688827273,4831838208,11,8,True
xeon8558p_20260926_imc,nodes_1_threads_18,1,18,18,256,nt-write,191.715654068,192.800420586,187.845264261,191.14913337618182,4831838208,11,8,True
xeon8558p_20260926_imc,nodes_1_threads_18,1,18,18,256,nt-copy,188.882338746,193.203955293,186.39598807,189.55906649472726,9663676416,11,8,True
xeon8558p_20260926_imc,nodes_1_threads_18,1,18,18,256,nt-triad,197.483491031,199.180624908,195.506090561,197.4873521521818,14495514624,11,8,True
xeon8558p_20260926_imc,nodes_1_threads_20,1,20,20,256,read,225.206124193,229.781446844,213.732111679,224.27833859181817,5368709120,11,8,True
xeon8558p_20260926_imc,nodes_1_threads_20,1,20,20,256,nt-write,188.893075539,191.363449203,179.390756942,187.9524445118182,5368709120,11,8,True
xeon8558p_20260926_imc,nodes_1_threads_20,1,20,20,256,nt-copy,195.747316424,196.867168986,190.52713335,194.94848177063636,10737418240,11,8,True
xeon8558p_20260926_imc,nodes_1_threads_20,1,20,20,256,nt-triad,199.80384234,202.467714076,188.838650629,196.73412766736362,16106127360,11,8,True
xeon8558p_20260926_imc,nodes_1_threads_24,1,24,24,256,read,230.147226406,232.752326778,225.609101336,229.54153456272726,6442450944,11,8,True
xeon8558p_20260926_imc,nodes_1_threads_24,1,24,24,256,nt-write,188.228968284,189.162438591,184.480303934,187.74329300790907,6442450944,11,8,True
xeon8558p_20260926_imc,nodes_1_threads_24,1,24,24,256,nt-copy,196.101351476,199.102554295,190.625147696,196.20253575609092,12884901888,11,8,True
xeon8558p_20260926_imc,nodes_1_threads_24,1,24,24,256,nt-triad,200.788625843,201.63395037,199.080484966,200.68696030936363,19327352832,11,8,True
