run_id,node,op,best_median_GBps,threads_per_socket,threads,best_sample_GBps,min_sample_GBps,mean_GBps,mib_per_thread,active_working_set_bytes,reps,passes,label,copy_one_direction_median_GBps
xeon8558p_20260926_sweep,0,read,238.036894915,24,24,240.237700364,208.328397649,232.82023537957144,128,3221225472,7,4,nodes_0_threads_24,
xeon8558p_20260926_sweep,0,nt-write,194.197692833,16,16,194.781791039,185.060790045,192.56602819457143,128,2147483648,7,4,nodes_0_threads_16,
xeon8558p_20260926_sweep,0,nt-copy,196.264850229,24,24,200.685528667,195.968683377,197.36130622042856,128,6442450944,7,4,nodes_0_threads_24,98.1324251145
xeon8558p_20260926_sweep,0,nt-triad,204.40273803,24,24,205.006472487,201.357469985,204.1192082765714,128,9663676416,7,4,nodes_0_threads_24,
xeon8558p_20260926_sweep,1,read,230.61022151,24,24,232.212856124,216.762368984,228.8561143057143,128,3221225472,7,4,nodes_1_threads_24,
xeon8558p_20260926_sweep,1,nt-write,191.493800191,16,16,193.486699398,170.744708967,186.012075445,128,2147483648,7,4,nodes_1_threads_16,
xeon8558p_20260926_sweep,1,nt-copy,196.181937689,24,24,199.207772018,189.782067387,195.46117196885714,128,6442450944,7,4,nodes_1_threads_24,98.0909688445
xeon8558p_20260926_sweep,1,nt-triad,197.489779897,32,32,199.120351654,194.294475801,196.98967370757143,128,12884901888,7,4,nodes_1_threads_32,
xeon8558p_20260926_sweep,"0,1",read,427.947050885,16,32,437.592538067,415.623423365,426.1172147968571,128,4294967296,7,4,nodes_0_1_threads_16,
xeon8558p_20260926_sweep,"0,1",nt-write,348.249396652,16,32,349.363853775,330.497908604,344.938217387,128,4294967296,7,4,nodes_0_1_threads_16,
xeon8558p_20260926_sweep,"0,1",nt-copy,361.333664168,16,32,367.863897238,349.261709796,360.44728482657143,128,8589934592,7,4,nodes_0_1_threads_16,180.666832084
xeon8558p_20260926_sweep,"0,1",nt-triad,392.212394219,16,32,397.55933373,370.867616023,385.8882607231428,128,12884901888,7,4,nodes_0_1_threads_16,
xeon8558p_20260926_imc,0,read,230.929035635,24,24,232.736207044,224.63871869,229.9114319479091,256,6442450944,11,8,nodes_0_threads_24,
xeon8558p_20260926_imc,0,nt-write,191.87318986,18,18,193.417174923,189.180284859,191.49789591754546,256,4831838208,11,8,nodes_0_threads_18,
xeon8558p_20260926_imc,0,nt-copy,200.199475189,24,24,201.025534038,197.57505528,199.883925487,256,12884901888,11,8,nodes_0_threads_24,100.0997375945
xeon8558p_20260926_imc,0,nt-triad,201.284417934,24,24,202.02119233,198.841695886,200.9992854688182,256,19327352832,11,8,nodes_0_threads_24,
xeon8558p_20260926_imc,1,read,230.147226406,24,24,232.752326778,225.609101336,229.54153456272726,256,6442450944,11,8,nodes_1_threads_24,
xeon8558p_20260926_imc,1,nt-write,191.715654068,18,18,192.800420586,187.845264261,191.14913337618182,256,4831838208,11,8,nodes_1_threads_18,
xeon8558p_20260926_imc,1,nt-copy,196.101351476,24,24,199.102554295,190.625147696,196.20253575609092,256,12884901888,11,8,nodes_1_threads_24,98.050675738
xeon8558p_20260926_imc,1,nt-triad,200.788625843,24,24,201.63395037,199.080484966,200.68696030936363,256,19327352832,11,8,nodes_1_threads_24,
xeon8558p_20260926_imc,"0,1",read,435.432063175,20,40,450.911611702,405.899320823,435.7354275141818,256,10737418240,11,8,nodes_0_1_threads_20,
xeon8558p_20260926_imc,"0,1",nt-write,344.861122473,20,40,346.672124576,329.288987856,343.23508851090907,256,10737418240,11,8,nodes_0_1_threads_20,
xeon8558p_20260926_imc,"0,1",nt-copy,381.41364948,18,36,386.918726302,367.038009466,377.9243740021818,256,19327352832,11,8,nodes_0_1_threads_18,190.70682474
xeon8558p_20260926_imc,"0,1",nt-triad,395.793825762,18,36,399.304996071,388.805588865,394.4222845556364,256,28991029248,11,8,nodes_0_1_threads_18,
