estimate_run_id,block_budget,objective,threshold_pct,layer,sparse_head_count,dense_head_count,sparse_fetch_bytes,dense_fetch_bytes,sparse_fetch_ms,dense_fetch_ms,base_attention_ms,attention_window_ms,other_gpu_ms,compute_ms,prefetch_source_layer,prefetch_window_ms,sparse_hidden_ms,dense_hidden_ms,sparse_unhidden_ms,dense_unhidden_ms,hidden_ms,unhidden_ms,fetch_ms,compute_plus_unhidden_ms,overlap_efficiency
estimate32_h200_pcie50_20260928_01,32,baseline,30.0,0,2,0,7667712,0,0.15335424,0.0,0.056135505817694574,0.11227101163538915,0.7512669999999999,0.863538011635389,,0.0,0.11227101163538915,0.0,0.041083228364610855,0.0,0.11227101163538915,0.041083228364610855,0.15335424,0.90462124,0.7321024292213189
estimate32_h200_pcie50_20260928_01,32,baseline,30.0,1,2,0,12189696,0,0.24379392,0.0,0.05544185070062151,0.11088370140124303,0.750756,0.861639701401243,0,0.7512669999999999,0.11088370140124303,0.0,0.13291021859875696,0.0,0.11088370140124303,0.13291021859875696,0.24379392,0.99454992,0.4548255403631191
estimate32_h200_pcie50_20260928_01,32,baseline,30.0,2,2,0,11304960,0,0.2260992,0.0,0.05522203041704202,0.11044406083408403,0.742308,0.852752060834084,1,0.750756,0.11044406083408403,0.0,0.11565513916591597,0.0,0.11044406083408403,0.11565513916591597,0.2260992,0.9684071999999999,0.4884761239052771
estimate32_h200_pcie50_20260928_01,32,baseline,30.0,3,2,0,15171584,0,0.30343168,0.0,0.05479512110797369,0.10959024221594738,0.738755,0.8483452422159474,2,0.742308,0.10959024221594738,0.0,0.1938414377840526,0.0,0.10959024221594738,0.1938414377840526,0.30343168,1.0421866800000001,0.361169414531625
estimate32_h200_pcie50_20260928_01,32,baseline,30.0,4,2,0,11304960,0,0.2260992,0.0,0.054805867877393125,0.10961173575478625,0.7398749999999998,0.8494867357547861,3,0.738755,0.10961173575478625,0.0,0.11648746424521375,0.0,0.10961173575478625,0.11648746424521375,0.2260992,0.9659741999999999,0.48479488540776017
estimate32_h200_pcie50_20260928_01,32,baseline,30.0,5,2,0,9994240,0,0.1998848,0.0,0.05480974526295071,0.10961949052590142,0.7384030000000001,0.8480224905259015,4,0.7398749999999998,0.10961949052590142,0.0,0.09026530947409858,0.0,0.10961949052590142,0.09026530947409858,0.1998848,0.9382878000000001,0.5484133387126056
estimate32_h200_pcie50_20260928_01,32,baseline,30.0,6,2,0,14745600,0,0.294912,0.0,0.05479899849353127,0.10959799698706255,0.7347879999999998,0.8443859969870623,5,0.7384030000000001,0.10959799698706255,0.0,0.18531400301293746,0.0,0.10959799698706255,0.18531400301293746,0.294912,1.0296999999999996,0.3716294928217995
estimate32_h200_pcie50_20260928_01,32,baseline,30.0,7,2,0,11796480,0,0.2359296,0.0,0.05436915824734854,0.10873831649469708,0.7351070000000002,0.8438453164946973,6,0.7347879999999998,0.10873831649469708,0.0,0.1271912835053029,0.0,0.10873831649469708,0.1271912835053029,0.2359296,0.9710366000000001,0.46089306511220757
estimate32_h200_pcie50_20260928_01,32,baseline,30.0,8,2,0,10452992,0,0.20905984,0.0,0.05430073918408442,0.10860147836816884,0.732707,0.8413084783681688,7,0.7351070000000002,0.10860147836816884,0.0,0.10045836163183115,0.0,0.10860147836816884,0.10045836163183115,0.20905984,0.9417668400000001,0.5194755643559703
estimate32_h200_pcie50_20260928_01,32,baseline,30.0,9,1,1,7143424,34078720,0.14286848,0.6815744,0.05423528158852964,0.10847056317705928,0.7322600000000001,0.8407305631770594,8,0.732707,0.10847056317705928,0.6815744,0.034397916822940716,0.0,0.7900449631770593,0.03439791682294069,0.82444288,0.87512848,0.9582773802074187
estimate32_h200_pcie50_20260928_01,32,baseline,30.0,10,2,0,10027008,0,0.20054016,0.0,0.054253874720849075,0.10850774944169815,0.7332509999999999,0.841758749441698,9,0.7322600000000001,0.10850774944169815,0.0,0.09203241055830184,0.0,0.10850774944169815,0.09203241055830184,0.20054016,0.93379116,0.5410774053521158
estimate32_h200_pcie50_20260928_01,32,baseline,30.0,11,2,0,14057472,0,0.28114944,0.0,0.054269475854864226,0.10853895170972845,0.7328669999999999,0.8414059517097284,10,0.7332509999999999,0.10853895170972845,0.0,0.17261048829027154,0.0,0.10853895170972845,0.17261048829027154,0.28114944,1.01401644,0.3860543051756691
estimate32_h200_pcie50_20260928_01,32,baseline,30.0,12,2,0,10223616,0,0.20447232,0.0,0.0542245348191102,0.1084490696382204,0.732516,0.8409650696382204,11,0.7328669999999999,0.1084490696382204,0.0,0.09602325036177961,0.0,0.1084490696382204,0.09602325036177961,0.20447232,0.9369883199999999,0.5303850889852494
estimate32_h200_pcie50_20260928_01,32,baseline,30.0,13,1,1,7176192,34078720,0.14352384,0.6815744,0.05426169055315412,0.10852338110630824,0.7330590000000001,0.8415823811063083,12,0.732516,0.10852338110630824,0.6815744,0.03500045889369177,0.0,0.7900977811063082,0.035000458893691744,0.82509824,0.8765828400000001,0.9575802526330783
estimate32_h200_pcie50_20260928_01,32,baseline,30.0,14,2,0,11108352,0,0.22216704,0.0,0.05424114346275843,0.10848228692551685,0.7316819999999999,0.8401642869255168,13,0.7330590000000001,0.10848228692551685,0.0,0.11368475307448316,0.0,0.10848228692551685,0.11368475307448316,0.22216704,0.9538490399999999,0.4882915437209626
estimate32_h200_pcie50_20260928_01,32,baseline,30.0,15,2,0,12189696,0,0.24379392,0.0,0.0542245348191102,0.1084490696382204,0.7406760000000001,0.8491250696382205,14,0.7316819999999999,0.1084490696382204,0.0,0.1353448503617796,0.0,0.1084490696382204,0.1353448503617796,0.24379392,0.9844699200000001,0.4448391068908544
estimate32_h200_pcie50_20260928_01,32,baseline,30.0,16,1,1,5832704,34078720,0.11665408,0.6815744,0.05455771520170784,0.10911543040341568,0.7397149999999999,0.8488304304034155,15,0.7406760000000001,0.10911543040341568,0.6815744,0.007538649596584318,0.0,0.7906898304034157,0.007538649596584346,0.79822848,0.85636908,0.9905557747117913
estimate32_h200_pcie50_20260928_01,32,baseline,30.0,17,2,0,11108352,0,0.22216704,0.0,0.05444533208172782,0.10889066416345564,0.7342440000000001,0.8431346641634557,16,0.7397149999999999,0.10889066416345564,0.0,0.11327637583654437,0.0,0.10889066416345564,0.11327637583654437,0.22216704,0.9564110400000002,0.49012969774209364
estimate32_h200_pcie50_20260928_01,32,baseline,30.0,18,0,2,0,68157440,0.0,1.3631488,0.05430367012119881,0.10860734024239763,0.7350120000000002,0.8436193402423978,17,0.7342440000000001,0.0,0.7342440000000001,0.0,0.6289047999999999,0.7342440000000001,0.6289047999999999,1.3631488,1.4725241402423979,0.5386381882887621
estimate32_h200_pcie50_20260928_01,32,baseline,30.0,19,1,1,4489216,34078720,0.08978432,0.6815744,0.05431930178580892,0.10863860357161784,0.7342759999999999,0.8429146035716177,18,0.7350120000000002,0.08978432,0.6815744,0.0,0.0,0.77135872,0.0,0.77135872,0.8429146035716177,1.0
estimate32_h200_pcie50_20260928_01,32,baseline,30.0,20,2,0,13598720,0,0.2719744,0.0,0.05436717375867734,0.10873434751735468,0.7351080000000001,0.8438423475173548,19,0.7342759999999999,0.10873434751735468,0.0,0.16324005248264534,0.0,0.10873434751735468,0.16324005248264534,0.2719744,1.0070824,0.39979625846165917
estimate32_h200_pcie50_20260928_01,32,baseline,30.0,21,2,0,12746752,0,0.25493504,0.0,0.05442970041711772,0.10885940083423544,0.7353949999999998,0.8442544008342352,20,0.7351080000000001,0.10885940083423544,0.0,0.14607563916576455,0.0,0.10885940083423544,0.14607563916576455,0.25493504,0.9903300399999999,0.42700838940867225
estimate32_h200_pcie50_20260928_01,32,baseline,30.0,22,1,1,5865472,34078720,0.11730944,0.6815744,0.05425579814833039,0.10851159629666078,0.73546,0.8439715962966607,21,0.7353949999999998,0.10851159629666078,0.6815744,0.00879784370333922,0.0,0.7900859962966608,0.008797843703339248,0.79888384,0.85276944,0.9889873304943316
estimate32_h200_pcie50_20260928_01,32,baseline,30.0,23,0,2,0,68157440,0.0,1.3631488,0.054321286274480116,0.10864257254896023,0.7345309999999998,0.8431735725489601,22,0.73546,0.0,0.73546,0.0,0.6276888,0.73546,0.6276888,1.3631488,1.4708623725489602,0.5395302405724158
estimate32_h200_pcie50_20260928_01,32,baseline,30.0,24,1,1,6815744,34078720,0.13631488,0.6815744,0.05441113781539323,0.10882227563078646,0.7362259999999998,0.8450482756307863,23,0.7345309999999998,0.10882227563078646,0.6815744,0.02749260436921354,0.0,0.7903966756307865,0.027492604369213525,0.81788928,0.8725408799999999,0.9663859093871318
estimate32_h200_pcie50_20260928_01,32,baseline,30.0,25,1,1,7077888,34078720,0.14155776,0.6815744,0.0543378643875334,0.1086757287750668,0.7343719999999998,0.8430477287750666,24,0.7362259999999998,0.1086757287750668,0.6815744,0.0328820312249332,0.0,0.7902501287750668,0.03288203122493316,0.82313216,0.8759297599999997,0.9600525494898253
estimate32_h200_pcie50_20260928_01,32,baseline,30.0,26,0,2,0,68157440,0.0,1.3631488,0.054423869073483885,0.10884773814696777,0.7364190000000002,0.845266738146968,25,0.7343719999999998,0.0,0.7343719999999998,0.0,0.6287768000000002,0.7343719999999998,0.6287768000000002,1.3631488,1.474043538146968,0.5387320885291464
estimate32_h200_pcie50_20260928_01,32,baseline,30.0,27,2,0,10780672,0,0.21561344,0.0,0.05434665719887659,0.10869331439775318,0.736675,0.8453683143977532,26,0.7364190000000002,0.10869331439775318,0.0,0.10692012560224681,0.0,0.10869331439775318,0.10692012560224681,0.21561344,0.9522884399999999,0.5041119625833769
estimate32_h200_pcie50_20260928_01,32,baseline,30.0,28,2,0,16220160,0,0.3244032,0.0,0.054351542094067236,0.10870308418813447,0.7348839999999999,0.8435870841881343,27,0.736675,0.10870308418813447,0.0,0.21570011581186554,0.0,0.10870308418813447,0.21570011581186554,0.3244032,1.0592872,0.33508634991311576
estimate32_h200_pcie50_20260928_01,32,baseline,30.0,29,1,1,4915200,34078720,0.098304,0.6815744,0.05431933231640385,0.1086386646328077,0.7343710000000001,0.8430096646328078,28,0.7348839999999999,0.098304,0.6815744,0.0,0.0,0.7798784000000001,0.0,0.7798784000000001,0.8430096646328078,1.0
estimate32_h200_pcie50_20260928_01,32,baseline,30.0,30,1,1,6520832,34078720,0.13041664,0.6815744,0.05412683691529709,0.10825367383059419,0.731427,0.8396806738305942,29,0.7343710000000001,0.10825367383059419,0.6815744,0.022162966169405815,0.0,0.7898280738305942,0.02216296616940583,0.81199104,0.8618436399999999,0.9727054055061916
estimate32_h200_pcie50_20260928_01,32,baseline,30.0,31,2,0,11927552,0,0.23855104,0.0,0.05382983528770525,0.1076596705754105,0.7327720000000002,0.8404316705754107,30,0.731427,0.1076596705754105,0.0,0.1308913694245895,0.0,0.1076596705754105,0.1308913694245895,0.23855104,0.9713230400000001,0.45130664940890847
estimate32_h200_pcie50_20260928_01,32,min_unhidden,21.490384615384613,0,2,0,7667712,0,0.15335424,0.0,0.056135505817694574,0.11227101163538915,0.7512669999999999,0.863538011635389,,0.0,0.11227101163538915,0.0,0.041083228364610855,0.0,0.11227101163538915,0.041083228364610855,0.15335424,0.90462124,0.7321024292213189
estimate32_h200_pcie50_20260928_01,32,min_unhidden,21.490384615384613,1,2,0,12189696,0,0.24379392,0.0,0.05544185070062151,0.11088370140124303,0.750756,0.861639701401243,0,0.7512669999999999,0.11088370140124303,0.0,0.13291021859875696,0.0,0.11088370140124303,0.13291021859875696,0.24379392,0.99454992,0.4548255403631191
estimate32_h200_pcie50_20260928_01,32,min_unhidden,21.490384615384613,2,2,0,11304960,0,0.2260992,0.0,0.05522203041704202,0.11044406083408403,0.742308,0.852752060834084,1,0.750756,0.11044406083408403,0.0,0.11565513916591597,0.0,0.11044406083408403,0.11565513916591597,0.2260992,0.9684071999999999,0.4884761239052771
estimate32_h200_pcie50_20260928_01,32,min_unhidden,21.490384615384613,3,1,1,6193152,34078720,0.12386304,0.6815744,0.05479512110797369,0.10959024221594738,0.738755,0.8483452422159474,2,0.742308,0.10959024221594738,0.6815744,0.014272797784052618,0.0,0.7911646422159474,0.01427279778405266,0.8054374400000001,0.86261804,0.9822794458324998
estimate32_h200_pcie50_20260928_01,32,min_unhidden,21.490384615384613,4,2,0,11304960,0,0.2260992,0.0,0.054805867877393125,0.10961173575478625,0.7398749999999998,0.8494867357547861,3,0.738755,0.10961173575478625,0.0,0.11648746424521375,0.0,0.10961173575478625,0.11648746424521375,0.2260992,0.9659741999999999,0.48479488540776017
estimate32_h200_pcie50_20260928_01,32,min_unhidden,21.490384615384613,5,2,0,9994240,0,0.1998848,0.0,0.05480974526295071,0.10961949052590142,0.7384030000000001,0.8480224905259015,4,0.7398749999999998,0.10961949052590142,0.0,0.09026530947409858,0.0,0.10961949052590142,0.09026530947409858,0.1998848,0.9382878000000001,0.5484133387126056
estimate32_h200_pcie50_20260928_01,32,min_unhidden,21.490384615384613,6,1,1,5701632,34078720,0.11403264,0.6815744,0.05479899849353127,0.10959799698706255,0.7347879999999998,0.8443859969870623,5,0.7384030000000001,0.10959799698706255,0.6815744,0.004434643012937459,0.0,0.7911723969870625,0.0044346430129375,0.79560704,0.8488206399999998,0.9944260887724956
estimate32_h200_pcie50_20260928_01,32,min_unhidden,21.490384615384613,7,2,0,11796480,0,0.2359296,0.0,0.05436915824734854,0.10873831649469708,0.7351070000000002,0.8438453164946973,6,0.7347879999999998,0.10873831649469708,0.0,0.1271912835053029,0.0,0.10873831649469708,0.1271912835053029,0.2359296,0.9710366000000001,0.46089306511220757
estimate32_h200_pcie50_20260928_01,32,min_unhidden,21.490384615384613,8,2,0,10452992,0,0.20905984,0.0,0.05430073918408442,0.10860147836816884,0.732707,0.8413084783681688,7,0.7351070000000002,0.10860147836816884,0.0,0.10045836163183115,0.0,0.10860147836816884,0.10045836163183115,0.20905984,0.9417668400000001,0.5194755643559703
estimate32_h200_pcie50_20260928_01,32,min_unhidden,21.490384615384613,9,1,1,7143424,34078720,0.14286848,0.6815744,0.05423528158852964,0.10847056317705928,0.7322600000000001,0.8407305631770594,8,0.732707,0.10847056317705928,0.6815744,0.034397916822940716,0.0,0.7900449631770593,0.03439791682294069,0.82444288,0.87512848,0.9582773802074187
estimate32_h200_pcie50_20260928_01,32,min_unhidden,21.490384615384613,10,2,0,10027008,0,0.20054016,0.0,0.054253874720849075,0.10850774944169815,0.7332509999999999,0.841758749441698,9,0.7322600000000001,0.10850774944169815,0.0,0.09203241055830184,0.0,0.10850774944169815,0.09203241055830184,0.20054016,0.93379116,0.5410774053521158
estimate32_h200_pcie50_20260928_01,32,min_unhidden,21.490384615384613,11,1,1,4358144,34078720,0.08716288,0.6815744,0.054269475854864226,0.10853895170972845,0.7328669999999999,0.8414059517097284,10,0.7332509999999999,0.08716288,0.6815744,0.0,0.0,0.7687372800000001,0.0,0.7687372800000001,0.8414059517097285,1.0
estimate32_h200_pcie50_20260928_01,32,min_unhidden,21.490384615384613,12,2,0,10223616,0,0.20447232,0.0,0.0542245348191102,0.1084490696382204,0.732516,0.8409650696382204,11,0.7328669999999999,0.1084490696382204,0.0,0.09602325036177961,0.0,0.1084490696382204,0.09602325036177961,0.20447232,0.9369883199999999,0.5303850889852494
estimate32_h200_pcie50_20260928_01,32,min_unhidden,21.490384615384613,13,1,1,7176192,34078720,0.14352384,0.6815744,0.05426169055315412,0.10852338110630824,0.7330590000000001,0.8415823811063083,12,0.732516,0.10852338110630824,0.6815744,0.03500045889369177,0.0,0.7900977811063082,0.035000458893691744,0.82509824,0.8765828400000001,0.9575802526330783
estimate32_h200_pcie50_20260928_01,32,min_unhidden,21.490384615384613,14,2,0,11108352,0,0.22216704,0.0,0.05424114346275843,0.10848228692551685,0.7316819999999999,0.8401642869255168,13,0.7330590000000001,0.10848228692551685,0.0,0.11368475307448316,0.0,0.10848228692551685,0.11368475307448316,0.22216704,0.9538490399999999,0.4882915437209626
estimate32_h200_pcie50_20260928_01,32,min_unhidden,21.490384615384613,15,1,1,4718592,34078720,0.09437184,0.6815744,0.0542245348191102,0.1084490696382204,0.7406760000000001,0.8491250696382205,14,0.7316819999999999,0.09437184,0.6815744,0.0,0.0,0.77594624,0.0,0.77594624,0.8491250696382205,1.0
estimate32_h200_pcie50_20260928_01,32,min_unhidden,21.490384615384613,16,1,1,5832704,34078720,0.11665408,0.6815744,0.05455771520170784,0.10911543040341568,0.7397149999999999,0.8488304304034155,15,0.7406760000000001,0.10911543040341568,0.6815744,0.007538649596584318,0.0,0.7906898304034157,0.007538649596584346,0.79822848,0.85636908,0.9905557747117913
estimate32_h200_pcie50_20260928_01,32,min_unhidden,21.490384615384613,17,2,0,11108352,0,0.22216704,0.0,0.05444533208172782,0.10889066416345564,0.7342440000000001,0.8431346641634557,16,0.7397149999999999,0.10889066416345564,0.0,0.11327637583654437,0.0,0.10889066416345564,0.11327637583654437,0.22216704,0.9564110400000002,0.49012969774209364
estimate32_h200_pcie50_20260928_01,32,min_unhidden,21.490384615384613,18,0,2,0,68157440,0.0,1.3631488,0.05430367012119881,0.10860734024239763,0.7350120000000002,0.8436193402423978,17,0.7342440000000001,0.0,0.7342440000000001,0.0,0.6289047999999999,0.7342440000000001,0.6289047999999999,1.3631488,1.4725241402423979,0.5386381882887621
estimate32_h200_pcie50_20260928_01,32,min_unhidden,21.490384615384613,19,1,1,4489216,34078720,0.08978432,0.6815744,0.05431930178580892,0.10863860357161784,0.7342759999999999,0.8429146035716177,18,0.7350120000000002,0.08978432,0.6815744,0.0,0.0,0.77135872,0.0,0.77135872,0.8429146035716177,1.0
estimate32_h200_pcie50_20260928_01,32,min_unhidden,21.490384615384613,20,1,1,6094848,34078720,0.12189696,0.6815744,0.05436717375867734,0.10873434751735468,0.7351080000000001,0.8438423475173548,19,0.7342759999999999,0.10873434751735468,0.6815744,0.013162612482645317,0.0,0.7903087475173547,0.013162612482645386,0.8034713600000001,0.8570049600000003,0.983617819952356
estimate32_h200_pcie50_20260928_01,32,min_unhidden,21.490384615384613,21,2,0,12746752,0,0.25493504,0.0,0.05442970041711772,0.10885940083423544,0.7353949999999998,0.8442544008342352,20,0.7351080000000001,0.10885940083423544,0.0,0.14607563916576455,0.0,0.10885940083423544,0.14607563916576455,0.25493504,0.9903300399999999,0.42700838940867225
estimate32_h200_pcie50_20260928_01,32,min_unhidden,21.490384615384613,22,1,1,5865472,34078720,0.11730944,0.6815744,0.05425579814833039,0.10851159629666078,0.73546,0.8439715962966607,21,0.7353949999999998,0.10851159629666078,0.6815744,0.00879784370333922,0.0,0.7900859962966608,0.008797843703339248,0.79888384,0.85276944,0.9889873304943316
estimate32_h200_pcie50_20260928_01,32,min_unhidden,21.490384615384613,23,0,2,0,68157440,0.0,1.3631488,0.054321286274480116,0.10864257254896023,0.7345309999999998,0.8431735725489601,22,0.73546,0.0,0.73546,0.0,0.6276888,0.73546,0.6276888,1.3631488,1.4708623725489602,0.5395302405724158
estimate32_h200_pcie50_20260928_01,32,min_unhidden,21.490384615384613,24,1,1,6815744,34078720,0.13631488,0.6815744,0.05441113781539323,0.10882227563078646,0.7362259999999998,0.8450482756307863,23,0.7345309999999998,0.10882227563078646,0.6815744,0.02749260436921354,0.0,0.7903966756307865,0.027492604369213525,0.81788928,0.8725408799999999,0.9663859093871318
estimate32_h200_pcie50_20260928_01,32,min_unhidden,21.490384615384613,25,1,1,7077888,34078720,0.14155776,0.6815744,0.0543378643875334,0.1086757287750668,0.7343719999999998,0.8430477287750666,24,0.7362259999999998,0.1086757287750668,0.6815744,0.0328820312249332,0.0,0.7902501287750668,0.03288203122493316,0.82313216,0.8759297599999997,0.9600525494898253
estimate32_h200_pcie50_20260928_01,32,min_unhidden,21.490384615384613,26,0,2,0,68157440,0.0,1.3631488,0.054423869073483885,0.10884773814696777,0.7364190000000002,0.845266738146968,25,0.7343719999999998,0.0,0.7343719999999998,0.0,0.6287768000000002,0.7343719999999998,0.6287768000000002,1.3631488,1.474043538146968,0.5387320885291464
estimate32_h200_pcie50_20260928_01,32,min_unhidden,21.490384615384613,27,2,0,10780672,0,0.21561344,0.0,0.05434665719887659,0.10869331439775318,0.736675,0.8453683143977532,26,0.7364190000000002,0.10869331439775318,0.0,0.10692012560224681,0.0,0.10869331439775318,0.10692012560224681,0.21561344,0.9522884399999999,0.5041119625833769
estimate32_h200_pcie50_20260928_01,32,min_unhidden,21.490384615384613,28,1,1,6062080,34078720,0.1212416,0.6815744,0.054351542094067236,0.10870308418813447,0.7348839999999999,0.8435870841881343,27,0.736675,0.10870308418813447,0.6815744,0.012538515811865533,0.0,0.7902774841881345,0.012538515811865492,0.802816,0.8561255999999998,0.9843818311893815
estimate32_h200_pcie50_20260928_01,32,min_unhidden,21.490384615384613,29,1,1,4915200,34078720,0.098304,0.6815744,0.05431933231640385,0.1086386646328077,0.7343710000000001,0.8430096646328078,28,0.7348839999999999,0.098304,0.6815744,0.0,0.0,0.7798784000000001,0.0,0.7798784000000001,0.8430096646328078,1.0
estimate32_h200_pcie50_20260928_01,32,min_unhidden,21.490384615384613,30,1,1,6520832,34078720,0.13041664,0.6815744,0.05412683691529709,0.10825367383059419,0.731427,0.8396806738305942,29,0.7343710000000001,0.10825367383059419,0.6815744,0.022162966169405815,0.0,0.7898280738305942,0.02216296616940583,0.81199104,0.8618436399999999,0.9727054055061916
estimate32_h200_pcie50_20260928_01,32,min_unhidden,21.490384615384613,31,2,0,11927552,0,0.23855104,0.0,0.05382983528770525,0.1076596705754105,0.7327720000000002,0.8404316705754107,30,0.731427,0.1076596705754105,0.0,0.1308913694245895,0.0,0.1076596705754105,0.1308913694245895,0.23855104,0.9713230400000001,0.45130664940890847
estimate32_h200_pcie50_20260928_01,32,max_efficiency,21.490384615384613,0,2,0,7667712,0,0.15335424,0.0,0.056135505817694574,0.11227101163538915,0.7512669999999999,0.863538011635389,,0.0,0.11227101163538915,0.0,0.041083228364610855,0.0,0.11227101163538915,0.041083228364610855,0.15335424,0.90462124,0.7321024292213189
estimate32_h200_pcie50_20260928_01,32,max_efficiency,21.490384615384613,1,2,0,12189696,0,0.24379392,0.0,0.05544185070062151,0.11088370140124303,0.750756,0.861639701401243,0,0.7512669999999999,0.11088370140124303,0.0,0.13291021859875696,0.0,0.11088370140124303,0.13291021859875696,0.24379392,0.99454992,0.4548255403631191
estimate32_h200_pcie50_20260928_01,32,max_efficiency,21.490384615384613,2,2,0,11304960,0,0.2260992,0.0,0.05522203041704202,0.11044406083408403,0.742308,0.852752060834084,1,0.750756,0.11044406083408403,0.0,0.11565513916591597,0.0,0.11044406083408403,0.11565513916591597,0.2260992,0.9684071999999999,0.4884761239052771
estimate32_h200_pcie50_20260928_01,32,max_efficiency,21.490384615384613,3,1,1,6193152,34078720,0.12386304,0.6815744,0.05479512110797369,0.10959024221594738,0.738755,0.8483452422159474,2,0.742308,0.10959024221594738,0.6815744,0.014272797784052618,0.0,0.7911646422159474,0.01427279778405266,0.8054374400000001,0.86261804,0.9822794458324998
estimate32_h200_pcie50_20260928_01,32,max_efficiency,21.490384615384613,4,2,0,11304960,0,0.2260992,0.0,0.054805867877393125,0.10961173575478625,0.7398749999999998,0.8494867357547861,3,0.738755,0.10961173575478625,0.0,0.11648746424521375,0.0,0.10961173575478625,0.11648746424521375,0.2260992,0.9659741999999999,0.48479488540776017
estimate32_h200_pcie50_20260928_01,32,max_efficiency,21.490384615384613,5,2,0,9994240,0,0.1998848,0.0,0.05480974526295071,0.10961949052590142,0.7384030000000001,0.8480224905259015,4,0.7398749999999998,0.10961949052590142,0.0,0.09026530947409858,0.0,0.10961949052590142,0.09026530947409858,0.1998848,0.9382878000000001,0.5484133387126056
estimate32_h200_pcie50_20260928_01,32,max_efficiency,21.490384615384613,6,1,1,5701632,34078720,0.11403264,0.6815744,0.05479899849353127,0.10959799698706255,0.7347879999999998,0.8443859969870623,5,0.7384030000000001,0.10959799698706255,0.6815744,0.004434643012937459,0.0,0.7911723969870625,0.0044346430129375,0.79560704,0.8488206399999998,0.9944260887724956
estimate32_h200_pcie50_20260928_01,32,max_efficiency,21.490384615384613,7,2,0,11796480,0,0.2359296,0.0,0.05436915824734854,0.10873831649469708,0.7351070000000002,0.8438453164946973,6,0.7347879999999998,0.10873831649469708,0.0,0.1271912835053029,0.0,0.10873831649469708,0.1271912835053029,0.2359296,0.9710366000000001,0.46089306511220757
estimate32_h200_pcie50_20260928_01,32,max_efficiency,21.490384615384613,8,2,0,10452992,0,0.20905984,0.0,0.05430073918408442,0.10860147836816884,0.732707,0.8413084783681688,7,0.7351070000000002,0.10860147836816884,0.0,0.10045836163183115,0.0,0.10860147836816884,0.10045836163183115,0.20905984,0.9417668400000001,0.5194755643559703
estimate32_h200_pcie50_20260928_01,32,max_efficiency,21.490384615384613,9,1,1,7143424,34078720,0.14286848,0.6815744,0.05423528158852964,0.10847056317705928,0.7322600000000001,0.8407305631770594,8,0.732707,0.10847056317705928,0.6815744,0.034397916822940716,0.0,0.7900449631770593,0.03439791682294069,0.82444288,0.87512848,0.9582773802074187
estimate32_h200_pcie50_20260928_01,32,max_efficiency,21.490384615384613,10,2,0,10027008,0,0.20054016,0.0,0.054253874720849075,0.10850774944169815,0.7332509999999999,0.841758749441698,9,0.7322600000000001,0.10850774944169815,0.0,0.09203241055830184,0.0,0.10850774944169815,0.09203241055830184,0.20054016,0.93379116,0.5410774053521158
estimate32_h200_pcie50_20260928_01,32,max_efficiency,21.490384615384613,11,1,1,4358144,34078720,0.08716288,0.6815744,0.054269475854864226,0.10853895170972845,0.7328669999999999,0.8414059517097284,10,0.7332509999999999,0.08716288,0.6815744,0.0,0.0,0.7687372800000001,0.0,0.7687372800000001,0.8414059517097285,1.0
estimate32_h200_pcie50_20260928_01,32,max_efficiency,21.490384615384613,12,2,0,10223616,0,0.20447232,0.0,0.0542245348191102,0.1084490696382204,0.732516,0.8409650696382204,11,0.7328669999999999,0.1084490696382204,0.0,0.09602325036177961,0.0,0.1084490696382204,0.09602325036177961,0.20447232,0.9369883199999999,0.5303850889852494
estimate32_h200_pcie50_20260928_01,32,max_efficiency,21.490384615384613,13,1,1,7176192,34078720,0.14352384,0.6815744,0.05426169055315412,0.10852338110630824,0.7330590000000001,0.8415823811063083,12,0.732516,0.10852338110630824,0.6815744,0.03500045889369177,0.0,0.7900977811063082,0.035000458893691744,0.82509824,0.8765828400000001,0.9575802526330783
estimate32_h200_pcie50_20260928_01,32,max_efficiency,21.490384615384613,14,2,0,11108352,0,0.22216704,0.0,0.05424114346275843,0.10848228692551685,0.7316819999999999,0.8401642869255168,13,0.7330590000000001,0.10848228692551685,0.0,0.11368475307448316,0.0,0.10848228692551685,0.11368475307448316,0.22216704,0.9538490399999999,0.4882915437209626
estimate32_h200_pcie50_20260928_01,32,max_efficiency,21.490384615384613,15,1,1,4718592,34078720,0.09437184,0.6815744,0.0542245348191102,0.1084490696382204,0.7406760000000001,0.8491250696382205,14,0.7316819999999999,0.09437184,0.6815744,0.0,0.0,0.77594624,0.0,0.77594624,0.8491250696382205,1.0
estimate32_h200_pcie50_20260928_01,32,max_efficiency,21.490384615384613,16,1,1,5832704,34078720,0.11665408,0.6815744,0.05455771520170784,0.10911543040341568,0.7397149999999999,0.8488304304034155,15,0.7406760000000001,0.10911543040341568,0.6815744,0.007538649596584318,0.0,0.7906898304034157,0.007538649596584346,0.79822848,0.85636908,0.9905557747117913
estimate32_h200_pcie50_20260928_01,32,max_efficiency,21.490384615384613,17,2,0,11108352,0,0.22216704,0.0,0.05444533208172782,0.10889066416345564,0.7342440000000001,0.8431346641634557,16,0.7397149999999999,0.10889066416345564,0.0,0.11327637583654437,0.0,0.10889066416345564,0.11327637583654437,0.22216704,0.9564110400000002,0.49012969774209364
estimate32_h200_pcie50_20260928_01,32,max_efficiency,21.490384615384613,18,0,2,0,68157440,0.0,1.3631488,0.05430367012119881,0.10860734024239763,0.7350120000000002,0.8436193402423978,17,0.7342440000000001,0.0,0.7342440000000001,0.0,0.6289047999999999,0.7342440000000001,0.6289047999999999,1.3631488,1.4725241402423979,0.5386381882887621
estimate32_h200_pcie50_20260928_01,32,max_efficiency,21.490384615384613,19,1,1,4489216,34078720,0.08978432,0.6815744,0.05431930178580892,0.10863860357161784,0.7342759999999999,0.8429146035716177,18,0.7350120000000002,0.08978432,0.6815744,0.0,0.0,0.77135872,0.0,0.77135872,0.8429146035716177,1.0
estimate32_h200_pcie50_20260928_01,32,max_efficiency,21.490384615384613,20,1,1,6094848,34078720,0.12189696,0.6815744,0.05436717375867734,0.10873434751735468,0.7351080000000001,0.8438423475173548,19,0.7342759999999999,0.10873434751735468,0.6815744,0.013162612482645317,0.0,0.7903087475173547,0.013162612482645386,0.8034713600000001,0.8570049600000003,0.983617819952356
estimate32_h200_pcie50_20260928_01,32,max_efficiency,21.490384615384613,21,2,0,12746752,0,0.25493504,0.0,0.05442970041711772,0.10885940083423544,0.7353949999999998,0.8442544008342352,20,0.7351080000000001,0.10885940083423544,0.0,0.14607563916576455,0.0,0.10885940083423544,0.14607563916576455,0.25493504,0.9903300399999999,0.42700838940867225
estimate32_h200_pcie50_20260928_01,32,max_efficiency,21.490384615384613,22,1,1,5865472,34078720,0.11730944,0.6815744,0.05425579814833039,0.10851159629666078,0.73546,0.8439715962966607,21,0.7353949999999998,0.10851159629666078,0.6815744,0.00879784370333922,0.0,0.7900859962966608,0.008797843703339248,0.79888384,0.85276944,0.9889873304943316
estimate32_h200_pcie50_20260928_01,32,max_efficiency,21.490384615384613,23,0,2,0,68157440,0.0,1.3631488,0.054321286274480116,0.10864257254896023,0.7345309999999998,0.8431735725489601,22,0.73546,0.0,0.73546,0.0,0.6276888,0.73546,0.6276888,1.3631488,1.4708623725489602,0.5395302405724158
estimate32_h200_pcie50_20260928_01,32,max_efficiency,21.490384615384613,24,1,1,6815744,34078720,0.13631488,0.6815744,0.05441113781539323,0.10882227563078646,0.7362259999999998,0.8450482756307863,23,0.7345309999999998,0.10882227563078646,0.6815744,0.02749260436921354,0.0,0.7903966756307865,0.027492604369213525,0.81788928,0.8725408799999999,0.9663859093871318
estimate32_h200_pcie50_20260928_01,32,max_efficiency,21.490384615384613,25,1,1,7077888,34078720,0.14155776,0.6815744,0.0543378643875334,0.1086757287750668,0.7343719999999998,0.8430477287750666,24,0.7362259999999998,0.1086757287750668,0.6815744,0.0328820312249332,0.0,0.7902501287750668,0.03288203122493316,0.82313216,0.8759297599999997,0.9600525494898253
estimate32_h200_pcie50_20260928_01,32,max_efficiency,21.490384615384613,26,0,2,0,68157440,0.0,1.3631488,0.054423869073483885,0.10884773814696777,0.7364190000000002,0.845266738146968,25,0.7343719999999998,0.0,0.7343719999999998,0.0,0.6287768000000002,0.7343719999999998,0.6287768000000002,1.3631488,1.474043538146968,0.5387320885291464
estimate32_h200_pcie50_20260928_01,32,max_efficiency,21.490384615384613,27,2,0,10780672,0,0.21561344,0.0,0.05434665719887659,0.10869331439775318,0.736675,0.8453683143977532,26,0.7364190000000002,0.10869331439775318,0.0,0.10692012560224681,0.0,0.10869331439775318,0.10692012560224681,0.21561344,0.9522884399999999,0.5041119625833769
estimate32_h200_pcie50_20260928_01,32,max_efficiency,21.490384615384613,28,1,1,6062080,34078720,0.1212416,0.6815744,0.054351542094067236,0.10870308418813447,0.7348839999999999,0.8435870841881343,27,0.736675,0.10870308418813447,0.6815744,0.012538515811865533,0.0,0.7902774841881345,0.012538515811865492,0.802816,0.8561255999999998,0.9843818311893815
estimate32_h200_pcie50_20260928_01,32,max_efficiency,21.490384615384613,29,1,1,4915200,34078720,0.098304,0.6815744,0.05431933231640385,0.1086386646328077,0.7343710000000001,0.8430096646328078,28,0.7348839999999999,0.098304,0.6815744,0.0,0.0,0.7798784000000001,0.0,0.7798784000000001,0.8430096646328078,1.0
estimate32_h200_pcie50_20260928_01,32,max_efficiency,21.490384615384613,30,1,1,6520832,34078720,0.13041664,0.6815744,0.05412683691529709,0.10825367383059419,0.731427,0.8396806738305942,29,0.7343710000000001,0.10825367383059419,0.6815744,0.022162966169405815,0.0,0.7898280738305942,0.02216296616940583,0.81199104,0.8618436399999999,0.9727054055061916
estimate32_h200_pcie50_20260928_01,32,max_efficiency,21.490384615384613,31,2,0,11927552,0,0.23855104,0.0,0.05382983528770525,0.1076596705754105,0.7327720000000002,0.8404316705754107,30,0.731427,0.1076596705754105,0.0,0.1308913694245895,0.0,0.1076596705754105,0.1308913694245895,0.23855104,0.9713230400000001,0.45130664940890847
estimate64_h200_pcie50_20260928_01,64,baseline,30.0,0,2,0,11665408,0,0.23330816,0.0,0.11314791142872284,0.22629582285744568,0.7512669999999999,0.9775628228574456,,0.0,0.22629582285744568,0.0,0.007012337142554309,0.0,0.22629582285744568,0.007012337142554309,0.23330816,0.9845751599999999,0.9699438839063567
estimate64_h200_pcie50_20260928_01,64,baseline,30.0,1,2,0,16678912,0,0.33357824,0.0,0.11174976552079154,0.22349953104158307,0.750756,0.974255531041583,0,0.7512669999999999,0.22349953104158307,0.0,0.11007870895841695,0.0,0.22349953104158307,0.11007870895841695,0.33357824,1.08433424,0.670006326076854
estimate64_h200_pcie50_20260928_01,64,baseline,30.0,2,1,1,7241728,34078720,0.14483456,0.6815744,0.11130669111334852,0.22261338222669705,0.742308,0.964921382226697,1,0.750756,0.14483456,0.6815744,0.0,0.0,0.82640896,0.0,0.82640896,0.9649213822266971,1.0
estimate64_h200_pcie50_20260928_01,64,baseline,30.0,3,1,1,9895936,34078720,0.19791872,0.6815744,0.1104462036912269,0.2208924073824538,0.738755,0.9596474073824539,2,0.742308,0.19791872,0.6815744,0.0,0.0,0.87949312,0.0,0.87949312,0.9596474073824539,1.0
estimate64_h200_pcie50_20260928_01,64,baseline,30.0,4,1,1,8814592,34078720,0.17629184,0.6815744,0.1104678651067019,0.2209357302134038,0.7398749999999998,0.9608107302134037,3,0.738755,0.17629184,0.6815744,0.0,0.0,0.85786624,0.0,0.85786624,0.9608107302134038,1.0
estimate64_h200_pcie50_20260928_01,64,baseline,30.0,5,2,0,16220160,0,0.3244032,0.0,0.1104756804469443,0.2209513608938886,0.7384030000000001,0.9593543608938887,4,0.7398749999999998,0.2209513608938886,0.0,0.10345183910611142,0.0,0.2209513608938886,0.10345183910611142,0.3244032,1.0628062,0.6811010523135671
estimate64_h200_pcie50_20260928_01,64,baseline,30.0,6,1,1,9142272,34078720,0.18284544,0.6815744,0.1104540190314693,0.2209080380629386,0.7347879999999998,0.9556960380629383,5,0.7384030000000001,0.18284544,0.6815744,0.0,0.0,0.86441984,0.0,0.86441984,0.9556960380629382,1.0
estimate64_h200_pcie50_20260928_01,64,baseline,30.0,7,2,0,19169280,0,0.3833856,0.0,0.10958762395058178,0.21917524790116355,0.7351070000000002,0.9542822479011637,6,0.7347879999999998,0.21917524790116355,0.0,0.16421035209883644,0.0,0.21917524790116355,0.16421035209883644,0.3833856,1.1184926000000002,0.5716835684521369
estimate64_h200_pcie50_20260928_01,64,baseline,30.0,8,2,0,17793024,0,0.35586048,0.0,0.10944971704126513,0.21889943408253026,0.732707,0.9516064340825303,7,0.7351070000000002,0.21889943408253026,0.0,0.13696104591746971,0.0,0.21889943408253026,0.13696104591746971,0.35586048,1.08856748,0.6151271253344296
estimate64_h200_pcie50_20260928_01,64,baseline,30.0,9,0,2,0,68157440,0.0,1.3631488,0.10931777932882654,0.21863555865765308,0.7322600000000001,0.9508955586576532,8,0.732707,0.0,0.732707,0.0,0.6304418,0.732707,0.6304418,1.3631488,1.5813373586576533,0.5375106518085186
estimate64_h200_pcie50_20260928_01,64,baseline,30.0,10,2,0,15040512,0,0.30081024,0.0,0.10935525603912277,0.21871051207824554,0.7332509999999999,0.9519615120782454,9,0.7322600000000001,0.21871051207824554,0.0,0.08209972792175446,0.0,0.21871051207824554,0.08209972792175446,0.30081024,1.03406124,0.7270713659157532
estimate64_h200_pcie50_20260928_01,64,baseline,30.0,11,1,1,6848512,34078720,0.13697024,0.6815744,0.1093867020144288,0.2187734040288576,0.7328669999999999,0.9516404040288575,10,0.7332509999999999,0.13697024,0.6815744,0.0,0.0,0.81854464,0.0,0.81854464,0.9516404040288575,1.0
estimate64_h200_pcie50_20260928_01,64,baseline,30.0,12,2,0,18481152,0,0.36962304,0.0,0.10929611791335156,0.21859223582670312,0.732516,0.9511082358267031,11,0.7328669999999999,0.21859223582670312,0.0,0.1510308041732969,0.0,0.21859223582670312,0.1510308041732969,0.36962304,1.10213904,0.5913923434716167
estimate64_h200_pcie50_20260928_01,64,baseline,30.0,13,0,2,0,68157440,0.0,1.3631488,0.10937100979583185,0.2187420195916637,0.7330590000000001,0.9518010195916639,12,0.732516,0.0,0.732516,0.0,0.6306328000000001,0.732516,0.6306328000000001,1.3631488,1.5824338195916638,0.5373705350435697
estimate64_h200_pcie50_20260928_01,64,baseline,30.0,14,2,0,18120704,0,0.36241408,0.0,0.10932959464635836,0.21865918929271672,0.7316819999999999,0.9503411892927167,13,0.7330590000000001,0.21865918929271672,0.0,0.1437548907072833,0.0,0.21865918929271672,0.1437548907072833,0.36241408,1.09409608,0.6033407678109987
estimate64_h200_pcie50_20260928_01,64,baseline,30.0,15,1,1,5505024,34078720,0.11010048,0.6815744,0.10929611791335156,0.21859223582670312,0.7406760000000001,0.9592682358267033,14,0.7316819999999999,0.11010048,0.6815744,0.0,0.0,0.79167488,0.0,0.79167488,0.9592682358267033,1.0
estimate64_h200_pcie50_20260928_01,64,baseline,30.0,16,1,1,9469952,34078720,0.18939904,0.6815744,0.10996768333118845,0.2199353666623769,0.7397149999999999,0.9596503666623768,15,0.7406760000000001,0.18939904,0.6815744,0.0,0.0,0.87097344,0.0,0.87097344,0.9596503666623768,1.0
estimate64_h200_pcie50_20260928_01,64,baseline,30.0,17,1,1,9437184,34078720,0.18874368,0.6815744,0.1097411615403832,0.2194823230807664,0.7342440000000001,0.9537263230807665,16,0.7397149999999999,0.18874368,0.6815744,0.0,0.0,0.87031808,0.0,0.87031808,0.9537263230807665,1.0
estimate64_h200_pcie50_20260928_01,64,baseline,30.0,18,0,2,0,68157440,0.0,1.3631488,0.10945562470003103,0.21891124940006207,0.7350120000000002,0.9539232494000622,17,0.7342440000000001,0.0,0.7342440000000001,0.0,0.6289047999999999,0.7342440000000001,0.6289047999999999,1.3631488,1.5828280494000622,0.5386381882887621
estimate64_h200_pcie50_20260928_01,64,baseline,30.0,19,1,1,8880128,34078720,0.17760256,0.6815744,0.10948713221344922,0.21897426442689844,0.7342759999999999,0.9532502644268983,18,0.7350120000000002,0.17760256,0.6815744,0.0,0.0,0.85917696,0.0,0.85917696,0.9532502644268984,1.0
estimate64_h200_pcie50_20260928_01,64,baseline,30.0,20,1,1,9863168,34078720,0.19726336,0.6815744,0.10958362397329237,0.21916724794658474,0.7351080000000001,0.9542752479465848,19,0.7342759999999999,0.19726336,0.6815744,0.0,0.0,0.87883776,0.0,0.87883776,0.9542752479465847,1.0
estimate64_h200_pcie50_20260928_01,64,baseline,30.0,21,2,0,18612224,0,0.37224448,0.0,0.10970965402696503,0.21941930805393006,0.7353949999999998,0.9548143080539299,20,0.7351080000000001,0.21941930805393006,0.0,0.15282517194606993,0.0,0.21941930805393006,0.15282517194606993,0.37224448,1.1076394799999996,0.5894494608863778
estimate64_h200_pcie50_20260928_01,64,baseline,30.0,22,1,1,9502720,34078720,0.1900544,0.6815744,0.1093591329401879,0.2187182658803758,0.73546,0.9541782658803758,21,0.7353949999999998,0.1900544,0.6815744,0.0,0.0,0.8716288000000001,0.0,0.8716288000000001,0.9541782658803759,1.0
estimate64_h200_pcie50_20260928_01,64,baseline,30.0,23,0,2,0,68157440,0.0,1.3631488,0.10949113219073862,0.21898226438147725,0.7345309999999998,0.9535132643814771,22,0.73546,0.0,0.73546,0.0,0.6276888,0.73546,0.6276888,1.3631488,1.581202064381477,0.5395302405724158
estimate64_h200_pcie50_20260928_01,64,baseline,30.0,24,1,1,9961472,34078720,0.19922944,0.6815744,0.10967223885478096,0.21934447770956192,0.7362259999999998,0.9555704777095617,23,0.7345309999999998,0.19922944,0.6815744,0.0,0.0,0.88080384,0.0,0.88080384,0.9555704777095617,1.0
estimate64_h200_pcie50_20260928_01,64,baseline,30.0,25,0,2,0,68157440,0.0,1.3631488,0.10952454738563329,0.21904909477126658,0.7343719999999998,0.9534210947712664,24,0.7362259999999998,0.0,0.7362259999999998,0.0,0.6269228000000002,0.7362259999999998,0.6269228000000002,1.3631488,1.5803438947712665,0.5400921748234674
estimate64_h200_pcie50_20260928_01,64,baseline,30.0,26,0,2,0,68157440,0.0,1.3631488,0.10969790024754537,0.21939580049509075,0.7364190000000002,0.9558148004950909,25,0.7343719999999998,0.0,0.7343719999999998,0.0,0.6287768000000002,0.7343719999999998,0.6287768000000002,1.3631488,1.5845916004950913,0.5387320885291464
estimate64_h200_pcie50_20260928_01,64,baseline,30.0,27,1,1,9994240,34078720,0.1998848,0.6815744,0.10954227036193101,0.21908454072386202,0.736675,0.9557595407238619,26,0.7364190000000002,0.1998848,0.6815744,0.0,0.0,0.8814592,0.0,0.8814592,0.9557595407238618,1.0
estimate64_h200_pcie50_20260928_01,64,baseline,30.0,28,1,1,8716288,34078720,0.17432576,0.6815744,0.10955211645987419,0.21910423291974837,0.7348839999999999,0.9539882329197482,27,0.736675,0.17432576,0.6815744,0.0,0.0,0.85590016,0.0,0.85590016,0.9539882329197482,1.0
estimate64_h200_pcie50_20260928_01,64,baseline,30.0,29,1,1,7438336,34078720,0.14876672,0.6815744,0.10948719375156135,0.2189743875031227,0.7343710000000001,0.9533453875031228,28,0.7348839999999999,0.14876672,0.6815744,0.0,0.0,0.83034112,0.0,0.83034112,0.9533453875031229,1.0
estimate64_h200_pcie50_20260928_01,64,baseline,30.0,30,0,2,0,68157440,0.0,1.3631488,0.109099195954488,0.218198391908976,0.731427,0.9496253919089761,29,0.7343710000000001,0.0,0.7343710000000001,0.0,0.6287777999999999,0.7343710000000001,0.6287777999999999,1.3631488,1.5784031919089758,0.5387313549335186
estimate64_h200_pcie50_20260928_01,64,baseline,30.0,31,1,1,8945664,34078720,0.17891328,0.6815744,0.10850055319954277,0.21700110639908554,0.7327720000000002,0.9497731063990857,30,0.731427,0.17891328,0.6815744,0.0,0.0,0.8604876800000001,0.0,0.8604876800000001,0.9497731063990857,1.0
estimate64_h200_pcie50_20260928_01,64,min_unhidden,36.68269230769231,0,2,0,11665408,0,0.23330816,0.0,0.11314791142872284,0.22629582285744568,0.7512669999999999,0.9775628228574456,,0.0,0.22629582285744568,0.0,0.007012337142554309,0.0,0.22629582285744568,0.007012337142554309,0.23330816,0.9845751599999999,0.9699438839063567
estimate64_h200_pcie50_20260928_01,64,min_unhidden,36.68269230769231,1,2,0,16678912,0,0.33357824,0.0,0.11174976552079154,0.22349953104158307,0.750756,0.974255531041583,0,0.7512669999999999,0.22349953104158307,0.0,0.11007870895841695,0.0,0.22349953104158307,0.11007870895841695,0.33357824,1.08433424,0.670006326076854
estimate64_h200_pcie50_20260928_01,64,min_unhidden,36.68269230769231,2,2,0,17530880,0,0.3506176,0.0,0.11130669111334852,0.22261338222669705,0.742308,0.964921382226697,1,0.750756,0.22261338222669705,0.0,0.12800421777330293,0.0,0.22261338222669705,0.12800421777330293,0.3506176,1.0929255999999998,0.6349178769881976
estimate64_h200_pcie50_20260928_01,64,min_unhidden,36.68269230769231,3,1,1,9895936,34078720,0.19791872,0.6815744,0.1104462036912269,0.2208924073824538,0.738755,0.9596474073824539,2,0.742308,0.19791872,0.6815744,0.0,0.0,0.87949312,0.0,0.87949312,0.9596474073824539,1.0
estimate64_h200_pcie50_20260928_01,64,min_unhidden,36.68269230769231,4,2,0,19529728,0,0.39059456,0.0,0.1104678651067019,0.2209357302134038,0.7398749999999998,0.9608107302134037,3,0.738755,0.2209357302134038,0.0,0.1696588297865962,0.0,0.2209357302134038,0.1696588297865962,0.39059456,1.1304695599999999,0.5656395475999558
estimate64_h200_pcie50_20260928_01,64,min_unhidden,36.68269230769231,5,2,0,16220160,0,0.3244032,0.0,0.1104756804469443,0.2209513608938886,0.7384030000000001,0.9593543608938887,4,0.7398749999999998,0.2209513608938886,0.0,0.10345183910611142,0.0,0.2209513608938886,0.10345183910611142,0.3244032,1.0628062,0.6811010523135671
estimate64_h200_pcie50_20260928_01,64,min_unhidden,36.68269230769231,6,1,1,9142272,34078720,0.18284544,0.6815744,0.1104540190314693,0.2209080380629386,0.7347879999999998,0.9556960380629383,5,0.7384030000000001,0.18284544,0.6815744,0.0,0.0,0.86441984,0.0,0.86441984,0.9556960380629382,1.0
estimate64_h200_pcie50_20260928_01,64,min_unhidden,36.68269230769231,7,2,0,19169280,0,0.3833856,0.0,0.10958762395058178,0.21917524790116355,0.7351070000000002,0.9542822479011637,6,0.7347879999999998,0.21917524790116355,0.0,0.16421035209883644,0.0,0.21917524790116355,0.16421035209883644,0.3833856,1.1184926000000002,0.5716835684521369
estimate64_h200_pcie50_20260928_01,64,min_unhidden,36.68269230769231,8,2,0,17793024,0,0.35586048,0.0,0.10944971704126513,0.21889943408253026,0.732707,0.9516064340825303,7,0.7351070000000002,0.21889943408253026,0.0,0.13696104591746971,0.0,0.21889943408253026,0.13696104591746971,0.35586048,1.08856748,0.6151271253344296
estimate64_h200_pcie50_20260928_01,64,min_unhidden,36.68269230769231,9,1,1,11239424,34078720,0.22478848,0.6815744,0.10931777932882654,0.21863555865765308,0.7322600000000001,0.9508955586576532,8,0.732707,0.21863555865765308,0.6815744,0.006152921342346934,0.0,0.9002099586576531,0.0061529213423470175,0.9063628800000001,0.9570484800000001,0.9932114151206777
estimate64_h200_pcie50_20260928_01,64,min_unhidden,36.68269230769231,10,2,0,15040512,0,0.30081024,0.0,0.10935525603912277,0.21871051207824554,0.7332509999999999,0.9519615120782454,9,0.7322600000000001,0.21871051207824554,0.0,0.08209972792175446,0.0,0.21871051207824554,0.08209972792175446,0.30081024,1.03406124,0.7270713659157532
estimate64_h200_pcie50_20260928_01,64,min_unhidden,36.68269230769231,11,1,1,6848512,34078720,0.13697024,0.6815744,0.1093867020144288,0.2187734040288576,0.7328669999999999,0.9516404040288575,10,0.7332509999999999,0.13697024,0.6815744,0.0,0.0,0.81854464,0.0,0.81854464,0.9516404040288575,1.0
estimate64_h200_pcie50_20260928_01,64,min_unhidden,36.68269230769231,12,2,0,18481152,0,0.36962304,0.0,0.10929611791335156,0.21859223582670312,0.732516,0.9511082358267031,11,0.7328669999999999,0.21859223582670312,0.0,0.1510308041732969,0.0,0.21859223582670312,0.1510308041732969,0.36962304,1.10213904,0.5913923434716167
estimate64_h200_pcie50_20260928_01,64,min_unhidden,36.68269230769231,13,1,1,10747904,34078720,0.21495808,0.6815744,0.10937100979583185,0.2187420195916637,0.7330590000000001,0.9518010195916639,12,0.732516,0.21495808,0.6815744,0.0,0.0,0.8965324800000001,0.0,0.8965324800000001,0.9518010195916637,1.0
estimate64_h200_pcie50_20260928_01,64,min_unhidden,36.68269230769231,14,2,0,18120704,0,0.36241408,0.0,0.10932959464635836,0.21865918929271672,0.7316819999999999,0.9503411892927167,13,0.7330590000000001,0.21865918929271672,0.0,0.1437548907072833,0.0,0.21865918929271672,0.1437548907072833,0.36241408,1.09409608,0.6033407678109987
estimate64_h200_pcie50_20260928_01,64,min_unhidden,36.68269230769231,15,2,0,16449536,0,0.32899072,0.0,0.10929611791335156,0.21859223582670312,0.7406760000000001,0.9592682358267033,14,0.7316819999999999,0.21859223582670312,0.0,0.1103984841732969,0.0,0.21859223582670312,0.1103984841732969,0.32899072,1.06966672,0.6644328321075534
estimate64_h200_pcie50_20260928_01,64,min_unhidden,36.68269230769231,16,1,1,9469952,34078720,0.18939904,0.6815744,0.10996768333118845,0.2199353666623769,0.7397149999999999,0.9596503666623768,15,0.7406760000000001,0.18939904,0.6815744,0.0,0.0,0.87097344,0.0,0.87097344,0.9596503666623768,1.0
estimate64_h200_pcie50_20260928_01,64,min_unhidden,36.68269230769231,17,2,0,20643840,0,0.4128768,0.0,0.1097411615403832,0.2194823230807664,0.7342440000000001,0.9537263230807665,16,0.7397149999999999,0.2194823230807664,0.0,0.1933944769192336,0.0,0.2194823230807664,0.1933944769192336,0.4128768,1.1471208000000002,0.5315927731487127
estimate64_h200_pcie50_20260928_01,64,min_unhidden,36.68269230769231,18,0,2,0,68157440,0.0,1.3631488,0.10945562470003103,0.21891124940006207,0.7350120000000002,0.9539232494000622,17,0.7342440000000001,0.0,0.7342440000000001,0.0,0.6289047999999999,0.7342440000000001,0.6289047999999999,1.3631488,1.5828280494000622,0.5386381882887621
estimate64_h200_pcie50_20260928_01,64,min_unhidden,36.68269230769231,19,1,1,8880128,34078720,0.17760256,0.6815744,0.10948713221344922,0.21897426442689844,0.7342759999999999,0.9532502644268983,18,0.7350120000000002,0.17760256,0.6815744,0.0,0.0,0.85917696,0.0,0.85917696,0.9532502644268984,1.0
estimate64_h200_pcie50_20260928_01,64,min_unhidden,36.68269230769231,20,2,0,21004288,0,0.42008576,0.0,0.10958362397329237,0.21916724794658474,0.7351080000000001,0.9542752479465848,19,0.7342759999999999,0.21916724794658474,0.0,0.20091851205341524,0.0,0.21916724794658474,0.20091851205341524,0.42008576,1.15519376,0.5217202505188101
estimate64_h200_pcie50_20260928_01,64,min_unhidden,36.68269230769231,21,2,0,18612224,0,0.37224448,0.0,0.10970965402696503,0.21941930805393006,0.7353949999999998,0.9548143080539299,20,0.7351080000000001,0.21941930805393006,0.0,0.15282517194606993,0.0,0.21941930805393006,0.15282517194606993,0.37224448,1.1076394799999996,0.5894494608863778
estimate64_h200_pcie50_20260928_01,64,min_unhidden,36.68269230769231,22,1,1,9502720,34078720,0.1900544,0.6815744,0.1093591329401879,0.2187182658803758,0.73546,0.9541782658803758,21,0.7353949999999998,0.1900544,0.6815744,0.0,0.0,0.8716288000000001,0.0,0.8716288000000001,0.9541782658803759,1.0
estimate64_h200_pcie50_20260928_01,64,min_unhidden,36.68269230769231,23,0,2,0,68157440,0.0,1.3631488,0.10949113219073862,0.21898226438147725,0.7345309999999998,0.9535132643814771,22,0.73546,0.0,0.73546,0.0,0.6276888,0.73546,0.6276888,1.3631488,1.581202064381477,0.5395302405724158
estimate64_h200_pcie50_20260928_01,64,min_unhidden,36.68269230769231,24,1,1,9961472,34078720,0.19922944,0.6815744,0.10967223885478096,0.21934447770956192,0.7362259999999998,0.9555704777095617,23,0.7345309999999998,0.19922944,0.6815744,0.0,0.0,0.88080384,0.0,0.88080384,0.9555704777095617,1.0
estimate64_h200_pcie50_20260928_01,64,min_unhidden,36.68269230769231,25,1,1,11993088,34078720,0.23986176,0.6815744,0.10952454738563329,0.21904909477126658,0.7343719999999998,0.9534210947712664,24,0.7362259999999998,0.21904909477126658,0.6815744,0.02081266522873343,0.0,0.9006234947712666,0.020812665228733485,0.9214361600000001,0.9742337599999997,0.9774127974001655
estimate64_h200_pcie50_20260928_01,64,min_unhidden,36.68269230769231,26,0,2,0,68157440,0.0,1.3631488,0.10969790024754537,0.21939580049509075,0.7364190000000002,0.9558148004950909,25,0.7343719999999998,0.0,0.7343719999999998,0.0,0.6287768000000002,0.7343719999999998,0.6287768000000002,1.3631488,1.5845916004950913,0.5387320885291464
estimate64_h200_pcie50_20260928_01,64,min_unhidden,36.68269230769231,27,2,0,20316160,0,0.4063232,0.0,0.10954227036193101,0.21908454072386202,0.736675,0.9557595407238619,26,0.7364190000000002,0.21908454072386202,0.0,0.18723865927613798,0.0,0.21908454072386202,0.18723865927613798,0.4063232,1.1429981999999999,0.5391878699613067
estimate64_h200_pcie50_20260928_01,64,min_unhidden,36.68269230769231,28,1,1,8716288,34078720,0.17432576,0.6815744,0.10955211645987419,0.21910423291974837,0.7348839999999999,0.9539882329197482,27,0.736675,0.17432576,0.6815744,0.0,0.0,0.85590016,0.0,0.85590016,0.9539882329197482,1.0
estimate64_h200_pcie50_20260928_01,64,min_unhidden,36.68269230769231,29,1,1,7438336,34078720,0.14876672,0.6815744,0.10948719375156135,0.2189743875031227,0.7343710000000001,0.9533453875031228,28,0.7348839999999999,0.14876672,0.6815744,0.0,0.0,0.83034112,0.0,0.83034112,0.9533453875031229,1.0
estimate64_h200_pcie50_20260928_01,64,min_unhidden,36.68269230769231,30,1,1,10485760,34078720,0.2097152,0.6815744,0.109099195954488,0.218198391908976,0.731427,0.9496253919089761,29,0.7343710000000001,0.2097152,0.6815744,0.0,0.0,0.8912896,0.0,0.8912896,0.949625391908976,1.0
estimate64_h200_pcie50_20260928_01,64,min_unhidden,36.68269230769231,31,2,0,19431424,0,0.38862848,0.0,0.10850055319954277,0.21700110639908554,0.7327720000000002,0.9497731063990857,30,0.731427,0.21700110639908554,0.0,0.17162737360091446,0.0,0.21700110639908554,0.17162737360091446,0.38862848,1.1214004800000001,0.5583767468588137
estimate64_h200_pcie50_20260928_01,64,max_efficiency,29.471153846153847,0,2,0,11665408,0,0.23330816,0.0,0.11314791142872284,0.22629582285744568,0.7512669999999999,0.9775628228574456,,0.0,0.22629582285744568,0.0,0.007012337142554309,0.0,0.22629582285744568,0.007012337142554309,0.23330816,0.9845751599999999,0.9699438839063567
estimate64_h200_pcie50_20260928_01,64,max_efficiency,29.471153846153847,1,2,0,16678912,0,0.33357824,0.0,0.11174976552079154,0.22349953104158307,0.750756,0.974255531041583,0,0.7512669999999999,0.22349953104158307,0.0,0.11007870895841695,0.0,0.22349953104158307,0.11007870895841695,0.33357824,1.08433424,0.670006326076854
estimate64_h200_pcie50_20260928_01,64,max_efficiency,29.471153846153847,2,1,1,7241728,34078720,0.14483456,0.6815744,0.11130669111334852,0.22261338222669705,0.742308,0.964921382226697,1,0.750756,0.14483456,0.6815744,0.0,0.0,0.82640896,0.0,0.82640896,0.9649213822266971,1.0
estimate64_h200_pcie50_20260928_01,64,max_efficiency,29.471153846153847,3,1,1,9895936,34078720,0.19791872,0.6815744,0.1104462036912269,0.2208924073824538,0.738755,0.9596474073824539,2,0.742308,0.19791872,0.6815744,0.0,0.0,0.87949312,0.0,0.87949312,0.9596474073824539,1.0
estimate64_h200_pcie50_20260928_01,64,max_efficiency,29.471153846153847,4,1,1,8814592,34078720,0.17629184,0.6815744,0.1104678651067019,0.2209357302134038,0.7398749999999998,0.9608107302134037,3,0.738755,0.17629184,0.6815744,0.0,0.0,0.85786624,0.0,0.85786624,0.9608107302134038,1.0
estimate64_h200_pcie50_20260928_01,64,max_efficiency,29.471153846153847,5,2,0,16220160,0,0.3244032,0.0,0.1104756804469443,0.2209513608938886,0.7384030000000001,0.9593543608938887,4,0.7398749999999998,0.2209513608938886,0.0,0.10345183910611142,0.0,0.2209513608938886,0.10345183910611142,0.3244032,1.0628062,0.6811010523135671
estimate64_h200_pcie50_20260928_01,64,max_efficiency,29.471153846153847,6,1,1,9142272,34078720,0.18284544,0.6815744,0.1104540190314693,0.2209080380629386,0.7347879999999998,0.9556960380629383,5,0.7384030000000001,0.18284544,0.6815744,0.0,0.0,0.86441984,0.0,0.86441984,0.9556960380629382,1.0
estimate64_h200_pcie50_20260928_01,64,max_efficiency,29.471153846153847,7,1,1,9076736,34078720,0.18153472,0.6815744,0.10958762395058178,0.21917524790116355,0.7351070000000002,0.9542822479011637,6,0.7347879999999998,0.18153472,0.6815744,0.0,0.0,0.8631091200000001,0.0,0.8631091200000001,0.9542822479011637,1.0
estimate64_h200_pcie50_20260928_01,64,max_efficiency,29.471153846153847,8,2,0,17793024,0,0.35586048,0.0,0.10944971704126513,0.21889943408253026,0.732707,0.9516064340825303,7,0.7351070000000002,0.21889943408253026,0.0,0.13696104591746971,0.0,0.21889943408253026,0.13696104591746971,0.35586048,1.08856748,0.6151271253344296
estimate64_h200_pcie50_20260928_01,64,max_efficiency,29.471153846153847,9,0,2,0,68157440,0.0,1.3631488,0.10931777932882654,0.21863555865765308,0.7322600000000001,0.9508955586576532,8,0.732707,0.0,0.732707,0.0,0.6304418,0.732707,0.6304418,1.3631488,1.5813373586576533,0.5375106518085186
estimate64_h200_pcie50_20260928_01,64,max_efficiency,29.471153846153847,10,2,0,15040512,0,0.30081024,0.0,0.10935525603912277,0.21871051207824554,0.7332509999999999,0.9519615120782454,9,0.7322600000000001,0.21871051207824554,0.0,0.08209972792175446,0.0,0.21871051207824554,0.08209972792175446,0.30081024,1.03406124,0.7270713659157532
estimate64_h200_pcie50_20260928_01,64,max_efficiency,29.471153846153847,11,1,1,6848512,34078720,0.13697024,0.6815744,0.1093867020144288,0.2187734040288576,0.7328669999999999,0.9516404040288575,10,0.7332509999999999,0.13697024,0.6815744,0.0,0.0,0.81854464,0.0,0.81854464,0.9516404040288575,1.0
estimate64_h200_pcie50_20260928_01,64,max_efficiency,29.471153846153847,12,1,1,8355840,34078720,0.1671168,0.6815744,0.10929611791335156,0.21859223582670312,0.732516,0.9511082358267031,11,0.7328669999999999,0.1671168,0.6815744,0.0,0.0,0.8486912,0.0,0.8486912,0.9511082358267031,1.0
estimate64_h200_pcie50_20260928_01,64,max_efficiency,29.471153846153847,13,0,2,0,68157440,0.0,1.3631488,0.10937100979583185,0.2187420195916637,0.7330590000000001,0.9518010195916639,12,0.732516,0.0,0.732516,0.0,0.6306328000000001,0.732516,0.6306328000000001,1.3631488,1.5824338195916638,0.5373705350435697
estimate64_h200_pcie50_20260928_01,64,max_efficiency,29.471153846153847,14,2,0,18120704,0,0.36241408,0.0,0.10932959464635836,0.21865918929271672,0.7316819999999999,0.9503411892927167,13,0.7330590000000001,0.21865918929271672,0.0,0.1437548907072833,0.0,0.21865918929271672,0.1437548907072833,0.36241408,1.09409608,0.6033407678109987
estimate64_h200_pcie50_20260928_01,64,max_efficiency,29.471153846153847,15,1,1,5505024,34078720,0.11010048,0.6815744,0.10929611791335156,0.21859223582670312,0.7406760000000001,0.9592682358267033,14,0.7316819999999999,0.11010048,0.6815744,0.0,0.0,0.79167488,0.0,0.79167488,0.9592682358267033,1.0
estimate64_h200_pcie50_20260928_01,64,max_efficiency,29.471153846153847,16,1,1,9469952,34078720,0.18939904,0.6815744,0.10996768333118845,0.2199353666623769,0.7397149999999999,0.9596503666623768,15,0.7406760000000001,0.18939904,0.6815744,0.0,0.0,0.87097344,0.0,0.87097344,0.9596503666623768,1.0
estimate64_h200_pcie50_20260928_01,64,max_efficiency,29.471153846153847,17,1,1,9437184,34078720,0.18874368,0.6815744,0.1097411615403832,0.2194823230807664,0.7342440000000001,0.9537263230807665,16,0.7397149999999999,0.18874368,0.6815744,0.0,0.0,0.87031808,0.0,0.87031808,0.9537263230807665,1.0
estimate64_h200_pcie50_20260928_01,64,max_efficiency,29.471153846153847,18,0,2,0,68157440,0.0,1.3631488,0.10945562470003103,0.21891124940006207,0.7350120000000002,0.9539232494000622,17,0.7342440000000001,0.0,0.7342440000000001,0.0,0.6289047999999999,0.7342440000000001,0.6289047999999999,1.3631488,1.5828280494000622,0.5386381882887621
estimate64_h200_pcie50_20260928_01,64,max_efficiency,29.471153846153847,19,1,1,8880128,34078720,0.17760256,0.6815744,0.10948713221344922,0.21897426442689844,0.7342759999999999,0.9532502644268983,18,0.7350120000000002,0.17760256,0.6815744,0.0,0.0,0.85917696,0.0,0.85917696,0.9532502644268984,1.0
estimate64_h200_pcie50_20260928_01,64,max_efficiency,29.471153846153847,20,1,1,9863168,34078720,0.19726336,0.6815744,0.10958362397329237,0.21916724794658474,0.7351080000000001,0.9542752479465848,19,0.7342759999999999,0.19726336,0.6815744,0.0,0.0,0.87883776,0.0,0.87883776,0.9542752479465847,1.0
estimate64_h200_pcie50_20260928_01,64,max_efficiency,29.471153846153847,21,2,0,18612224,0,0.37224448,0.0,0.10970965402696503,0.21941930805393006,0.7353949999999998,0.9548143080539299,20,0.7351080000000001,0.21941930805393006,0.0,0.15282517194606993,0.0,0.21941930805393006,0.15282517194606993,0.37224448,1.1076394799999996,0.5894494608863778
estimate64_h200_pcie50_20260928_01,64,max_efficiency,29.471153846153847,22,1,1,9502720,34078720,0.1900544,0.6815744,0.1093591329401879,0.2187182658803758,0.73546,0.9541782658803758,21,0.7353949999999998,0.1900544,0.6815744,0.0,0.0,0.8716288000000001,0.0,0.8716288000000001,0.9541782658803759,1.0
estimate64_h200_pcie50_20260928_01,64,max_efficiency,29.471153846153847,23,0,2,0,68157440,0.0,1.3631488,0.10949113219073862,0.21898226438147725,0.7345309999999998,0.9535132643814771,22,0.73546,0.0,0.73546,0.0,0.6276888,0.73546,0.6276888,1.3631488,1.581202064381477,0.5395302405724158
estimate64_h200_pcie50_20260928_01,64,max_efficiency,29.471153846153847,24,1,1,9961472,34078720,0.19922944,0.6815744,0.10967223885478096,0.21934447770956192,0.7362259999999998,0.9555704777095617,23,0.7345309999999998,0.19922944,0.6815744,0.0,0.0,0.88080384,0.0,0.88080384,0.9555704777095617,1.0
estimate64_h200_pcie50_20260928_01,64,max_efficiency,29.471153846153847,25,0,2,0,68157440,0.0,1.3631488,0.10952454738563329,0.21904909477126658,0.7343719999999998,0.9534210947712664,24,0.7362259999999998,0.0,0.7362259999999998,0.0,0.6269228000000002,0.7362259999999998,0.6269228000000002,1.3631488,1.5803438947712665,0.5400921748234674
estimate64_h200_pcie50_20260928_01,64,max_efficiency,29.471153846153847,26,0,2,0,68157440,0.0,1.3631488,0.10969790024754537,0.21939580049509075,0.7364190000000002,0.9558148004950909,25,0.7343719999999998,0.0,0.7343719999999998,0.0,0.6287768000000002,0.7343719999999998,0.6287768000000002,1.3631488,1.5845916004950913,0.5387320885291464
estimate64_h200_pcie50_20260928_01,64,max_efficiency,29.471153846153847,27,1,1,9994240,34078720,0.1998848,0.6815744,0.10954227036193101,0.21908454072386202,0.736675,0.9557595407238619,26,0.7364190000000002,0.1998848,0.6815744,0.0,0.0,0.8814592,0.0,0.8814592,0.9557595407238618,1.0
estimate64_h200_pcie50_20260928_01,64,max_efficiency,29.471153846153847,28,1,1,8716288,34078720,0.17432576,0.6815744,0.10955211645987419,0.21910423291974837,0.7348839999999999,0.9539882329197482,27,0.736675,0.17432576,0.6815744,0.0,0.0,0.85590016,0.0,0.85590016,0.9539882329197482,1.0
estimate64_h200_pcie50_20260928_01,64,max_efficiency,29.471153846153847,29,1,1,7438336,34078720,0.14876672,0.6815744,0.10948719375156135,0.2189743875031227,0.7343710000000001,0.9533453875031228,28,0.7348839999999999,0.14876672,0.6815744,0.0,0.0,0.83034112,0.0,0.83034112,0.9533453875031229,1.0
estimate64_h200_pcie50_20260928_01,64,max_efficiency,29.471153846153847,30,0,2,0,68157440,0.0,1.3631488,0.109099195954488,0.218198391908976,0.731427,0.9496253919089761,29,0.7343710000000001,0.0,0.7343710000000001,0.0,0.6287777999999999,0.7343710000000001,0.6287777999999999,1.3631488,1.5784031919089758,0.5387313549335186
estimate64_h200_pcie50_20260928_01,64,max_efficiency,29.471153846153847,31,1,1,8945664,34078720,0.17891328,0.6815744,0.10850055319954277,0.21700110639908554,0.7327720000000002,0.9497731063990857,30,0.731427,0.17891328,0.6815744,0.0,0.0,0.8604876800000001,0.0,0.8604876800000001,0.9497731063990857,1.0
