request_id,sample,layer,miss_pages,page_ratio,stripe_ratio,page_and_stripe_90pct,included_in_plot,plot_layer_with_sample_offset
0,0,0,0,,,,False,-0.24
0,0,1,0,,,,False,0.76
0,0,2,0,,,,False,1.76
0,0,3,0,,,,False,2.76
0,0,4,0,,,,False,3.76
0,0,5,0,,,,False,4.76
0,0,6,0,,,,False,5.76
0,0,7,0,,,,False,6.76
0,0,8,0,,,,False,7.76
0,0,9,0,,,,False,8.76
0,0,10,0,,,,False,9.76
0,0,11,0,,,,False,10.76
0,0,12,0,,,,False,11.76
0,0,13,0,,,,False,12.76
0,0,14,0,,,,False,13.76
0,0,15,0,,,,False,14.76
0,0,16,0,,,,False,15.76
0,0,17,0,,,,False,16.76
0,0,18,0,,,,False,17.76
0,0,19,0,,,,False,18.76
0,0,20,0,,,,False,19.76
0,0,21,0,,,,False,20.76
0,0,22,0,,,,False,21.76
0,0,23,0,,,,False,22.76
0,0,24,0,,,,False,23.76
0,0,25,0,,,,False,24.76
0,0,26,0,,,,False,25.76
0,0,27,0,,,,False,26.76
0,0,28,0,,,,False,27.76
0,0,29,0,,,,False,28.76
0,0,30,0,,,,False,29.76
0,0,31,0,,,,False,30.76
16,0,0,204,0.7244078269824923,0.7244078269824923,False,True,-0.24
16,0,1,206,0.6816889544066548,0.6816889544066548,False,True,0.76
16,0,2,186,0.7004259346900142,0.7004259346900142,False,True,1.76
16,0,3,224,0.7593344557789442,0.7593344557789442,False,True,2.76
16,0,4,187,0.7154566744730679,0.7154566744730679,False,True,3.76
16,0,5,206,0.706511175898931,0.706511175898931,False,True,4.76
16,0,6,226,0.745800563161472,0.745800563161472,False,True,5.76
16,0,7,202,0.7595924561023195,0.7595924561023195,False,True,6.76
16,0,8,216,0.7662948940959787,0.7662948940959787,False,True,7.76
16,0,9,362,0.7068707058088695,0.7068707058088695,False,True,8.76
16,0,10,215,0.6931920423872838,0.6931920423872838,False,True,9.76
16,0,11,254,0.7486320109439124,0.7486320109439124,False,True,10.76
16,0,12,201,0.7009386125795662,0.7009386125795662,False,True,11.76
16,0,13,336,0.6880603754112107,0.6880603754112107,False,True,12.76
16,0,14,217,0.7265268915223336,0.7265268915223336,False,True,13.76
16,0,15,222,0.7002083953557606,0.7002083953557606,False,True,14.76
16,0,16,449,0.6215399851448379,0.6215399851448379,False,True,15.76
16,0,17,248,0.7106152204836416,0.7106152204836416,False,True,16.76
16,0,18,352,0.7237076648841355,0.7237076648841355,False,True,17.76
16,0,19,233,0.7070716569494075,0.7070716569494075,False,True,18.76
16,0,20,268,0.7403571719807551,0.7403571719807551,False,True,19.76
16,0,21,241,0.6780152118797537,0.6780152118797537,False,True,20.76
16,0,22,418,0.6668828361435365,0.6668828361435365,False,True,21.76
16,0,23,563,0.6742111414102064,0.6742111414102064,False,True,22.76
16,0,24,310,0.679081225998116,0.679081225998116,False,True,23.76
16,0,25,301,0.7787849989034286,0.7787849989034286,False,True,24.76
16,0,26,478,0.6701978360269818,0.6701978360269818,False,True,25.76
16,0,27,223,0.7691392304641016,0.7691392304641016,False,True,26.76
16,0,28,272,0.7003610108303249,0.7003610108303249,False,True,27.76
16,0,29,302,0.6644231472675397,0.6644231472675397,False,True,28.76
16,0,30,270,0.7457070084627393,0.7457070084627393,False,True,29.76
16,0,31,230,0.7458254269449716,0.7458254269449716,False,True,30.76
0,1,0,0,,,,False,0.0
0,1,1,0,,,,False,1.0
0,1,2,0,,,,False,2.0
0,1,3,0,,,,False,3.0
0,1,4,0,,,,False,4.0
0,1,5,0,,,,False,5.0
0,1,6,0,,,,False,6.0
0,1,7,0,,,,False,7.0
0,1,8,0,,,,False,8.0
0,1,9,0,,,,False,9.0
0,1,10,0,,,,False,10.0
0,1,11,0,,,,False,11.0
0,1,12,0,,,,False,12.0
0,1,13,0,,,,False,13.0
0,1,14,0,,,,False,14.0
0,1,15,0,,,,False,15.0
0,1,16,0,,,,False,16.0
0,1,17,0,,,,False,17.0
0,1,18,0,,,,False,18.0
0,1,19,0,,,,False,19.0
0,1,20,0,,,,False,20.0
0,1,21,0,,,,False,21.0
0,1,22,0,,,,False,22.0
0,1,23,0,,,,False,23.0
0,1,24,0,,,,False,24.0
0,1,25,0,,,,False,25.0
0,1,26,0,,,,False,26.0
0,1,27,0,,,,False,27.0
0,1,28,0,,,,False,28.0
0,1,29,0,,,,False,29.0
0,1,30,0,,,,False,30.0
0,1,31,0,,,,False,31.0
16,1,0,204,0.7133751413591035,0.7133751413591035,False,True,0.0
16,1,1,206,0.6906292821756087,0.6906292821756087,False,True,1.0
16,1,2,186,0.6943525519848771,0.6943525519848771,False,True,2.0
16,1,3,224,0.7424555195124348,0.7424555195124348,False,True,3.0
16,1,4,187,0.6809909592579547,0.6809909592579547,False,True,4.0
16,1,5,206,0.6981071543150466,0.6981071543150466,False,True,5.0
16,1,6,226,0.7906773063448813,0.7906773063448813,False,True,6.0
16,1,7,202,0.7075187969924812,0.7075187969924812,False,True,7.0
16,1,8,216,0.7171521694846201,0.7171521694846201,False,True,8.0
16,1,9,362,0.6628705824101009,0.6628705824101009,False,True,9.0
16,1,10,215,0.7170868347338936,0.7170868347338936,False,True,10.0
16,1,11,254,0.7238062223762891,0.7238062223762891,False,True,11.0
16,1,12,201,0.7151169055058723,0.7151169055058723,False,True,12.0
16,1,13,336,0.7292513439097942,0.7292513439097942,False,True,13.0
16,1,14,217,0.7176160551388607,0.7176160551388607,False,True,14.0
16,1,15,222,0.7309244855764497,0.7309244855764497,False,True,15.0
16,1,16,449,0.6247132741597686,0.6247132741597686,False,True,16.0
16,1,17,248,0.7194894974740761,0.7194894974740761,False,True,17.0
16,1,18,352,0.7093389296956978,0.7093389296956978,False,True,18.0
16,1,19,233,0.7169155630694092,0.7169155630694092,False,True,19.0
16,1,20,268,0.7525182212758987,0.7525182212758987,False,True,20.0
16,1,21,241,0.6863421721758082,0.6863421721758082,False,True,21.0
16,1,22,418,0.6582066129119541,0.6582066129119541,False,True,22.0
16,1,23,563,0.6751184282053273,0.6751184282053273,False,True,23.0
16,1,24,310,0.6897348840569241,0.6897348840569241,False,True,24.0
16,1,25,301,0.7404753199268739,0.7404753199268739,False,True,25.0
16,1,26,478,0.6838929219600726,0.6838929219600726,False,True,26.0
16,1,27,223,0.7398009950248756,0.7398009950248756,False,True,27.0
16,1,28,272,0.7134165866154338,0.7134165866154338,False,True,28.0
16,1,29,302,0.7093574178264732,0.7093574178264732,False,True,29.0
16,1,30,270,0.7768710847345862,0.7768710847345862,False,True,30.0
16,1,31,230,0.758221622142926,0.758221622142926,False,True,31.0
0,2,0,0,,,,False,0.24
0,2,1,0,,,,False,1.24
0,2,2,0,,,,False,2.24
0,2,3,0,,,,False,3.24
0,2,4,0,,,,False,4.24
0,2,5,0,,,,False,5.24
0,2,6,0,,,,False,6.24
0,2,7,0,,,,False,7.24
0,2,8,0,,,,False,8.24
0,2,9,0,,,,False,9.24
0,2,10,0,,,,False,10.24
0,2,11,0,,,,False,11.24
0,2,12,0,,,,False,12.24
0,2,13,0,,,,False,13.24
0,2,14,0,,,,False,14.24
0,2,15,0,,,,False,15.24
0,2,16,0,,,,False,16.24
0,2,17,0,,,,False,17.24
0,2,18,0,,,,False,18.24
0,2,19,0,,,,False,19.24
0,2,20,0,,,,False,20.24
0,2,21,0,,,,False,21.24
0,2,22,0,,,,False,22.24
0,2,23,0,,,,False,23.24
0,2,24,0,,,,False,24.24
0,2,25,0,,,,False,25.24
0,2,26,0,,,,False,26.24
0,2,27,0,,,,False,27.24
0,2,28,0,,,,False,28.24
0,2,29,0,,,,False,29.24
0,2,30,0,,,,False,30.24
0,2,31,0,,,,False,31.24
16,2,0,204,0.7254368525687978,0.7254368525687978,False,True,0.24
16,2,1,206,0.6996068430559983,0.6996068430559983,False,True,1.24
16,2,2,186,0.7179885332059245,0.7179885332059245,False,True,2.24
16,2,3,224,0.7323420074349443,0.7323420074349443,False,True,3.24
16,2,4,187,0.6653479171515011,0.6653479171515011,False,True,4.24
16,2,5,206,0.6826902579407376,0.6826902579407376,False,True,5.24
16,2,6,226,0.7900811894747138,0.7900811894747138,False,True,6.24
16,2,7,202,0.7411140008669267,0.7411140008669267,False,True,7.24
16,2,8,216,0.7294094213723733,0.7294094213723733,False,True,8.24
16,2,9,362,0.6869650883566283,0.6869650883566283,False,True,9.24
16,2,10,215,0.6963392678535707,0.6963392678535707,False,True,10.24
16,2,11,254,0.6984207845134998,0.6984207845134998,False,True,11.24
16,2,12,201,0.7203114860480208,0.7203114860480208,False,True,12.24
16,2,13,336,0.7065720054712434,0.7065720054712434,False,True,13.24
16,2,14,217,0.7287998380894556,0.7287998380894556,False,True,14.24
16,2,15,222,0.7318646422546393,0.7318646422546393,False,True,15.24
16,2,16,449,0.6364039408866995,0.6364039408866995,False,True,16.24
16,2,17,248,0.7130380536494073,0.7130380536494073,False,True,17.24
16,2,18,352,0.7145766477412985,0.7145766477412985,False,True,18.24
16,2,19,233,0.7063821752265861,0.7063821752265861,False,True,19.24
16,2,20,268,0.7583501819652244,0.7583501819652244,False,True,20.24
16,2,21,241,0.668000727669638,0.668000727669638,False,True,21.24
16,2,22,418,0.6484586262844781,0.6484586262844781,False,True,22.24
16,2,23,563,0.6818004066948224,0.6818004066948224,False,True,23.24
16,2,24,310,0.7506523630037693,0.7506523630037693,False,True,24.24
16,2,25,301,0.7296566837107378,0.7296566837107378,False,True,25.24
16,2,26,478,0.6764946021954096,0.6764946021954096,False,True,26.24
16,2,27,223,0.7406636948984646,0.7406636948984646,False,True,27.24
16,2,28,272,0.697922470747433,0.697922470747433,False,True,28.24
16,2,29,302,0.6820296920008864,0.6820296920008864,False,True,29.24
16,2,30,270,0.7738619676945668,0.7738619676945668,False,True,30.24
16,2,31,230,0.7654261934372907,0.7654261934372907,False,True,31.24
