prefix_tokens,extend_tokens,method,phase,sample,wall_ms,bench_run_id
4096,128,hbm,prefill,0,38.7451290152967,deepseek_shape_matrix_20261007_04_h4096_a128_bench
4096,128,hbm,prefill,1,29.347602045163512,deepseek_shape_matrix_20261007_04_h4096_a128_bench
4096,128,hbm,prefill,2,29.975741053931415,deepseek_shape_matrix_20261007_04_h4096_a128_bench
4096,128,hbm,extend,0,2.7073919773101807,deepseek_shape_matrix_20261007_04_h4096_a128_bench
4096,128,hbm,extend,1,2.5899549946188927,deepseek_shape_matrix_20261007_04_h4096_a128_bench
4096,128,hbm,extend,2,2.565994975157082,deepseek_shape_matrix_20261007_04_h4096_a128_bench
4096,128,hbm,extend,3,2.543718903325498,deepseek_shape_matrix_20261007_04_h4096_a128_bench
4096,128,hbm,extend,4,2.534974948503077,deepseek_shape_matrix_20261007_04_h4096_a128_bench
4096,128,echo,prefill,0,31.021695001982152,deepseek_shape_matrix_20261007_04_h4096_a128_bench
4096,128,echo,prefill,1,30.135421897284687,deepseek_shape_matrix_20261007_04_h4096_a128_bench
4096,128,echo,prefill,2,30.64951708074659,deepseek_shape_matrix_20261007_04_h4096_a128_bench
4096,128,echo,extend,0,3.4155560424551368,deepseek_shape_matrix_20261007_04_h4096_a128_bench
4096,128,echo,extend,1,3.3523919992148876,deepseek_shape_matrix_20261007_04_h4096_a128_bench
4096,128,echo,extend,2,3.3520859433338046,deepseek_shape_matrix_20261007_04_h4096_a128_bench
4096,128,echo,extend,3,3.3884330186992884,deepseek_shape_matrix_20261007_04_h4096_a128_bench
4096,128,echo,extend,4,3.3464819425716996,deepseek_shape_matrix_20261007_04_h4096_a128_bench
4096,128,serial_sparse,prefill,0,30.155185027979314,deepseek_shape_matrix_20261007_04_h4096_a128_bench
4096,128,serial_sparse,prefill,1,30.142559087835252,deepseek_shape_matrix_20261007_04_h4096_a128_bench
4096,128,serial_sparse,prefill,2,30.11162905022502,deepseek_shape_matrix_20261007_04_h4096_a128_bench
4096,128,serial_sparse,extend,0,3.220363985747099,deepseek_shape_matrix_20261007_04_h4096_a128_bench
4096,128,serial_sparse,extend,1,3.10869503300637,deepseek_shape_matrix_20261007_04_h4096_a128_bench
4096,128,serial_sparse,extend,2,3.0994489789009094,deepseek_shape_matrix_20261007_04_h4096_a128_bench
4096,128,serial_sparse,extend,3,3.083121031522751,deepseek_shape_matrix_20261007_04_h4096_a128_bench
4096,128,serial_sparse,extend,4,3.0900080455467105,deepseek_shape_matrix_20261007_04_h4096_a128_bench
4096,128,dense_prefetch,prefill,0,29.986959998495877,deepseek_shape_matrix_20261007_04_h4096_a128_bench
4096,128,dense_prefetch,prefill,1,29.63881695177406,deepseek_shape_matrix_20261007_04_h4096_a128_bench
4096,128,dense_prefetch,prefill,2,29.631305020302534,deepseek_shape_matrix_20261007_04_h4096_a128_bench
4096,128,dense_prefetch,extend,0,2.8325810562819242,deepseek_shape_matrix_20261007_04_h4096_a128_bench
4096,128,dense_prefetch,extend,1,2.7770668966695666,deepseek_shape_matrix_20261007_04_h4096_a128_bench
4096,128,dense_prefetch,extend,2,2.740417025052011,deepseek_shape_matrix_20261007_04_h4096_a128_bench
4096,128,dense_prefetch,extend,3,2.742622047662735,deepseek_shape_matrix_20261007_04_h4096_a128_bench
4096,128,dense_prefetch,extend,4,2.7545529883354902,deepseek_shape_matrix_20261007_04_h4096_a128_bench
4096,256,hbm,prefill,0,29.8769410001114,deepseek_shape_matrix_20261007_04_h4096_a256_bench
4096,256,hbm,prefill,1,29.364799964241683,deepseek_shape_matrix_20261007_04_h4096_a256_bench
4096,256,hbm,prefill,2,29.386230977252126,deepseek_shape_matrix_20261007_04_h4096_a256_bench
4096,256,hbm,extend,0,3.3674369333311915,deepseek_shape_matrix_20261007_04_h4096_a256_bench
4096,256,hbm,extend,1,3.3289670245721936,deepseek_shape_matrix_20261007_04_h4096_a256_bench
4096,256,hbm,extend,2,3.264424973167479,deepseek_shape_matrix_20261007_04_h4096_a256_bench
4096,256,hbm,extend,3,3.2538819359615445,deepseek_shape_matrix_20261007_04_h4096_a256_bench
4096,256,hbm,extend,4,3.308461047708988,deepseek_shape_matrix_20261007_04_h4096_a256_bench
4096,256,echo,prefill,0,33.19215797819197,deepseek_shape_matrix_20261007_04_h4096_a256_bench
4096,256,echo,prefill,1,29.966232948936522,deepseek_shape_matrix_20261007_04_h4096_a256_bench
4096,256,echo,prefill,2,30.28781001921743,deepseek_shape_matrix_20261007_04_h4096_a256_bench
4096,256,echo,extend,0,4.245496005751193,deepseek_shape_matrix_20261007_04_h4096_a256_bench
4096,256,echo,extend,1,4.154794965870678,deepseek_shape_matrix_20261007_04_h4096_a256_bench
4096,256,echo,extend,2,4.154509981162846,deepseek_shape_matrix_20261007_04_h4096_a256_bench
4096,256,echo,extend,3,4.154526046477258,deepseek_shape_matrix_20261007_04_h4096_a256_bench
4096,256,echo,extend,4,4.162685014307499,deepseek_shape_matrix_20261007_04_h4096_a256_bench
4096,256,serial_sparse,prefill,0,30.31533700414002,deepseek_shape_matrix_20261007_04_h4096_a256_bench
4096,256,serial_sparse,prefill,1,29.739968944340944,deepseek_shape_matrix_20261007_04_h4096_a256_bench
4096,256,serial_sparse,prefill,2,30.537888989783823,deepseek_shape_matrix_20261007_04_h4096_a256_bench
4096,256,serial_sparse,extend,0,4.057399928569794,deepseek_shape_matrix_20261007_04_h4096_a256_bench
4096,256,serial_sparse,extend,1,3.9521370781585574,deepseek_shape_matrix_20261007_04_h4096_a256_bench
4096,256,serial_sparse,extend,2,3.9725840324535966,deepseek_shape_matrix_20261007_04_h4096_a256_bench
4096,256,serial_sparse,extend,3,3.9619290037080646,deepseek_shape_matrix_20261007_04_h4096_a256_bench
4096,256,serial_sparse,extend,4,3.929633996449411,deepseek_shape_matrix_20261007_04_h4096_a256_bench
4096,256,dense_prefetch,prefill,0,30.679985997267067,deepseek_shape_matrix_20261007_04_h4096_a256_bench
4096,256,dense_prefetch,prefill,1,29.746368993073702,deepseek_shape_matrix_20261007_04_h4096_a256_bench
4096,256,dense_prefetch,prefill,2,29.88030097912997,deepseek_shape_matrix_20261007_04_h4096_a256_bench
4096,256,dense_prefetch,extend,0,3.6804128903895617,deepseek_shape_matrix_20261007_04_h4096_a256_bench
4096,256,dense_prefetch,extend,1,3.5804969957098365,deepseek_shape_matrix_20261007_04_h4096_a256_bench
4096,256,dense_prefetch,extend,2,3.5599040566012263,deepseek_shape_matrix_20261007_04_h4096_a256_bench
4096,256,dense_prefetch,extend,3,3.5705070476979017,deepseek_shape_matrix_20261007_04_h4096_a256_bench
4096,256,dense_prefetch,extend,4,3.5554940113797784,deepseek_shape_matrix_20261007_04_h4096_a256_bench
4096,512,hbm,prefill,0,29.560937080532312,deepseek_shape_matrix_20261007_04_h4096_a512_bench
4096,512,hbm,prefill,1,29.303611954674125,deepseek_shape_matrix_20261007_04_h4096_a512_bench
4096,512,hbm,prefill,2,29.314496088773012,deepseek_shape_matrix_20261007_04_h4096_a512_bench
4096,512,hbm,extend,0,5.218972102738917,deepseek_shape_matrix_20261007_04_h4096_a512_bench
4096,512,hbm,extend,1,5.163144087418914,deepseek_shape_matrix_20261007_04_h4096_a512_bench
4096,512,hbm,extend,2,5.146626033820212,deepseek_shape_matrix_20261007_04_h4096_a512_bench
4096,512,hbm,extend,3,5.008458043448627,deepseek_shape_matrix_20261007_04_h4096_a512_bench
4096,512,hbm,extend,4,4.994106013327837,deepseek_shape_matrix_20261007_04_h4096_a512_bench
4096,512,echo,prefill,0,30.92762001324445,deepseek_shape_matrix_20261007_04_h4096_a512_bench
4096,512,echo,prefill,1,30.00944305676967,deepseek_shape_matrix_20261007_04_h4096_a512_bench
4096,512,echo,prefill,2,31.086451024748385,deepseek_shape_matrix_20261007_04_h4096_a512_bench
4096,512,echo,extend,0,6.08530908357352,deepseek_shape_matrix_20261007_04_h4096_a512_bench
4096,512,echo,extend,1,6.028280011378229,deepseek_shape_matrix_20261007_04_h4096_a512_bench
4096,512,echo,extend,2,6.0622579185292125,deepseek_shape_matrix_20261007_04_h4096_a512_bench
4096,512,echo,extend,3,6.016066996380687,deepseek_shape_matrix_20261007_04_h4096_a512_bench
4096,512,echo,extend,4,5.965171032585204,deepseek_shape_matrix_20261007_04_h4096_a512_bench
4096,512,serial_sparse,prefill,0,30.84905503783375,deepseek_shape_matrix_20261007_04_h4096_a512_bench
4096,512,serial_sparse,prefill,1,30.205718940123916,deepseek_shape_matrix_20261007_04_h4096_a512_bench
4096,512,serial_sparse,prefill,2,30.336448922753334,deepseek_shape_matrix_20261007_04_h4096_a512_bench
4096,512,serial_sparse,extend,0,5.7466160506010056,deepseek_shape_matrix_20261007_04_h4096_a512_bench
4096,512,serial_sparse,extend,1,5.681858980096877,deepseek_shape_matrix_20261007_04_h4096_a512_bench
4096,512,serial_sparse,extend,2,5.672906991094351,deepseek_shape_matrix_20261007_04_h4096_a512_bench
4096,512,serial_sparse,extend,3,5.641267984174192,deepseek_shape_matrix_20261007_04_h4096_a512_bench
4096,512,serial_sparse,extend,4,5.664119962602854,deepseek_shape_matrix_20261007_04_h4096_a512_bench
4096,512,dense_prefetch,prefill,0,30.487287091091275,deepseek_shape_matrix_20261007_04_h4096_a512_bench
4096,512,dense_prefetch,prefill,1,29.702141997404397,deepseek_shape_matrix_20261007_04_h4096_a512_bench
4096,512,dense_prefetch,prefill,2,30.286519904620945,deepseek_shape_matrix_20261007_04_h4096_a512_bench
4096,512,dense_prefetch,extend,0,5.369136924855411,deepseek_shape_matrix_20261007_04_h4096_a512_bench
4096,512,dense_prefetch,extend,1,5.252434988506138,deepseek_shape_matrix_20261007_04_h4096_a512_bench
4096,512,dense_prefetch,extend,2,5.274851922877133,deepseek_shape_matrix_20261007_04_h4096_a512_bench
4096,512,dense_prefetch,extend,3,5.269806017167866,deepseek_shape_matrix_20261007_04_h4096_a512_bench
4096,512,dense_prefetch,extend,4,5.254324991255999,deepseek_shape_matrix_20261007_04_h4096_a512_bench
4096,1024,hbm,prefill,0,29.554703971371055,deepseek_shape_matrix_20261007_04_h4096_a1024_bench
4096,1024,hbm,prefill,1,29.289853991940618,deepseek_shape_matrix_20261007_04_h4096_a1024_bench
4096,1024,hbm,prefill,2,29.84247705899179,deepseek_shape_matrix_20261007_04_h4096_a1024_bench
4096,1024,hbm,extend,0,8.79747699946165,deepseek_shape_matrix_20261007_04_h4096_a1024_bench
4096,1024,hbm,extend,1,8.601045003160834,deepseek_shape_matrix_20261007_04_h4096_a1024_bench
4096,1024,hbm,extend,2,8.504629018716514,deepseek_shape_matrix_20261007_04_h4096_a1024_bench
4096,1024,hbm,extend,3,8.47046507988125,deepseek_shape_matrix_20261007_04_h4096_a1024_bench
4096,1024,hbm,extend,4,8.447131025604904,deepseek_shape_matrix_20261007_04_h4096_a1024_bench
4096,1024,echo,prefill,0,30.647660023532808,deepseek_shape_matrix_20261007_04_h4096_a1024_bench
4096,1024,echo,prefill,1,29.778872965835035,deepseek_shape_matrix_20261007_04_h4096_a1024_bench
4096,1024,echo,prefill,2,30.245880014263093,deepseek_shape_matrix_20261007_04_h4096_a1024_bench
4096,1024,echo,extend,0,9.886509971693158,deepseek_shape_matrix_20261007_04_h4096_a1024_bench
4096,1024,echo,extend,1,9.766964009031653,deepseek_shape_matrix_20261007_04_h4096_a1024_bench
4096,1024,echo,extend,2,9.73879499360919,deepseek_shape_matrix_20261007_04_h4096_a1024_bench
4096,1024,echo,extend,3,9.690116043202579,deepseek_shape_matrix_20261007_04_h4096_a1024_bench
4096,1024,echo,extend,4,9.723394992761314,deepseek_shape_matrix_20261007_04_h4096_a1024_bench
4096,1024,serial_sparse,prefill,0,80.78180009033531,deepseek_shape_matrix_20261007_04_h4096_a1024_bench
4096,1024,serial_sparse,prefill,1,29.813159024342895,deepseek_shape_matrix_20261007_04_h4096_a1024_bench
4096,1024,serial_sparse,prefill,2,30.783244059421122,deepseek_shape_matrix_20261007_04_h4096_a1024_bench
4096,1024,serial_sparse,extend,0,9.36160096898675,deepseek_shape_matrix_20261007_04_h4096_a1024_bench
4096,1024,serial_sparse,extend,1,9.275757940486073,deepseek_shape_matrix_20261007_04_h4096_a1024_bench
4096,1024,serial_sparse,extend,2,9.247083915397525,deepseek_shape_matrix_20261007_04_h4096_a1024_bench
4096,1024,serial_sparse,extend,3,9.238759987056255,deepseek_shape_matrix_20261007_04_h4096_a1024_bench
4096,1024,serial_sparse,extend,4,9.237706079147756,deepseek_shape_matrix_20261007_04_h4096_a1024_bench
4096,1024,dense_prefetch,prefill,0,30.364043079316616,deepseek_shape_matrix_20261007_04_h4096_a1024_bench
4096,1024,dense_prefetch,prefill,1,29.580211034044623,deepseek_shape_matrix_20261007_04_h4096_a1024_bench
4096,1024,dense_prefetch,prefill,2,29.832599917426705,deepseek_shape_matrix_20261007_04_h4096_a1024_bench
4096,1024,dense_prefetch,extend,0,8.97091708611697,deepseek_shape_matrix_20261007_04_h4096_a1024_bench
4096,1024,dense_prefetch,extend,1,8.81760602351278,deepseek_shape_matrix_20261007_04_h4096_a1024_bench
4096,1024,dense_prefetch,extend,2,8.76589899417013,deepseek_shape_matrix_20261007_04_h4096_a1024_bench
4096,1024,dense_prefetch,extend,3,8.788384962826967,deepseek_shape_matrix_20261007_04_h4096_a1024_bench
4096,1024,dense_prefetch,extend,4,8.785840938799083,deepseek_shape_matrix_20261007_04_h4096_a1024_bench
16384,128,hbm,prefill,0,129.2108700145036,deepseek_shape_matrix_20261007_03_h16384_a128_bench
16384,128,hbm,prefill,1,133.09870101511478,deepseek_shape_matrix_20261007_03_h16384_a128_bench
16384,128,hbm,prefill,2,133.4007759578526,deepseek_shape_matrix_20261007_03_h16384_a128_bench
16384,128,hbm,extend,0,2.8148749843239784,deepseek_shape_matrix_20261007_03_h16384_a128_bench
16384,128,hbm,extend,1,2.6794710429385304,deepseek_shape_matrix_20261007_03_h16384_a128_bench
16384,128,hbm,extend,2,2.622850937768817,deepseek_shape_matrix_20261007_03_h16384_a128_bench
16384,128,hbm,extend,3,2.6041819946840405,deepseek_shape_matrix_20261007_03_h16384_a128_bench
16384,128,hbm,extend,4,2.605358953587711,deepseek_shape_matrix_20261007_03_h16384_a128_bench
16384,128,echo,prefill,0,131.26608193852007,deepseek_shape_matrix_20261007_03_h16384_a128_bench
16384,128,echo,prefill,1,134.26651305053383,deepseek_shape_matrix_20261007_03_h16384_a128_bench
16384,128,echo,prefill,2,134.5836550462991,deepseek_shape_matrix_20261007_03_h16384_a128_bench
16384,128,echo,extend,0,4.072150913998485,deepseek_shape_matrix_20261007_03_h16384_a128_bench
16384,128,echo,extend,1,3.9575049886479974,deepseek_shape_matrix_20261007_03_h16384_a128_bench
16384,128,echo,extend,2,3.964010044001043,deepseek_shape_matrix_20261007_03_h16384_a128_bench
16384,128,echo,extend,3,3.960183006711304,deepseek_shape_matrix_20261007_03_h16384_a128_bench
16384,128,echo,extend,4,3.945113974623382,deepseek_shape_matrix_20261007_03_h16384_a128_bench
16384,128,serial_sparse,prefill,0,132.23226799163967,deepseek_shape_matrix_20261007_03_h16384_a128_bench
16384,128,serial_sparse,prefill,1,133.08713806327432,deepseek_shape_matrix_20261007_03_h16384_a128_bench
16384,128,serial_sparse,prefill,2,133.52307502646,deepseek_shape_matrix_20261007_03_h16384_a128_bench
16384,128,serial_sparse,extend,0,3.5943440161645412,deepseek_shape_matrix_20261007_03_h16384_a128_bench
16384,128,serial_sparse,extend,1,3.4788521006703377,deepseek_shape_matrix_20261007_03_h16384_a128_bench
16384,128,serial_sparse,extend,2,3.497525933198631,deepseek_shape_matrix_20261007_03_h16384_a128_bench
16384,128,serial_sparse,extend,3,3.492160001769662,deepseek_shape_matrix_20261007_03_h16384_a128_bench
16384,128,serial_sparse,extend,4,3.4780700225383043,deepseek_shape_matrix_20261007_03_h16384_a128_bench
16384,128,dense_prefetch,prefill,0,130.95141504891217,deepseek_shape_matrix_20261007_03_h16384_a128_bench
16384,128,dense_prefetch,prefill,1,132.4102469952777,deepseek_shape_matrix_20261007_03_h16384_a128_bench
16384,128,dense_prefetch,prefill,2,133.18929902743548,deepseek_shape_matrix_20261007_03_h16384_a128_bench
16384,128,dense_prefetch,extend,0,3.14282497856766,deepseek_shape_matrix_20261007_03_h16384_a128_bench
16384,128,dense_prefetch,extend,1,3.0557860154658556,deepseek_shape_matrix_20261007_03_h16384_a128_bench
16384,128,dense_prefetch,extend,2,3.0356909846886992,deepseek_shape_matrix_20261007_03_h16384_a128_bench
16384,128,dense_prefetch,extend,3,3.0339000513777137,deepseek_shape_matrix_20261007_03_h16384_a128_bench
16384,128,dense_prefetch,extend,4,3.0341040110215545,deepseek_shape_matrix_20261007_03_h16384_a128_bench
16384,256,hbm,prefill,0,129.8199970042333,deepseek_shape_matrix_20261007_03_h16384_a256_bench
16384,256,hbm,prefill,1,132.58628104813397,deepseek_shape_matrix_20261007_03_h16384_a256_bench
16384,256,hbm,prefill,2,133.28659196849912,deepseek_shape_matrix_20261007_03_h16384_a256_bench
16384,256,hbm,extend,0,3.588097053579986,deepseek_shape_matrix_20261007_03_h16384_a256_bench
16384,256,hbm,extend,1,3.4959979820996523,deepseek_shape_matrix_20261007_03_h16384_a256_bench
16384,256,hbm,extend,2,3.446582006290555,deepseek_shape_matrix_20261007_03_h16384_a256_bench
16384,256,hbm,extend,3,3.4385089529678226,deepseek_shape_matrix_20261007_03_h16384_a256_bench
16384,256,hbm,extend,4,3.417611005716026,deepseek_shape_matrix_20261007_03_h16384_a256_bench
16384,256,echo,prefill,0,131.82246999349445,deepseek_shape_matrix_20261007_03_h16384_a256_bench
16384,256,echo,prefill,1,132.73239007685333,deepseek_shape_matrix_20261007_03_h16384_a256_bench
16384,256,echo,prefill,2,133.63818393554538,deepseek_shape_matrix_20261007_03_h16384_a256_bench
16384,256,echo,extend,0,4.923036089166999,deepseek_shape_matrix_20261007_03_h16384_a256_bench
16384,256,echo,extend,1,4.819566966034472,deepseek_shape_matrix_20261007_03_h16384_a256_bench
16384,256,echo,extend,2,4.810129990801215,deepseek_shape_matrix_20261007_03_h16384_a256_bench
16384,256,echo,extend,3,4.808363970369101,deepseek_shape_matrix_20261007_03_h16384_a256_bench
16384,256,echo,extend,4,4.8071169294416904,deepseek_shape_matrix_20261007_03_h16384_a256_bench
16384,256,serial_sparse,prefill,0,131.62240502424538,deepseek_shape_matrix_20261007_03_h16384_a256_bench
16384,256,serial_sparse,prefill,1,133.08018306270242,deepseek_shape_matrix_20261007_03_h16384_a256_bench
16384,256,serial_sparse,prefill,2,132.18822900671512,deepseek_shape_matrix_20261007_03_h16384_a256_bench
16384,256,serial_sparse,extend,0,4.56378806848079,deepseek_shape_matrix_20261007_03_h16384_a256_bench
16384,256,serial_sparse,extend,1,4.4291840167716146,deepseek_shape_matrix_20261007_03_h16384_a256_bench
16384,256,serial_sparse,extend,2,4.381543956696987,deepseek_shape_matrix_20261007_03_h16384_a256_bench
16384,256,serial_sparse,extend,3,4.3973911087960005,deepseek_shape_matrix_20261007_03_h16384_a256_bench
16384,256,serial_sparse,extend,4,4.41450800281018,deepseek_shape_matrix_20261007_03_h16384_a256_bench
16384,256,dense_prefetch,prefill,0,131.02320698089898,deepseek_shape_matrix_20261007_03_h16384_a256_bench
16384,256,dense_prefetch,prefill,1,133.55410506483167,deepseek_shape_matrix_20261007_03_h16384_a256_bench
16384,256,dense_prefetch,prefill,2,133.0275540240109,deepseek_shape_matrix_20261007_03_h16384_a256_bench
16384,256,dense_prefetch,extend,0,3.9398439694195986,deepseek_shape_matrix_20261007_03_h16384_a256_bench
16384,256,dense_prefetch,extend,1,3.8588079623878,deepseek_shape_matrix_20261007_03_h16384_a256_bench
16384,256,dense_prefetch,extend,2,3.854986047372222,deepseek_shape_matrix_20261007_03_h16384_a256_bench
16384,256,dense_prefetch,extend,3,3.8441489450633526,deepseek_shape_matrix_20261007_03_h16384_a256_bench
16384,256,dense_prefetch,extend,4,3.8309929659590125,deepseek_shape_matrix_20261007_03_h16384_a256_bench
16384,512,hbm,prefill,0,128.66570404730737,deepseek_shape_matrix_20261007_02_h16384_a512_bench
16384,512,hbm,prefill,1,132.09466903936118,deepseek_shape_matrix_20261007_02_h16384_a512_bench
16384,512,hbm,prefill,2,132.4296430684626,deepseek_shape_matrix_20261007_02_h16384_a512_bench
16384,512,hbm,extend,0,5.49866899382323,deepseek_shape_matrix_20261007_02_h16384_a512_bench
16384,512,hbm,extend,1,5.412745987996459,deepseek_shape_matrix_20261007_02_h16384_a512_bench
16384,512,hbm,extend,2,5.308507010340691,deepseek_shape_matrix_20261007_02_h16384_a512_bench
16384,512,hbm,extend,3,5.3061830112710595,deepseek_shape_matrix_20261007_02_h16384_a512_bench
16384,512,hbm,extend,4,5.292635061778128,deepseek_shape_matrix_20261007_02_h16384_a512_bench
16384,512,echo,prefill,0,131.1335889622569,deepseek_shape_matrix_20261007_02_h16384_a512_bench
16384,512,echo,prefill,1,134.0160610852763,deepseek_shape_matrix_20261007_02_h16384_a512_bench
16384,512,echo,prefill,2,133.8318740017712,deepseek_shape_matrix_20261007_02_h16384_a512_bench
16384,512,echo,extend,0,7.129814941436052,deepseek_shape_matrix_20261007_02_h16384_a512_bench
16384,512,echo,extend,1,7.0189619436860085,deepseek_shape_matrix_20261007_02_h16384_a512_bench
16384,512,echo,extend,2,7.021440076641738,deepseek_shape_matrix_20261007_02_h16384_a512_bench
16384,512,echo,extend,3,7.008553948253393,deepseek_shape_matrix_20261007_02_h16384_a512_bench
16384,512,echo,extend,4,6.974805030040443,deepseek_shape_matrix_20261007_02_h16384_a512_bench
16384,512,serial_sparse,prefill,0,131.15145405754447,deepseek_shape_matrix_20261007_02_h16384_a512_bench
16384,512,serial_sparse,prefill,1,133.6286870064214,deepseek_shape_matrix_20261007_02_h16384_a512_bench
16384,512,serial_sparse,prefill,2,133.74061498325318,deepseek_shape_matrix_20261007_02_h16384_a512_bench
16384,512,serial_sparse,extend,0,6.530749029479921,deepseek_shape_matrix_20261007_02_h16384_a512_bench
16384,512,serial_sparse,extend,1,6.409710040315986,deepseek_shape_matrix_20261007_02_h16384_a512_bench
16384,512,serial_sparse,extend,2,6.442059995606542,deepseek_shape_matrix_20261007_02_h16384_a512_bench
16384,512,serial_sparse,extend,3,6.424743914976716,deepseek_shape_matrix_20261007_02_h16384_a512_bench
16384,512,serial_sparse,extend,4,6.4152119448408484,deepseek_shape_matrix_20261007_02_h16384_a512_bench
16384,512,dense_prefetch,prefill,0,130.36876497790217,deepseek_shape_matrix_20261007_02_h16384_a512_bench
16384,512,dense_prefetch,prefill,1,133.09599203057587,deepseek_shape_matrix_20261007_02_h16384_a512_bench
16384,512,dense_prefetch,prefill,2,133.03854898549616,deepseek_shape_matrix_20261007_02_h16384_a512_bench
16384,512,dense_prefetch,extend,0,5.819546990096569,deepseek_shape_matrix_20261007_02_h16384_a512_bench
16384,512,dense_prefetch,extend,1,5.719805019907653,deepseek_shape_matrix_20261007_02_h16384_a512_bench
16384,512,dense_prefetch,extend,2,5.699845030903816,deepseek_shape_matrix_20261007_02_h16384_a512_bench
16384,512,dense_prefetch,extend,3,5.680678994394839,deepseek_shape_matrix_20261007_02_h16384_a512_bench
16384,512,dense_prefetch,extend,4,5.681774928234518,deepseek_shape_matrix_20261007_02_h16384_a512_bench
16384,1024,hbm,prefill,0,130.97766204737127,deepseek_shape_matrix_20261007_01_h16384_a1024_bench
16384,1024,hbm,prefill,1,132.31882301624864,deepseek_shape_matrix_20261007_01_h16384_a1024_bench
16384,1024,hbm,prefill,2,133.23089701589197,deepseek_shape_matrix_20261007_01_h16384_a1024_bench
16384,1024,hbm,extend,0,9.360466967336833,deepseek_shape_matrix_20261007_01_h16384_a1024_bench
16384,1024,hbm,extend,1,9.24709893297404,deepseek_shape_matrix_20261007_01_h16384_a1024_bench
16384,1024,hbm,extend,2,9.196319035254419,deepseek_shape_matrix_20261007_01_h16384_a1024_bench
16384,1024,hbm,extend,3,9.19151899870485,deepseek_shape_matrix_20261007_01_h16384_a1024_bench
16384,1024,hbm,extend,4,9.22277697827667,deepseek_shape_matrix_20261007_01_h16384_a1024_bench
16384,1024,echo,prefill,0,133.06097290478647,deepseek_shape_matrix_20261007_01_h16384_a1024_bench
16384,1024,echo,prefill,1,133.48573399707675,deepseek_shape_matrix_20261007_01_h16384_a1024_bench
16384,1024,echo,prefill,2,134.382399963215,deepseek_shape_matrix_20261007_01_h16384_a1024_bench
16384,1024,echo,extend,0,11.751243029721081,deepseek_shape_matrix_20261007_01_h16384_a1024_bench
16384,1024,echo,extend,1,11.653888039290905,deepseek_shape_matrix_20261007_01_h16384_a1024_bench
16384,1024,echo,extend,2,11.610217043198645,deepseek_shape_matrix_20261007_01_h16384_a1024_bench
16384,1024,echo,extend,3,11.618099990300834,deepseek_shape_matrix_20261007_01_h16384_a1024_bench
16384,1024,echo,extend,4,11.60697196610272,deepseek_shape_matrix_20261007_01_h16384_a1024_bench
16384,1024,serial_sparse,prefill,0,130.671773920767,deepseek_shape_matrix_20261007_01_h16384_a1024_bench
16384,1024,serial_sparse,prefill,1,133.2627770025283,deepseek_shape_matrix_20261007_01_h16384_a1024_bench
16384,1024,serial_sparse,prefill,2,132.51478597521782,deepseek_shape_matrix_20261007_01_h16384_a1024_bench
16384,1024,serial_sparse,extend,0,10.52410900592804,deepseek_shape_matrix_20261007_01_h16384_a1024_bench
16384,1024,serial_sparse,extend,1,10.423981002531946,deepseek_shape_matrix_20261007_01_h16384_a1024_bench
16384,1024,serial_sparse,extend,2,10.420802049338818,deepseek_shape_matrix_20261007_01_h16384_a1024_bench
16384,1024,serial_sparse,extend,3,10.419141966849566,deepseek_shape_matrix_20261007_01_h16384_a1024_bench
16384,1024,serial_sparse,extend,4,10.407609981484711,deepseek_shape_matrix_20261007_01_h16384_a1024_bench
16384,1024,dense_prefetch,prefill,0,130.76778396498412,deepseek_shape_matrix_20261007_01_h16384_a1024_bench
16384,1024,dense_prefetch,prefill,1,133.4952759789303,deepseek_shape_matrix_20261007_01_h16384_a1024_bench
16384,1024,dense_prefetch,prefill,2,133.29784502275288,deepseek_shape_matrix_20261007_01_h16384_a1024_bench
16384,1024,dense_prefetch,extend,0,9.68831591308117,deepseek_shape_matrix_20261007_01_h16384_a1024_bench
16384,1024,dense_prefetch,extend,1,9.573381976224482,deepseek_shape_matrix_20261007_01_h16384_a1024_bench
16384,1024,dense_prefetch,extend,2,9.59133799187839,deepseek_shape_matrix_20261007_01_h16384_a1024_bench
16384,1024,dense_prefetch,extend,3,9.601194993592799,deepseek_shape_matrix_20261007_01_h16384_a1024_bench
16384,1024,dense_prefetch,extend,4,9.607376996427774,deepseek_shape_matrix_20261007_01_h16384_a1024_bench
65536,128,hbm,prefill,0,1108.4200900513679,deepseek_shape_matrix_20261007_01_h65536_a128_bench
65536,128,hbm,prefill,1,629.4032980222255,deepseek_shape_matrix_20261007_01_h65536_a128_bench
65536,128,hbm,prefill,2,653.7784719839692,deepseek_shape_matrix_20261007_01_h65536_a128_bench
65536,128,hbm,extend,0,3.592603956349194,deepseek_shape_matrix_20261007_01_h65536_a128_bench
65536,128,hbm,extend,1,3.438629093579948,deepseek_shape_matrix_20261007_01_h65536_a128_bench
65536,128,hbm,extend,2,3.331896965391934,deepseek_shape_matrix_20261007_01_h65536_a128_bench
65536,128,hbm,extend,3,3.26630100607872,deepseek_shape_matrix_20261007_01_h65536_a128_bench
65536,128,hbm,extend,4,3.2543929992243648,deepseek_shape_matrix_20261007_01_h65536_a128_bench
65536,128,echo,prefill,0,639.1447449568659,deepseek_shape_matrix_20261007_01_h65536_a128_bench
65536,128,echo,prefill,1,657.0912840543315,deepseek_shape_matrix_20261007_01_h65536_a128_bench
65536,128,echo,prefill,2,644.0478019649163,deepseek_shape_matrix_20261007_01_h65536_a128_bench
65536,128,echo,extend,0,5.764411063864827,deepseek_shape_matrix_20261007_01_h65536_a128_bench
65536,128,echo,extend,1,5.660685012117028,deepseek_shape_matrix_20261007_01_h65536_a128_bench
65536,128,echo,extend,2,5.653480999171734,deepseek_shape_matrix_20261007_01_h65536_a128_bench
65536,128,echo,extend,3,5.656442022882402,deepseek_shape_matrix_20261007_01_h65536_a128_bench
65536,128,echo,extend,4,5.616785027086735,deepseek_shape_matrix_20261007_01_h65536_a128_bench
65536,128,serial_sparse,prefill,0,634.235832025297,deepseek_shape_matrix_20261007_01_h65536_a128_bench
65536,128,serial_sparse,prefill,1,657.294319011271,deepseek_shape_matrix_20261007_01_h65536_a128_bench
65536,128,serial_sparse,prefill,2,646.0575439268723,deepseek_shape_matrix_20261007_01_h65536_a128_bench
65536,128,serial_sparse,extend,0,4.325949936173856,deepseek_shape_matrix_20261007_01_h65536_a128_bench
65536,128,serial_sparse,extend,1,4.233293002471328,deepseek_shape_matrix_20261007_01_h65536_a128_bench
65536,128,serial_sparse,extend,2,4.215537919662893,deepseek_shape_matrix_20261007_01_h65536_a128_bench
65536,128,serial_sparse,extend,3,4.203947959467769,deepseek_shape_matrix_20261007_01_h65536_a128_bench
65536,128,serial_sparse,extend,4,4.192885011434555,deepseek_shape_matrix_20261007_01_h65536_a128_bench
65536,128,dense_prefetch,prefill,0,650.294145103544,deepseek_shape_matrix_20261007_01_h65536_a128_bench
65536,128,dense_prefetch,prefill,1,650.8955770405009,deepseek_shape_matrix_20261007_01_h65536_a128_bench
65536,128,dense_prefetch,prefill,2,649.067240068689,deepseek_shape_matrix_20261007_01_h65536_a128_bench
65536,128,dense_prefetch,extend,0,5.801334977149963,deepseek_shape_matrix_20261007_01_h65536_a128_bench
65536,128,dense_prefetch,extend,1,5.6981469970196486,deepseek_shape_matrix_20261007_01_h65536_a128_bench
65536,128,dense_prefetch,extend,2,5.704529001377523,deepseek_shape_matrix_20261007_01_h65536_a128_bench
65536,128,dense_prefetch,extend,3,5.680876085534692,deepseek_shape_matrix_20261007_01_h65536_a128_bench
65536,128,dense_prefetch,extend,4,5.6708649499341846,deepseek_shape_matrix_20261007_01_h65536_a128_bench
65536,256,hbm,prefill,0,630.1020749378949,deepseek_shape_matrix_20261007_01_h65536_a256_bench
65536,256,hbm,prefill,1,650.241433060728,deepseek_shape_matrix_20261007_01_h65536_a256_bench
65536,256,hbm,prefill,2,639.7347119636834,deepseek_shape_matrix_20261007_01_h65536_a256_bench
65536,256,hbm,extend,0,4.318897961638868,deepseek_shape_matrix_20261007_01_h65536_a256_bench
65536,256,hbm,extend,1,4.227168043144047,deepseek_shape_matrix_20261007_01_h65536_a256_bench
65536,256,hbm,extend,2,4.191508982330561,deepseek_shape_matrix_20261007_01_h65536_a256_bench
65536,256,hbm,extend,3,4.1586910374462605,deepseek_shape_matrix_20261007_01_h65536_a256_bench
65536,256,hbm,extend,4,4.1480130748823285,deepseek_shape_matrix_20261007_01_h65536_a256_bench
65536,256,echo,prefill,0,641.5436749812216,deepseek_shape_matrix_20261007_01_h65536_a256_bench
65536,256,echo,prefill,1,652.3705399595201,deepseek_shape_matrix_20261007_01_h65536_a256_bench
65536,256,echo,prefill,2,644.1279009450227,deepseek_shape_matrix_20261007_01_h65536_a256_bench
65536,256,echo,extend,0,6.813378888182342,deepseek_shape_matrix_20261007_01_h65536_a256_bench
65536,256,echo,extend,1,6.733710062690079,deepseek_shape_matrix_20261007_01_h65536_a256_bench
65536,256,echo,extend,2,6.736897979862988,deepseek_shape_matrix_20261007_01_h65536_a256_bench
65536,256,echo,extend,3,6.729690940119326,deepseek_shape_matrix_20261007_01_h65536_a256_bench
65536,256,echo,extend,4,6.686751032248139,deepseek_shape_matrix_20261007_01_h65536_a256_bench
65536,256,serial_sparse,prefill,0,640.393455978483,deepseek_shape_matrix_20261007_01_h65536_a256_bench
65536,256,serial_sparse,prefill,1,653.4100930439308,deepseek_shape_matrix_20261007_01_h65536_a256_bench
65536,256,serial_sparse,prefill,2,645.3325300244614,deepseek_shape_matrix_20261007_01_h65536_a256_bench
65536,256,serial_sparse,extend,0,5.2848809864372015,deepseek_shape_matrix_20261007_01_h65536_a256_bench
65536,256,serial_sparse,extend,1,5.175880040042102,deepseek_shape_matrix_20261007_01_h65536_a256_bench
65536,256,serial_sparse,extend,2,5.159429972991347,deepseek_shape_matrix_20261007_01_h65536_a256_bench
65536,256,serial_sparse,extend,3,5.158705986104906,deepseek_shape_matrix_20261007_01_h65536_a256_bench
65536,256,serial_sparse,extend,4,5.181632004678249,deepseek_shape_matrix_20261007_01_h65536_a256_bench
65536,256,dense_prefetch,prefill,0,636.5185090107843,deepseek_shape_matrix_20261007_01_h65536_a256_bench
65536,256,dense_prefetch,prefill,1,655.5148100014776,deepseek_shape_matrix_20261007_01_h65536_a256_bench
65536,256,dense_prefetch,prefill,2,646.4736809721217,deepseek_shape_matrix_20261007_01_h65536_a256_bench
65536,256,dense_prefetch,extend,0,5.974652012810111,deepseek_shape_matrix_20261007_01_h65536_a256_bench
65536,256,dense_prefetch,extend,1,5.908568040467799,deepseek_shape_matrix_20261007_01_h65536_a256_bench
65536,256,dense_prefetch,extend,2,5.894324975088239,deepseek_shape_matrix_20261007_01_h65536_a256_bench
65536,256,dense_prefetch,extend,3,5.869769025593996,deepseek_shape_matrix_20261007_01_h65536_a256_bench
65536,256,dense_prefetch,extend,4,5.8623949298635125,deepseek_shape_matrix_20261007_01_h65536_a256_bench
65536,512,hbm,prefill,0,631.2477089231834,deepseek_shape_matrix_20261007_01_h65536_a512_bench
65536,512,hbm,prefill,1,651.2525220168754,deepseek_shape_matrix_20261007_01_h65536_a512_bench
65536,512,hbm,prefill,2,643.9314470626414,deepseek_shape_matrix_20261007_01_h65536_a512_bench
65536,512,hbm,extend,0,6.989484070800245,deepseek_shape_matrix_20261007_01_h65536_a512_bench
65536,512,hbm,extend,1,6.872206926345825,deepseek_shape_matrix_20261007_01_h65536_a512_bench
65536,512,hbm,extend,2,6.838914006948471,deepseek_shape_matrix_20261007_01_h65536_a512_bench
65536,512,hbm,extend,3,6.756160059012473,deepseek_shape_matrix_20261007_01_h65536_a512_bench
65536,512,hbm,extend,4,6.7661270732060075,deepseek_shape_matrix_20261007_01_h65536_a512_bench
65536,512,echo,prefill,0,643.3981820009649,deepseek_shape_matrix_20261007_01_h65536_a512_bench
65536,512,echo,prefill,1,654.1777700185776,deepseek_shape_matrix_20261007_01_h65536_a512_bench
65536,512,echo,prefill,2,641.492536989972,deepseek_shape_matrix_20261007_01_h65536_a512_bench
65536,512,echo,extend,0,10.58411889243871,deepseek_shape_matrix_20261007_01_h65536_a512_bench
65536,512,echo,extend,1,10.453365975990891,deepseek_shape_matrix_20261007_01_h65536_a512_bench
65536,512,echo,extend,2,10.48746902961284,deepseek_shape_matrix_20261007_01_h65536_a512_bench
65536,512,echo,extend,3,10.44531399384141,deepseek_shape_matrix_20261007_01_h65536_a512_bench
65536,512,echo,extend,4,10.473732021637261,deepseek_shape_matrix_20261007_01_h65536_a512_bench
65536,512,serial_sparse,prefill,0,640.9899160498753,deepseek_shape_matrix_20261007_01_h65536_a512_bench
65536,512,serial_sparse,prefill,1,654.5897528994828,deepseek_shape_matrix_20261007_01_h65536_a512_bench
65536,512,serial_sparse,prefill,2,644.8641569586471,deepseek_shape_matrix_20261007_01_h65536_a512_bench
65536,512,serial_sparse,extend,0,8.34802899044007,deepseek_shape_matrix_20261007_01_h65536_a512_bench
65536,512,serial_sparse,extend,1,8.371829986572266,deepseek_shape_matrix_20261007_01_h65536_a512_bench
65536,512,serial_sparse,extend,2,8.329782052896917,deepseek_shape_matrix_20261007_01_h65536_a512_bench
65536,512,serial_sparse,extend,3,8.273836923763156,deepseek_shape_matrix_20261007_01_h65536_a512_bench
65536,512,serial_sparse,extend,4,8.286798023618758,deepseek_shape_matrix_20261007_01_h65536_a512_bench
65536,512,dense_prefetch,prefill,0,637.6154430909082,deepseek_shape_matrix_20261007_01_h65536_a512_bench
65536,512,dense_prefetch,prefill,1,651.5623279847205,deepseek_shape_matrix_20261007_01_h65536_a512_bench
65536,512,dense_prefetch,prefill,2,641.9600390363485,deepseek_shape_matrix_20261007_01_h65536_a512_bench
65536,512,dense_prefetch,extend,0,7.806911948136985,deepseek_shape_matrix_20261007_01_h65536_a512_bench
65536,512,dense_prefetch,extend,1,7.61035003233701,deepseek_shape_matrix_20261007_01_h65536_a512_bench
65536,512,dense_prefetch,extend,2,7.665927987545729,deepseek_shape_matrix_20261007_01_h65536_a512_bench
65536,512,dense_prefetch,extend,3,7.571091060526669,deepseek_shape_matrix_20261007_01_h65536_a512_bench
65536,512,dense_prefetch,extend,4,7.641635951586068,deepseek_shape_matrix_20261007_01_h65536_a512_bench
65536,1024,hbm,prefill,0,631.1564450152218,deepseek_shape_matrix_20261007_01_h65536_a1024_bench
65536,1024,hbm,prefill,1,648.0425100307912,deepseek_shape_matrix_20261007_01_h65536_a1024_bench
65536,1024,hbm,prefill,2,637.3314160155132,deepseek_shape_matrix_20261007_01_h65536_a1024_bench
65536,1024,hbm,extend,0,12.845910037867725,deepseek_shape_matrix_20261007_01_h65536_a1024_bench
65536,1024,hbm,extend,1,12.15547404717654,deepseek_shape_matrix_20261007_01_h65536_a1024_bench
65536,1024,hbm,extend,2,12.019517947919667,deepseek_shape_matrix_20261007_01_h65536_a1024_bench
65536,1024,hbm,extend,3,12.058355961926281,deepseek_shape_matrix_20261007_01_h65536_a1024_bench
65536,1024,hbm,extend,4,12.327995034866035,deepseek_shape_matrix_20261007_01_h65536_a1024_bench
65536,1024,echo,prefill,0,636.2008020514622,deepseek_shape_matrix_20261007_01_h65536_a1024_bench
65536,1024,echo,prefill,1,657.0527780568227,deepseek_shape_matrix_20261007_01_h65536_a1024_bench
65536,1024,echo,prefill,2,648.8274170551449,deepseek_shape_matrix_20261007_01_h65536_a1024_bench
65536,1024,echo,extend,0,18.106215982697904,deepseek_shape_matrix_20261007_01_h65536_a1024_bench
65536,1024,echo,extend,1,17.93078298214823,deepseek_shape_matrix_20261007_01_h65536_a1024_bench
65536,1024,echo,extend,2,18.03507492877543,deepseek_shape_matrix_20261007_01_h65536_a1024_bench
65536,1024,echo,extend,3,17.967927968129516,deepseek_shape_matrix_20261007_01_h65536_a1024_bench
65536,1024,echo,extend,4,17.980920034460723,deepseek_shape_matrix_20261007_01_h65536_a1024_bench
65536,1024,serial_sparse,prefill,0,652.0638320362195,deepseek_shape_matrix_20261007_01_h65536_a1024_bench
65536,1024,serial_sparse,prefill,1,650.4579270258546,deepseek_shape_matrix_20261007_01_h65536_a1024_bench
65536,1024,serial_sparse,prefill,2,646.7912460211664,deepseek_shape_matrix_20261007_01_h65536_a1024_bench
65536,1024,serial_sparse,extend,0,13.344389968551695,deepseek_shape_matrix_20261007_01_h65536_a1024_bench
65536,1024,serial_sparse,extend,1,13.266362017020583,deepseek_shape_matrix_20261007_01_h65536_a1024_bench
65536,1024,serial_sparse,extend,2,13.230911921709776,deepseek_shape_matrix_20261007_01_h65536_a1024_bench
65536,1024,serial_sparse,extend,3,13.201778987422585,deepseek_shape_matrix_20261007_01_h65536_a1024_bench
65536,1024,serial_sparse,extend,4,13.210428063757718,deepseek_shape_matrix_20261007_01_h65536_a1024_bench
65536,1024,dense_prefetch,prefill,0,636.573366005905,deepseek_shape_matrix_20261007_01_h65536_a1024_bench
65536,1024,dense_prefetch,prefill,1,654.1757989907637,deepseek_shape_matrix_20261007_01_h65536_a1024_bench
65536,1024,dense_prefetch,prefill,2,645.8980140741915,deepseek_shape_matrix_20261007_01_h65536_a1024_bench
65536,1024,dense_prefetch,extend,0,12.498088995926082,deepseek_shape_matrix_20261007_01_h65536_a1024_bench
65536,1024,dense_prefetch,extend,1,12.370308977551758,deepseek_shape_matrix_20261007_01_h65536_a1024_bench
65536,1024,dense_prefetch,extend,2,12.337315012700856,deepseek_shape_matrix_20261007_01_h65536_a1024_bench
65536,1024,dense_prefetch,extend,3,12.33395200688392,deepseek_shape_matrix_20261007_01_h65536_a1024_bench
65536,1024,dense_prefetch,extend,4,12.339443084783852,deepseek_shape_matrix_20261007_01_h65536_a1024_bench
