phase,iteration,module,parent_module,inclusive,kernel_ms,kernel_count,matrix_flops,effective_tflops,mfu_pct
full_prefill,0,qkv_proj,,False,104.057403,2080,80401787781120,772.6676378913666,78.12615145514323
full_prefill,0,cis_projection,,True,25.769045,12480,2181038080,0.0846379087777603,0.008557928086730062
full_prefill,0,o_proj,,False,90.957454,2080,71468255805440,785.7328087199978,79.44720007280058
full_prefill,0,gate_up_proj,,False,713.75331,2080,571746046443520,801.0415341450675,80.99509950910692
full_prefill,0,down_proj,,False,345.472849,2080,285873023221760,827.4833291508821,83.66868848846129
full_prefill,0,indexer_total,,True,676.637008,20032,36131496263680,53.398640388407486,5.3992558532262365
full_prefill,0,block_sparse_attention,,True,1192.128199,2080,137507941384192,115.34660575896,11.66295305955106
full_prefill,0,compression_k,indexer_total,True,0.0,0,0,,
full_prefill,0,compression_cis,indexer_total,True,0.0,0,0,,
full_prefill,0,compressed_scores,indexer_total,True,0.0,0,0,,
full_prefill,0,select_from_scores,indexer_total,True,0.0,0,0,,
full_prefill,0,indexer_validate,indexer_total,True,11.264042,4160,0,,
full_prefill,0,indexer_cache_update,indexer_total,True,12.971983,2080,0,,
full_prefill,0,pooled_scores,indexer_total,True,291.143457,1952,36131496263680,124.10203765520308,12.548234343296569
full_prefill,0,topk_qa,indexer_total,True,153.068614,3904,0,,
full_prefill,0,prepare_cis,indexer_total,True,19.343278,1952,0,,
full_prefill,0,topk_cis,indexer_total,True,181.450362,3904,0,,
full_prefill,0,finish_selection,indexer_total,True,7.124904,1952,0,,
full_prefill,0,native_selection,indexer_total,True,0.0,0,0,,
full_prefill,0,native_prepare,indexer_total,True,0.0,0,0,,
full_prefill,0,native_prepare_ranked,indexer_total,True,0.0,0,0,,
full_prefill,0,cis_projection_gemm,cis_projection,False,7.569126,2080,2181038080,0.28814926320423256,0.02913541589527124
full_prefill,0,score_selection,indexer_total,True,0.0,0,0,,
full_prefill,0,native_finite_check,indexer_total,True,0.0,0,0,,
full_prefill,0,native_ranked_compression,indexer_total,True,0.0,0,0,,
full_prefill,0,other_non_matrix,,False,103.512305,12610,0,,
extend,0,qkv_proj,,False,1.597761,32,1236950581248,774.1774778881197,78.27881475107378
extend,0,cis_projection,,True,0.39248,192,33554432,0.08549335507541786,0.008644424173449733
extend,0,o_proj,,False,1.407233,32,1099511627776,781.328769134891,79.00189778916997
extend,0,gate_up_proj,,False,10.995722,32,8796093022208,799.9559303343608,80.88533168193739
extend,0,down_proj,,False,5.285701,32,4398046511104,832.064944858591,84.13194589065633
extend,0,indexer_total,,True,15.797165,320,1107715686400,70.12116961492775,7.090108151155486
extend,0,block_sparse_attention,,True,18.56395,32,2182111821824,117.54566360198126,11.885304712030461
extend,0,compression_k,indexer_total,True,0.0,0,0,,
extend,0,compression_cis,indexer_total,True,0.0,0,0,,
extend,0,compressed_scores,indexer_total,True,0.0,0,0,,
extend,0,select_from_scores,indexer_total,True,0.0,0,0,,
extend,0,indexer_validate,indexer_total,True,0.174528,64,0,,
extend,0,indexer_cache_update,indexer_total,True,0.199392,32,0,,
extend,0,pooled_scores,indexer_total,True,9.205001,32,1107715686400,120.33846453683167,12.167691055291371
extend,0,topk_qa,indexer_total,True,2.503041,64,0,,
extend,0,prepare_cis,indexer_total,True,0.565313,32,0,,
extend,0,topk_cis,indexer_total,True,3.032418,64,0,,
extend,0,finish_selection,indexer_total,True,0.117472,32,0,,
extend,0,native_selection,indexer_total,True,0.0,0,0,,
extend,0,native_prepare,indexer_total,True,0.0,0,0,,
extend,0,native_prepare_ranked,indexer_total,True,0.0,0,0,,
extend,0,cis_projection_gemm,cis_projection,False,0.114464,32,33554432,0.29314397539837855,0.029640442406307237
extend,0,score_selection,indexer_total,True,0.0,0,0,,
extend,0,native_finite_check,indexer_total,True,0.0,0,0,,
extend,0,native_ranked_compression,indexer_total,True,0.0,0,0,,
extend,0,other_non_matrix,,False,1.589569,194,0,,
