phase,stage,parent_stage,count,median,min,max,min_calls,max_calls
full_prefill,cis_projection,,1,48.806207878515124,48.806207878515124,48.806207878515124,2080,2080
full_prefill,indexer_total,,1,1499.138563066721,1499.138563066721,1499.138563066721,2080,2080
full_prefill,block_sparse_attention,,1,1349.567584335804,1349.567584335804,1349.567584335804,2080,2080
full_prefill,indexer_validate,indexer_total,1,23.64713595621288,23.64713595621288,23.64713595621288,2080,2080
full_prefill,indexer_cache_update,indexer_total,1,257.17507196217775,257.17507196217775,257.17507196217775,2080,2080
full_prefill,pooled_scores,indexer_total,1,378.18259170651436,378.18259170651436,378.18259170651436,1952,1952
full_prefill,topk_qa,indexer_total,1,173.0098560974002,173.0098560974002,173.0098560974002,1952,1952
full_prefill,prepare_cis,indexer_total,1,35.18352004047483,35.18352004047483,35.18352004047483,1952,1952
full_prefill,topk_cis,indexer_total,1,207.6931840479374,207.6931840479374,207.6931840479374,1952,1952
full_prefill,finish_selection,indexer_total,1,116.97775946836919,116.97775946836919,116.97775946836919,1952,1952
extend,cis_projection,,1,0.8803519960492849,0.8803519960492849,0.8803519960492849,32,32
extend,indexer_total,,1,26.606015980243683,26.606015980243683,26.606015980243683,32,32
extend,block_sparse_attention,,1,18.930079758167267,18.930079758167267,18.930079758167267,32,32
extend,indexer_validate,indexer_total,1,0.6144960047677159,0.6144960047677159,0.6144960047677159,32,32
extend,indexer_cache_update,indexer_total,1,3.8708159923553467,3.8708159923553467,3.8708159923553467,32,32
extend,pooled_scores,indexer_total,1,10.621824085712433,10.621824085712433,10.621824085712433,32,32
extend,topk_qa,indexer_total,1,2.751359984278679,2.751359984278679,2.751359984278679,32,32
extend,prepare_cis,indexer_total,1,0.7405759990215302,0.7405759990215302,0.7405759990215302,32,32
extend,topk_cis,indexer_total,1,3.253855988383293,3.253855988383293,3.253855988383293,32,32
extend,finish_selection,indexer_total,1,0.24825599929317832,0.24825599929317832,0.24825599929317832,32,32
