method,phase,layer,operator,queries,calls
hbm,prefill,0,indexer,65536,64
hbm,prefill,0,mla,65536,64
hbm,prefill,1,indexer,65536,64
hbm,prefill,1,mla,65536,64
hbm,prefill,2,indexer,65536,64
hbm,prefill,2,mla,65536,64
echo,prefill,0,indexer,65536,64
echo,prefill,0,mla,65536,64
echo,prefill,1,indexer,65536,64
echo,prefill,1,mla,65536,64
echo,prefill,2,indexer,65536,64
echo,prefill,2,mla,65536,64
serial_sparse,prefill,0,indexer,65536,64
serial_sparse,prefill,0,mla,65536,64
serial_sparse,prefill,1,indexer,65536,64
serial_sparse,prefill,1,mla,65536,64
serial_sparse,prefill,2,indexer,65536,64
serial_sparse,prefill,2,mla,65536,64
dense_prefetch,prefill,0,indexer,65536,64
dense_prefetch,prefill,0,mla,65536,64
dense_prefetch,prefill,1,indexer,65536,64
dense_prefetch,prefill,1,mla,65536,64
dense_prefetch,prefill,2,indexer,65536,64
dense_prefetch,prefill,2,mla,65536,64
hbm,extend,0,indexer,128,1
hbm,extend,0,mla,128,1
hbm,extend,1,indexer,128,1
hbm,extend,1,mla,128,1
hbm,extend,2,indexer,128,1
hbm,extend,2,mla,128,1
echo,extend,0,indexer,128,1
echo,extend,0,mla,128,1
echo,extend,1,indexer,128,1
echo,extend,1,mla,128,1
echo,extend,2,indexer,128,1
echo,extend,2,mla,128,1
serial_sparse,extend,0,indexer,128,1
serial_sparse,extend,0,mla,128,1
serial_sparse,extend,1,indexer,128,1
serial_sparse,extend,1,mla,128,1
serial_sparse,extend,2,indexer,128,1
serial_sparse,extend,2,mla,128,1
dense_prefetch,extend,0,indexer,128,1
dense_prefetch,extend,0,mla,128,1
dense_prefetch,extend,1,indexer,128,1
dense_prefetch,extend,1,mla,128,1
dense_prefetch,extend,2,indexer,128,1
dense_prefetch,extend,2,mla,128,1
