run_id,model,num_users,workload_sha256,scheme,hbm_budget_bytes,dram_budget_bytes,scope,unique_users,count,mean_ms,median_ms,p95_ms,p99_ms,min_ms,max_ms,history_tokens,candidate_tokens,seed,prefix_hits,prefix_misses,prefix_hit_rate,prefix_hit_tiers,evictions,prefix_ms,extend_ms,cleanup_ms,peak_cache_hbm_bytes,peak_cache_dram_bytes
gr_serving_h200_20261002_h16k_01,nosa,1,1d4bc84f869a3e6b3f5a3d58d5cbb247320295b56d3ae3e25d1482ec27b13a82,dense_prefetch,4294967296,17179869184,all,1,9,123.56372110985427,41.403501003514975,485.1098574115892,721.6713066934608,41.289026965387166,780.8116690139286,16384,128,42,8,1,0.8888888888888888,"{""dram"": 8, ""miss"": 1}",0,"{""count"": 9, ""max_ms"": 736.6864290088415, ""mean_ms"": 81.85421332665202, ""median_ms"": 0.00019097933545708656, ""min_ms"": 0.0001469743438065052, ""p95_ms"": 442.0119473943484, ""p99_ms"": 677.751532685943}","{""count"": 9, ""max_ms"": 41.76860599545762, ""mean_ms"": 39.22325233644288, ""median_ms"": 38.90549001516774, ""min_ms"": 38.78800699021667, ""p95_ms"": 40.67529438761994, ""p99_ms"": 41.549943673890084}","{""count"": 9, ""max_ms"": 0.14199200086295605, ""mean_ms"": 0.1364519961902665, ""median_ms"": 0.13565103290602565, ""min_ms"": 0.13202300760895014, ""p95_ms"": 0.1418455969542265, ""p99_ms"": 0.14196272008121014}",54035456,541065216
gr_serving_h200_20261002_h16k_01,nosa,1,1d4bc84f869a3e6b3f5a3d58d5cbb247320295b56d3ae3e25d1482ec27b13a82,dense_prefetch,4294967296,17179869184,first_visit,1,1,780.8116690139286,780.8116690139286,780.8116690139286,780.8116690139286,780.8116690139286,780.8116690139286,16384,128,42,0,1,0.0,"{""miss"": 1}",0,"{""count"": 1, ""max_ms"": 736.6864290088415, ""mean_ms"": 736.6864290088415, ""median_ms"": 736.6864290088415, ""min_ms"": 736.6864290088415, ""p95_ms"": 736.6864290088415, ""p99_ms"": 736.6864290088415}","{""count"": 1, ""max_ms"": 41.76860599545762, ""mean_ms"": 41.76860599545762, ""median_ms"": 41.76860599545762, ""min_ms"": 41.76860599545762, ""p95_ms"": 41.76860599545762, ""p99_ms"": 41.76860599545762}","{""count"": 1, ""max_ms"": 0.14162599109113216, ""mean_ms"": 0.14162599109113216, ""median_ms"": 0.14162599109113216, ""min_ms"": 0.14162599109113216, ""p95_ms"": 0.14162599109113216, ""p99_ms"": 0.14162599109113216}",54035456,541065216
gr_serving_h200_20261002_h16k_01,nosa,1,1d4bc84f869a3e6b3f5a3d58d5cbb247320295b56d3ae3e25d1482ec27b13a82,dense_prefetch,4294967296,17179869184,revisit,1,8,41.40772762184497,41.390166501514614,41.54929404030554,41.55557081452571,41.289026965387166,41.55714000808075,16384,128,42,8,0,1.0,"{""dram"": 8}",0,"{""count"": 8, ""max_ms"": 0.00022497260943055153, ""mean_ms"": 0.00018636637832969427, ""median_ms"": 0.00018748687580227852, ""min_ms"": 0.0001469743438065052, ""p95_ms"": 0.00022183521650731564, ""p99_ms"": 0.00022434513084590435}","{""count"": 8, ""max_ms"": 39.03532697586343, ""mean_ms"": 38.90508312906604, ""median_ms"": 38.90220299945213, ""min_ms"": 38.78800699021667, ""p95_ms"": 39.028355688788, ""p99_ms"": 39.03393271844834}","{""count"": 8, ""max_ms"": 0.14199200086295605, ""mean_ms"": 0.13580524682765827, ""median_ms"": 0.13492701691575348, ""min_ms"": 0.13202300760895014, ""p95_ms"": 0.1410813012626022, ""p99_ms"": 0.14180986094288528}",54035456,541065216
gr_serving_h200_20261002_h16k_01,nosa,1,1d4bc84f869a3e6b3f5a3d58d5cbb247320295b56d3ae3e25d1482ec27b13a82,hbm,4294967296,17179869184,all,1,9,94.07734255849694,29.873199993744493,376.6499493969602,560.9315842716023,29.288003977853805,607.0019929902628,16384,128,42,8,1,0.8888888888888888,"{""hbm"": 8, ""miss"": 1}",0,"{""count"": 9, ""max_ms"": 577.859373006504, ""mean_ms"": 64.20677843400173, ""median_ms"": 0.0002069864422082901, ""min_ms"": 0.00017299316823482513, ""p95_ms"": 346.71572340885155, ""p99_ms"": 531.6306430869736}","{""count"": 9, ""max_ms"": 28.72288500657305, ""mean_ms"": 27.4025594505171, ""median_ms"": 27.088650036603212, ""min_ms"": 26.83872904162854, ""p95_ms"": 28.349076199810952, ""p99_ms"": 28.64812324522063}","{""count"": 9, ""max_ms"": 0.13935600873082876, ""mean_ms"": 0.1317367746701671, ""median_ms"": 0.12993899872526526, ""min_ms"": 0.12613798025995493, ""p95_ms"": 0.13896480668336153, ""p99_ms"": 0.13927776832133532}",561284608,0
gr_serving_h200_20261002_h16k_01,nosa,1,1d4bc84f869a3e6b3f5a3d58d5cbb247320295b56d3ae3e25d1482ec27b13a82,hbm,4294967296,17179869184,first_visit,1,1,607.0019929902628,607.0019929902628,607.0019929902628,607.0019929902628,607.0019929902628,607.0019929902628,16384,128,42,0,1,0.0,"{""miss"": 1}",0,"{""count"": 1, ""max_ms"": 577.859373006504, ""mean_ms"": 577.859373006504, ""median_ms"": 577.859373006504, ""min_ms"": 577.859373006504, ""p95_ms"": 577.859373006504, ""p99_ms"": 577.859373006504}","{""count"": 1, ""max_ms"": 26.83872904162854, ""mean_ms"": 26.83872904162854, ""median_ms"": 26.83872904162854, ""min_ms"": 26.83872904162854, ""p95_ms"": 26.83872904162854, ""p99_ms"": 26.83872904162854}","{""count"": 1, ""max_ms"": 0.1382699701935053, ""mean_ms"": 0.1382699701935053, ""median_ms"": 0.1382699701935053, ""min_ms"": 0.1382699701935053, ""p95_ms"": 0.1382699701935053, ""p99_ms"": 0.1382699701935053}",561284608,0
gr_serving_h200_20261002_h16k_01,nosa,1,1d4bc84f869a3e6b3f5a3d58d5cbb247320295b56d3ae3e25d1482ec27b13a82,hbm,4294967296,17179869184,revisit,1,8,29.96176125452621,29.691818490391597,31.065497966483235,31.110606798902154,29.288003977853805,31.121884007006884,16384,128,42,8,0,1.0,"{""hbm"": 8}",0,"{""count"": 8, ""max_ms"": 0.00024901237338781357, ""mean_ms"": 0.00020411243895068765, ""median_ms"": 0.00020049628801643848, ""min_ms"": 0.00017299316823482513, ""p95_ms"": 0.00024129112716764212, ""p99_ms"": 0.0002474681241437793}","{""count"": 8, ""max_ms"": 28.72288500657305, ""mean_ms"": 27.473038251628168, ""median_ms"": 27.299950015731156, ""min_ms"": 27.000069967471063, ""p95_ms"": 28.395802300656214, ""p99_ms"": 28.657468465389684}","{""count"": 8, ""max_ms"": 0.13935600873082876, ""mean_ms"": 0.13092012522974983, ""median_ms"": 0.12917700223624706, ""min_ms"": 0.12613798025995493, ""p95_ms"": 0.13901370693929493, ""p99_ms"": 0.139287548372522}",561284608,0
gr_serving_h200_20261002_h16k_01,nosa,1,1d4bc84f869a3e6b3f5a3d58d5cbb247320295b56d3ae3e25d1482ec27b13a82,overlap,4294967296,17179869184,all,1,9,127.00667910717635,40.09968397440389,509.3198137939905,759.3543651723303,39.94631499517709,821.8630030169152,16384,128,42,8,1,0.8888888888888888,"{""dram"": 8, ""miss"": 1}",0,"{""count"": 9, ""max_ms"": 781.5951640368439, ""mean_ms"": 86.84415267392372, ""median_ms"": 0.0002600136213004589, ""min_ms"": 0.0001469743438065052, ""p95_ms"": 468.95727562950896, ""p99_ms"": 719.067586355377}","{""count"": 9, ""max_ms"": 38.353736978024244, ""mean_ms"": 38.011286879837925, ""median_ms"": 37.96645300462842, ""min_ms"": 37.7990219858475, ""p95_ms"": 38.28575818333775, ""p99_ms"": 38.340141219086945}","{""count"": 9, ""max_ms"": 0.15366700245067477, ""mean_ms"": 0.14150177594274282, ""median_ms"": 0.13883301289752126, ""min_ms"": 0.13775500701740384, ""p95_ms"": 0.15106539940461516, ""p99_ms"": 0.15314668184146285}",38187080,541065216
gr_serving_h200_20261002_h16k_01,nosa,1,1d4bc84f869a3e6b3f5a3d58d5cbb247320295b56d3ae3e25d1482ec27b13a82,overlap,4294967296,17179869184,first_visit,1,1,821.8630030169152,821.8630030169152,821.8630030169152,821.8630030169152,821.8630030169152,821.8630030169152,16384,128,42,0,1,0.0,"{""miss"": 1}",0,"{""count"": 1, ""max_ms"": 781.5951640368439, ""mean_ms"": 781.5951640368439, ""median_ms"": 781.5951640368439, ""min_ms"": 781.5951640368439, ""p95_ms"": 781.5951640368439, ""p99_ms"": 781.5951640368439}","{""count"": 1, ""max_ms"": 37.96645300462842, ""mean_ms"": 37.96645300462842, ""median_ms"": 37.96645300462842, ""min_ms"": 37.96645300462842, ""p95_ms"": 37.96645300462842, ""p99_ms"": 37.96645300462842}","{""count"": 1, ""max_ms"": 0.15366700245067477, ""mean_ms"": 0.15366700245067477, ""median_ms"": 0.15366700245067477, ""min_ms"": 0.15366700245067477, ""p95_ms"": 0.15366700245067477, ""p99_ms"": 0.15366700245067477}",38187080,541065216
gr_serving_h200_20261002_h16k_01,nosa,1,1d4bc84f869a3e6b3f5a3d58d5cbb247320295b56d3ae3e25d1482ec27b13a82,overlap,4294967296,17179869184,revisit,1,8,40.149638618458994,40.09123699506745,40.41625598038081,40.48727516375948,39.94631499517709,40.505029959604144,16384,128,42,8,0,1.0,"{""dram"": 8}",0,"{""count"": 8, ""max_ms"": 0.00044301850721240044, ""mean_ms"": 0.0002762535586953163, ""median_ms"": 0.00025401823222637177, ""min_ms"": 0.0001469743438065052, ""p95_ms"": 0.0004066125256940722, ""p99_ms"": 0.0004357373109087348}","{""count"": 8, ""max_ms"": 38.353736978024244, ""mean_ms"": 38.016891114239115, ""median_ms"": 37.976368505042046, ""min_ms"": 37.7990219858475, ""p95_ms"": 38.29425553267356, ""p99_ms"": 38.34184068895411}","{""count"": 8, ""max_ms"": 0.14716299483552575, ""mean_ms"": 0.13998112262925133, ""median_ms"": 0.13876150478608906, ""min_ms"": 0.13775500701740384, ""p95_ms"": 0.1449761912226677, ""p99_ms"": 0.14672563411295414}",38187080,541065216
gr_serving_h200_20261002_h16k_01,nosa,1,1d4bc84f869a3e6b3f5a3d58d5cbb247320295b56d3ae3e25d1482ec27b13a82,serial_sparse,4294967296,17179869184,all,1,9,130.70748721818543,40.01587495440617,529.8880118294617,791.0920975892803,39.714732964057475,856.3931190292351,16384,128,42,8,1,0.8888888888888888,"{""dram"": 8, ""miss"": 1}",0,"{""count"": 9, ""max_ms"": 816.8537709861994, ""mean_ms"": 90.76170790164421, ""median_ms"": 0.0002119923010468483, ""min_ms"": 0.0001600128598511219, ""p95_ms"": 490.11235700454534, ""p99_ms"": 751.5054881898685}","{""count"": 9, ""max_ms"": 37.64762100763619, ""mean_ms"": 37.48118601247875, ""median_ms"": 37.51675703097135, ""min_ms"": 37.27498702937737, ""p95_ms"": 37.64636821579188, ""p99_ms"": 37.64737044926733}","{""count"": 9, ""max_ms"": 0.14597602421417832, ""mean_ms"": 0.14158620938865674, ""median_ms"": 0.14254299458116293, ""min_ms"": 0.13775296974927187, ""p95_ms"": 0.14486321015283465, ""p99_ms"": 0.1457534614019096}",38187080,541065216
gr_serving_h200_20261002_h16k_01,nosa,1,1d4bc84f869a3e6b3f5a3d58d5cbb247320295b56d3ae3e25d1482ec27b13a82,serial_sparse,4294967296,17179869184,first_visit,1,1,856.3931190292351,856.3931190292351,856.3931190292351,856.3931190292351,856.3931190292351,856.3931190292351,16384,128,42,0,1,0.0,"{""miss"": 1}",0,"{""count"": 1, ""max_ms"": 816.8537709861994, ""mean_ms"": 816.8537709861994, ""median_ms"": 816.8537709861994, ""min_ms"": 816.8537709861994, ""p95_ms"": 816.8537709861994, ""p99_ms"": 816.8537709861994}","{""count"": 1, ""max_ms"": 37.27498702937737, ""mean_ms"": 37.27498702937737, ""median_ms"": 37.27498702937737, ""min_ms"": 37.27498702937737, ""p95_ms"": 37.27498702937737, ""p99_ms"": 37.27498702937737}","{""count"": 1, ""max_ms"": 0.14597602421417832, ""mean_ms"": 0.14597602421417832, ""median_ms"": 0.14597602421417832, ""min_ms"": 0.14597602421417832, ""p95_ms"": 0.14597602421417832, ""p99_ms"": 0.14597602421417832}",38187080,541065216
gr_serving_h200_20261002_h16k_01,nosa,1,1d4bc84f869a3e6b3f5a3d58d5cbb247320295b56d3ae3e25d1482ec27b13a82,serial_sparse,4294967296,17179869184,revisit,1,8,39.99678324180422,40.015261474763975,40.12766861997079,40.12981454783585,39.714732964057475,40.130351029802114,16384,128,42,8,0,1.0,"{""dram"": 8}",0,"{""count"": 8, ""max_ms"": 0.00023603206500411034, ""mean_ms"": 0.00020001607481390238, ""median_ms"": 0.00020049628801643848, ""min_ms"": 0.0001600128598511219, ""p95_ms"": 0.0002356857294216752, ""p99_ms"": 0.0002359627978876233}","{""count"": 8, ""max_ms"": 37.64762100763619, ""mean_ms"": 37.506960885366425, ""median_ms"": 37.51851851120591, ""min_ms"": 37.29548800038174, ""p95_ms"": 37.64652481477242, ""p99_ms"": 37.647401769063435}","{""count"": 8, ""max_ms"": 0.14319398906081915, ""mean_ms"": 0.14103748253546655, ""median_ms"": 0.14175300020724535, ""min_ms"": 0.13775296974927187, ""p95_ms"": 0.14302002673503011, ""p99_ms"": 0.14315919659566134}",38187080,541065216
gr_serving_h200_20261002_h16k_01,nosa,8,6c523d183c37d6c5087539d7c655b07aabb89b44409ef9b1b8810cedcd68e6ef,dense_prefetch,4294967296,17179869184,all,8,32,227.3464148693165,42.17697001877241,783.8686583534582,786.8181586888386,41.51053499663249,787.6693700090982,16384,128,42,24,8,0.75,"{""dram"": 24, ""miss"": 8}",0,"{""count"": 32, ""max_ms"": 745.5654970253818, ""mean_ms"": 185.14610274905863, ""median_ms"": 0.0002094893716275692, ""min_ms"": 0.00012799864634871483, ""p95_ms"": 741.6053500201087, ""p99_ms"": 744.5714262238471}","{""count"": 32, ""max_ms"": 40.86138994898647, ""mean_ms"": 39.36772768611263, ""median_ms"": 39.261047495529056, ""min_ms"": 38.78905001329258, ""p95_ms"": 40.4576645581983, ""p99_ms"": 40.795579136465676}","{""count"": 32, ""max_ms"": 0.6675179465673864, ""mean_ms"": 0.4107540335098747, ""median_ms"": 0.43457100400701165, ""min_ms"": 0.13515498721972108, ""p95_ms"": 0.5203387991059572, ""p99_ms"": 0.6259134825086223}",432283648,4328521728
gr_serving_h200_20261002_h16k_01,nosa,8,6c523d183c37d6c5087539d7c655b07aabb89b44409ef9b1b8810cedcd68e6ef,dense_prefetch,4294967296,17179869184,first_visit,8,8,782.6762549957493,781.8964479956776,786.7083249700954,787.4771610012976,780.0493839895353,787.6693700090982,16384,128,42,0,8,0.0,"{""miss"": 8}",0,"{""count"": 8, ""max_ms"": 745.5654970253818, ""mean_ms"": 740.5837970072753, ""median_ms"": 739.6053269912954, ""min_ms"": 738.5291259852238, ""p95_ms"": 744.4431590236491, ""p99_ms"": 745.3410294250352}","{""count"": 8, ""max_ms"": 39.276398019865155, ""mean_ms"": 39.0582518739393, ""median_ms"": 39.01807250804268, ""min_ms"": 38.78905001329258, ""p95_ms"": 39.26942110992968, ""p99_ms"": 39.27500263787806}","{""count"": 8, ""max_ms"": 0.5333099979907274, ""mean_ms"": 0.3573157446226105, ""median_ms"": 0.33467699540778995, ""min_ms"": 0.13515498721972108, ""p95_ms"": 0.5250555987004191, ""p99_ms"": 0.5316591181326658}",432283648,4328521728
gr_serving_h200_20261002_h16k_01,nosa,8,6c523d183c37d6c5087539d7c655b07aabb89b44409ef9b1b8810cedcd68e6ef,dense_prefetch,4294967296,17179869184,revisit,8,24,42.23646816050556,42.088463000254706,43.46650091756601,43.632556066149846,41.51053499663249,43.65821095416322,16384,128,42,24,0,1.0,"{""dram"": 24}",0,"{""count"": 24, ""max_ms"": 0.0003600143827497959, ""mean_ms"": 0.00020466298641016087, ""median_ms"": 0.00018847640603780746, ""min_ms"": 0.00012799864634871483, ""p95_ms"": 0.00027655623853206635, ""p99_ms"": 0.0003409234341233968}","{""count"": 24, ""max_ms"": 40.86138994898647, ""mean_ms"": 39.470886290170405, ""median_ms"": 39.29452796000987, ""min_ms"": 38.93248300300911, ""p95_ms"": 40.596888156142086, ""p99_ms"": 40.81256257195491}","{""count"": 24, ""max_ms"": 0.6675179465673864, ""mean_ms"": 0.4285667964722961, ""median_ms"": 0.44576250365935266, ""min_ms"": 0.19049301045015454, ""p95_ms"": 0.4836266947677359, ""p99_ms"": 0.6256059778388589}",432283648,4328521728
gr_serving_h200_20261002_h16k_01,nosa,8,6c523d183c37d6c5087539d7c655b07aabb89b44409ef9b1b8810cedcd68e6ef,hbm,4294967296,17179869184,all,8,32,192.877088469686,29.53427002648823,612.8996545478003,616.2624877406051,29.28001101827249,617.5313940038905,16384,128,42,23,9,0.71875,"{""hbm"": 23, ""miss"": 9}",2,"{""count"": 32, ""max_ms"": 587.7347280038521, ""mean_ms"": 163.2371439718554, ""median_ms"": 0.0002449960447847843, ""min_ms"": 0.0001650187186896801, ""p95_ms"": 582.8377321915468, ""p99_ms"": 586.249217299046}","{""count"": 32, ""max_ms"": 27.858163986820728, ""mean_ms"": 26.952769128911314, ""median_ms"": 26.925751531962305, ""min_ms"": 26.230990944895893, ""p95_ms"": 27.59235540870577, ""p99_ms"": 27.786861513159238}","{""count"": 32, ""max_ms"": 0.5003259866498411, ""mean_ms"": 0.37288409475877415, ""median_ms"": 0.3947964869439602, ""min_ms"": 0.16818998847156763, ""p95_ms"": 0.47762632311787456, ""p99_ms"": 0.4970220074756071}",3928992256,0
gr_serving_h200_20261002_h16k_01,nosa,8,6c523d183c37d6c5087539d7c655b07aabb89b44409ef9b1b8810cedcd68e6ef,hbm,4294967296,17179869184,first_visit,8,8,610.9097362423199,609.7398299898487,616.0987579001812,617.2448667831486,607.468925009016,617.5313940038905,16384,128,42,0,8,0.0,"{""miss"": 8}",1,"{""count"": 8, ""max_ms"": 587.7347280038521, ""mean_ms"": 581.1040447588312, ""median_ms"": 579.8817285103723, ""min_ms"": 577.4209229857661, ""p95_ms"": 586.0575384984259, ""p99_ms"": 587.3992901027668}","{""count"": 8, ""max_ms"": 27.858163986820728, ""mean_ms"": 26.87387337209657, ""median_ms"": 26.61132550565526, ""min_ms"": 26.230990944895893, ""p95_ms"": 27.75487899489235, ""p99_ms"": 27.837506988435052}","{""count"": 8, ""max_ms"": 0.5003259866498411, ""mean_ms"": 0.35726774513022974, ""median_ms"": 0.35535398637875915, ""min_ms"": 0.16818998847156763, ""p95_ms"": 0.4889328090939671, ""p99_ms"": 0.49804735113866627}",3928992256,0
gr_serving_h200_20261002_h16k_01,nosa,8,6c523d183c37d6c5087539d7c655b07aabb89b44409ef9b1b8810cedcd68e6ef,hbm,4294967296,17179869184,revisit,8,24,53.532872545474675,29.4799710100051,30.180194196873344,473.24044121138263,29.28001101827249,605.5698799900711,16384,128,42,23,1,0.9583333333333334,"{""hbm"": 23, ""miss"": 1}",1,"{""count"": 24, ""max_ms"": 574.7511900262907, ""mean_ms"": 23.948177042863488, ""median_ms"": 0.00022398307919502258, ""min_ms"": 0.0001650187186896801, ""p95_ms"": 0.00028143695089966053, ""p99_ms"": 442.5584818801142}","{""count"": 24, ""max_ms"": 27.628156007267535, ""mean_ms"": 26.97906771451623, ""median_ms"": 26.927651517326012, ""min_ms"": 26.6632370185107, ""p95_ms"": 27.322609518887475, ""p99_ms"": 27.560582456644624}","{""count"": 24, ""max_ms"": 0.48966798931360245, ""mean_ms"": 0.37808954463495564, ""median_ms"": 0.3947964869439602, ""min_ms"": 0.1751320087350905, ""p95_ms"": 0.4277695290511474, ""p99_ms"": 0.4756331699900329}",3928992256,0
gr_serving_h200_20261002_h16k_01,nosa,8,6c523d183c37d6c5087539d7c655b07aabb89b44409ef9b1b8810cedcd68e6ef,overlap,4294967296,17179869184,all,8,32,236.45223665334925,41.18751498754136,823.3208447607467,827.418020752375,40.23834998952225,829.1002369951457,16384,128,42,24,8,0.75,"{""dram"": 24, ""miss"": 8}",0,"{""count"": 32, ""max_ms"": 787.7119309850968, ""mean_ms"": 195.4423183833569, ""median_ms"": 0.00023149186745285988, ""min_ms"": 0.000125030055642128, ""p95_ms"": 782.1226234402275, ""p99_ms"": 786.055762807955}","{""count"": 32, ""max_ms"": 39.51422299724072, ""mean_ms"": 38.50193993093853, ""median_ms"": 38.44316548202187, ""min_ms"": 37.99670498119667, ""p95_ms"": 39.15701733203605, ""p99_ms"": 39.43774166167714}","{""count"": 32, ""max_ms"": 0.6893469835631549, ""mean_ms"": 0.4364432825241238, ""median_ms"": 0.4572915204335004, ""min_ms"": 0.1470019924454391, ""p95_ms"": 0.5416857922682539, ""p99_ms"": 0.6482871889602395}",305496640,4328521728
gr_serving_h200_20261002_h16k_01,nosa,8,6c523d183c37d6c5087539d7c655b07aabb89b44409ef9b1b8810cedcd68e6ef,overlap,4294967296,17179869184,first_visit,8,8,822.8022057446651,822.3863044986501,827.2009605920175,828.72038171452,819.3857530131936,829.1002369951457,16384,128,42,0,8,0.0,"{""miss"": 8}",0,"{""count"": 8, ""max_ms"": 787.7119309850968, ""mean_ms"": 781.7686061316635, ""median_ms"": 781.0237785161007, ""min_ms"": 779.0665090433322, ""p95_ms"": 785.8420636883238, ""p99_ms"": 787.3379575257422}","{""count"": 8, ""max_ms"": 38.85699895909056, ""mean_ms"": 38.33706348814303, ""median_ms"": 38.302895991364494, ""min_ms"": 37.99670498119667, ""p95_ms"": 38.74439802893903, ""p99_ms"": 38.834478773060255}","{""count"": 8, ""max_ms"": 0.6893469835631549, ""mean_ms"": 0.4020197520731017, ""median_ms"": 0.41094000334851444, ""min_ms"": 0.1470019924454391, ""p95_ms"": 0.6285212060902267, ""p99_ms"": 0.6771818280685693}",305496640,4328521728
gr_serving_h200_20261002_h16k_01,nosa,8,6c523d183c37d6c5087539d7c655b07aabb89b44409ef9b1b8810cedcd68e6ef,overlap,4294967296,17179869184,revisit,8,24,41.00224695624396,40.894562524044886,41.65260268782731,41.935059883398935,40.23834998952225,42.009452008642256,16384,128,42,24,0,1.0,"{""dram"": 24}",0,"{""count"": 24, ""max_ms"": 0.0003449968062341213, ""mean_ms"": 0.0002224672546920677, ""median_ms"": 0.00021400046534836292, ""min_ms"": 0.000125030055642128, ""p95_ms"": 0.0003346533048897981, ""p99_ms"": 0.0003436178667470813}","{""count"": 24, ""max_ms"": 39.51422299724072, ""mean_ms"": 38.5568987452037, ""median_ms"": 38.46201047417708, ""min_ms"": 38.09276199899614, ""p95_ms"": 39.23737491713837, ""p99_ms"": 39.457478780532256}","{""count"": 24, ""max_ms"": 0.556896033231169, ""mean_ms"": 0.44791779267446447, ""median_ms"": 0.4572915204335004, ""min_ms"": 0.19934901501983404, ""p95_ms"": 0.5256414937321097, ""p99_ms"": 0.5505353870103136}",305496640,4328521728
gr_serving_h200_20261002_h16k_01,nosa,8,6c523d183c37d6c5087539d7c655b07aabb89b44409ef9b1b8810cedcd68e6ef,serial_sparse,4294967296,17179869184,all,8,32,319.0221751865465,39.90022250218317,1200.574214090011,1202.0043901581084,39.57259998423979,1202.3623270215467,16384,128,42,24,8,0.75,"{""dram"": 24, ""miss"": 8}",0,"{""count"": 32, ""max_ms"": 824.7068459750153, ""mean_ms"": 204.79481331312854, ""median_ms"": 0.00022398307919502258, ""min_ms"": 0.00016298145055770874, ""p95_ms"": 821.4941423299024, ""p99_ms"": 823.8646072923439}","{""count"": 32, ""max_ms"": 41.43489501439035, ""mean_ms"": 37.65460119393538, ""median_ms"": 37.45515050832182, ""min_ms"": 37.23189502488822, ""p95_ms"": 38.451543560950086, ""p99_ms"": 40.641654622741044}","{""count"": 32, ""max_ms"": 0.6691809976473451, ""mean_ms"": 0.4219476795697119, ""median_ms"": 0.4454455047380179, ""min_ms"": 0.1433069701306522, ""p95_ms"": 0.5533779010875151, ""p99_ms"": 0.6367298855911941}",305496640,4328521728
gr_serving_h200_20261002_h16k_01,nosa,8,6c523d183c37d6c5087539d7c655b07aabb89b44409ef9b1b8810cedcd68e6ef,serial_sparse,4294967296,17179869184,first_visit,8,8,1155.9254888852593,1198.5964340274222,1201.9582047563745,1202.2815025685122,854.903083993122,1202.3623270215467,16384,128,42,0,8,0.0,"{""miss"": 8}",0,"{""count"": 8, ""max_ms"": 824.7068459750153, ""mean_ms"": 819.1786210009013, ""median_ms"": 818.3884565078188, ""min_ms"": 815.1110190083273, ""p95_ms"": 823.7559313332895, ""p99_ms"": 824.5166630466701}","{""count"": 8, ""max_ms"": 38.87605504132807, ""mean_ms"": 37.792217372043524, ""median_ms"": 37.57172299083322, ""min_ms"": 37.32915100408718, ""p95_ms"": 38.605911371996626, ""p99_ms"": 38.82202630746178}","{""count"": 8, ""max_ms"": 0.6691809976473451, ""mean_ms"": 0.3669201323646121, ""median_ms"": 0.3520985192153603, ""min_ms"": 0.1433069701306522, ""p95_ms"": 0.6035119004081934, ""p99_ms"": 0.6560471781995147}",305496640,4328521728
gr_serving_h200_20261002_h16k_01,nosa,8,6c523d183c37d6c5087539d7c655b07aabb89b44409ef9b1b8810cedcd68e6ef,serial_sparse,4294967296,17179869184,revisit,8,24,40.05440395364227,39.839298522565514,40.49818269559182,43.26442108664196,39.57259998423979,44.06916303560138,16384,128,42,24,0,1.0,"{""dram"": 24}",0,"{""count"": 24, ""max_ms"": 0.0003350432962179184, ""mean_ms"": 0.00021075053761402765, ""median_ms"": 0.00020596780814230442, ""min_ms"": 0.00016298145055770874, ""p95_ms"": 0.00025267363525927067, ""p99_ms"": 0.00031616655178368086}","{""count"": 24, ""max_ms"": 41.43489501439035, ""mean_ms"": 37.608729134566, ""median_ms"": 37.40897701936774, ""min_ms"": 37.23189502488822, ""p95_ms"": 37.92505730816629, ""p99_ms"": 40.63504839432426}","{""count"": 24, ""max_ms"": 0.5644999910145998, ""mean_ms"": 0.44029019530474517, ""median_ms"": 0.4505454853642732, ""min_ms"": 0.19774696556851268, ""p95_ms"": 0.5388957011746242, ""p99_ms"": 0.5598489352269098}",305496640,4328521728
gr_serving_h200_20261002_h16k_01,nosa,32,9dae4c97be128c4568198be4f26197a769c4a264473f614bc4eade9588c020d5,dense_prefetch,4294967296,17179869184,all,21,32,529.337324840526,782.2901449690107,786.4443890284747,790.5533452454256,42.18942701118067,792.2258339822292,16384,128,42,11,21,0.34375,"{""dram"": 11, ""miss"": 21}",0,"{""count"": 32, ""max_ms"": 749.0023510181345, ""mean_ms"": 486.45011409280414, ""median_ms"": 739.6365680033341, ""min_ms"": 0.00013899989426136017, ""p95_ms"": 743.4850639605429, ""p99_ms"": 747.3757605487481}","{""count"": 32, ""max_ms"": 39.91268598474562, ""mean_ms"": 39.29713384422939, ""median_ms"": 39.19404200860299, ""min_ms"": 38.731284032110125, ""p95_ms"": 39.76108568604104, ""p99_ms"": 39.8863009584602}","{""count"": 32, ""max_ms"": 1.7980189877562225, ""mean_ms"": 0.7954768370836973, ""median_ms"": 0.7519424834754318, ""min_ms"": 0.16301899449899793, ""p95_ms"": 1.2824158882722259, ""p99_ms"": 1.639150807750412}",1134744576,11362369536
gr_serving_h200_20261002_h16k_01,nosa,32,9dae4c97be128c4568198be4f26197a769c4a264473f614bc4eade9588c020d5,dense_prefetch,4294967296,17179869184,first_visit,21,21,784.2217120397393,784.1265479801223,786.8307090247981,791.146808990743,780.4506369866431,792.2258339822292,16384,128,42,0,21,0.0,"{""miss"": 21}",0,"{""count"": 21, ""max_ms"": 749.0023510181345, ""mean_ms"": 741.2571914749043, ""median_ms"": 740.7500349800102, ""min_ms"": 738.6986049823463, ""p95_ms"": 743.7552849878557, ""p99_ms"": 747.9529378120787}","{""count"": 21, ""max_ms"": 39.60247099166736, ""mean_ms"": 39.151826526947495, ""median_ms"": 39.134420978371054, ""min_ms"": 38.731284032110125, ""p95_ms"": 39.48378498898819, ""p99_ms"": 39.578733791131526}","{""count"": 21, ""max_ms"": 1.7980189877562225, ""mean_ms"": 0.7942018010431812, ""median_ms"": 0.7796469726599753, ""min_ms"": 0.16301899449899793, ""p95_ms"": 1.2855409877374768, ""p99_ms"": 1.6955233877524738}",1134744576,11362369536
gr_serving_h200_20261002_h16k_01,nosa,32,9dae4c97be128c4568198be4f26197a769c4a264473f614bc4eade9588c020d5,dense_prefetch,4294967296,17179869184,revisit,6,11,42.73985836930065,42.80793899670243,43.129018507897854,43.16503731533885,42.18942701118067,43.1740420171991,16384,128,42,11,0,1.0,"{""dram"": 11}",0,"{""count"": 11, ""max_ms"": 0.00038498546928167343, ""mean_ms"": 0.00023909061300483617, ""median_ms"": 0.0002350425347685814, ""min_ms"": 0.00013899989426136017, ""p95_ms"": 0.00036798883229494095, ""p99_ms"": 0.00038158614188432693}","{""count"": 11, ""max_ms"": 39.91268598474562, ""mean_ms"": 39.57453872267665, ""median_ms"": 39.58835999947041, ""min_ms"": 39.28198904031888, ""p95_ms"": 39.87012949073687, ""p99_ms"": 39.90417468594387}","{""count"": 11, ""max_ms"": 1.1684779892675579, ""mean_ms"": 0.79791099679741, ""median_ms"": 0.6814409862272441, ""min_ms"": 0.5912709748372436, ""p95_ms"": 1.1144939926452935, ""p99_ms"": 1.157681189943105}",1080709120,10821304320
gr_serving_h200_20261002_h16k_01,nosa,32,9dae4c97be128c4568198be4f26197a769c4a264473f614bc4eade9588c020d5,hbm,4294967296,17179869184,all,21,32,463.98305771435844,608.1070174986962,611.3596435578074,611.7782571702264,28.92692800378427,611.9516820181161,16384,128,42,8,24,0.25,"{""hbm"": 8, ""miss"": 24}",17,"{""count"": 32, ""max_ms"": 581.9983250112273, ""mean_ms"": 434.38215983769624, ""median_ms"": 578.5116059705615, ""min_ms"": 0.00016298145055770874, ""p95_ms"": 581.3770873617614, ""p99_ms"": 581.9592361856485}","{""count"": 32, ""max_ms"": 27.522997988853604, ""mean_ms"": 26.700858597905608, ""median_ms"": 26.623363490216434, ""min_ms"": 26.268873014487326, ""p95_ms"": 27.149496047059074, ""p99_ms"": 27.410736444289796}","{""count"": 32, ""max_ms"": 0.6244240212254226, ""mean_ms"": 0.4392643713799771, ""median_ms"": 0.45154147665016353, ""min_ms"": 0.13418699381873012, ""p95_ms"": 0.5765357374912128, ""p99_ms"": 0.6122751045040786}",3928992256,0
gr_serving_h200_20261002_h16k_01,nosa,32,9dae4c97be128c4568198be4f26197a769c4a264473f614bc4eade9588c020d5,hbm,4294967296,17179869184,first_visit,21,21,608.9268004178025,608.8384810136631,611.3329679938033,611.8279392132536,604.3236219557002,611.9516820181161,16384,128,42,0,21,0.0,"{""miss"": 21}",14,"{""count"": 21, ""max_ms"": 581.9983250112273, ""mean_ms"": 579.2752721823663, ""median_ms"": 579.1617839713581, ""min_ms"": 575.5496190395206, ""p95_ms"": 581.8722320254892, ""p99_ms"": 581.9731064140797}","{""count"": 21, ""max_ms"": 27.14019501581788, ""mean_ms"": 26.592116528523288, ""median_ms"": 26.558050012681633, ""min_ms"": 26.268873014487326, ""p95_ms"": 26.927243976388127, ""p99_ms"": 27.09760480793193}","{""count"": 21, ""max_ms"": 0.6244240212254226, ""mean_ms"": 0.4407525134627663, ""median_ms"": 0.45490701450034976, ""min_ms"": 0.13418699381873012, ""p95_ms"": 0.5852339672856033, ""p99_ms"": 0.6165860104374588}",3928992256,0
gr_serving_h200_20261002_h16k_01,nosa,32,9dae4c97be128c4568198be4f26197a769c4a264473f614bc4eade9588c020d5,hbm,4294967296,17179869184,revisit,6,11,187.27227618960157,29.449990019202232,609.433905017795,611.0005786234979,28.92692800378427,611.3922470249236,16384,128,42,8,3,0.7272727272727273,"{""hbm"": 8, ""miss"": 3}",3,"{""count"": 11, ""max_ms"": 580.7384430081584, ""mean_ms"": 157.7680362705988, ""median_ms"": 0.0002519809640944004, ""min_ms"": 0.00016298145055770874, ""p95_ms"": 579.1792920208536, ""p99_ms"": 580.4266128106974}","{""count"": 11, ""max_ms"": 27.522997988853604, ""mean_ms"": 26.90845709399913, ""median_ms"": 26.826218992937356, ""min_ms"": 26.541423983871937, ""p95_ms"": 27.341930981492624, ""p99_ms"": 27.486784587381408}","{""count"": 11, ""max_ms"": 0.48769504064694047, ""mean_ms"": 0.43642337285828864, ""median_ms"": 0.4362490144558251, ""min_ms"": 0.39731396827846766, ""p95_ms"": 0.4786390345543623, ""p99_ms"": 0.48588383942842484}",3928992256,0
gr_serving_h200_20261002_h16k_01,nosa,32,9dae4c97be128c4568198be4f26197a769c4a264473f614bc4eade9588c020d5,overlap,4294967296,17179869184,all,21,32,554.3156320618436,821.0705564997625,826.3422932941467,827.3769983398961,40.643038984853774,827.5870810030028,16384,128,42,11,21,0.34375,"{""dram"": 11, ""miss"": 21}",0,"{""count"": 32, ""max_ms"": 785.5879219714552, ""mean_ms"": 512.5039485410525, ""median_ms"": 779.4481165474281, ""min_ms"": 0.00013102544471621513, ""p95_ms"": 784.4817007135134, ""p99_ms"": 785.5342271988047}","{""count"": 32, ""max_ms"": 39.95943401241675, ""mean_ms"": 38.48188358642801, ""median_ms"": 38.371702976292, ""min_ms"": 37.919752998277545, ""p95_ms"": 39.23930956516415, ""p99_ms"": 39.785612982232124}","{""count"": 32, ""max_ms"": 2.5959830381907523, ""mean_ms"": 0.8598300937592285, ""median_ms"": 0.6942040054127574, ""min_ms"": 0.141429016366601, ""p95_ms"": 1.5101935481652615, ""p99_ms"": 2.2946168418275206}",801928680,11362369536
gr_serving_h200_20261002_h16k_01,nosa,32,9dae4c97be128c4568198be4f26197a769c4a264473f614bc4eade9588c020d5,overlap,4294967296,17179869184,first_visit,21,21,822.8335088989254,822.803859016858,826.9093949929811,827.4515438009985,819.618362991605,827.5870810030028,16384,128,42,0,21,0.0,"{""miss"": 21}",0,"{""count"": 21, ""max_ms"": 785.5879219714552, ""mean_ms"": 780.9582799645362, ""median_ms"": 780.3592350101098, ""min_ms"": 777.7433450100943, ""p95_ms"": 785.4147130274214, ""p99_ms"": 785.5532801826485}","{""count"": 21, ""max_ms"": 39.95943401241675, ""mean_ms"": 38.41265575361571, ""median_ms"": 38.27120299683884, ""min_ms"": 37.919752998277545, ""p95_ms"": 39.108882017899305, ""p99_ms"": 39.78932361351326}","{""count"": 21, ""max_ms"": 1.623834017664194, ""mean_ms"": 0.798116377111347, ""median_ms"": 0.724810000974685, ""min_ms"": 0.141429016366601, ""p95_ms"": 1.4172149822115898, ""p99_ms"": 1.5825102105736735}",801928680,11362369536
gr_serving_h200_20261002_h16k_01,nosa,32,9dae4c97be128c4568198be4f26197a769c4a264473f614bc4eade9588c020d5,overlap,4294967296,17179869184,revisit,6,11,41.69059446377849,41.417396045289934,42.80845902394503,42.871775035746396,40.643038984853774,42.887604038696736,16384,128,42,11,0,1.0,"{""dram"": 11}",0,"{""count"": 11, ""max_ms"": 0.0004050089046359062, ""mean_ms"": 0.00022491440176963806, ""median_ms"": 0.0002080341801047325, ""min_ms"": 0.00013102544471621513, ""p95_ms"": 0.0003809982445091009, ""p99_ms"": 0.00040020677261054516}","{""count"": 11, ""max_ms"": 39.39872101182118, ""mean_ms"": 38.61404581270604, ""median_ms"": 38.59223099425435, ""min_ms"": 38.00313203828409, ""p95_ms"": 39.21619651373476, ""p99_ms"": 39.362216112203896}","{""count"": 11, ""max_ms"": 2.5959830381907523, ""mean_ms"": 0.9776471891779114, ""median_ms"": 0.6552019622176886, ""min_ms"": 0.6243070238269866, ""p95_ms"": 1.9299675186630338, ""p99_ms"": 2.462779934285209}",763741600,10821304320
gr_serving_h200_20261002_h16k_01,nosa,32,9dae4c97be128c4568198be4f26197a769c4a264473f614bc4eade9588c020d5,serial_sparse,4294967296,17179869184,all,21,32,716.5590189797513,858.0212554952595,1201.1859917867696,1226.3552301208256,39.99216901138425,1237.6472070463933,16384,128,42,11,21,0.34375,"{""dram"": 11, ""miss"": 21}",0,"{""count"": 32, ""max_ms"": 839.4092990201898, ""mean_ms"": 538.1083528391173, ""median_ms"": 817.8280524734873, ""min_ms"": 0.0001569860614836216, ""p95_ms"": 821.6449684899999, ""p99_ms"": 834.1256587021053}","{""count"": 32, ""max_ms"": 40.391599002759904, ""mean_ms"": 37.911391254965565, ""median_ms"": 37.74813504423946, ""min_ms"": 37.371237005572766, ""p95_ms"": 38.356824484071694, ""p99_ms"": 39.77884927531704}","{""count"": 32, ""max_ms"": 1.2568659731186926, ""mean_ms"": 0.7929379116831115, ""median_ms"": 0.7500300125684589, ""min_ms"": 0.1607669983059168, ""p95_ms"": 1.2410890514729545, ""p99_ms"": 1.2535350356483832}",801928680,11362369536
gr_serving_h200_20261002_h16k_01,nosa,32,9dae4c97be128c4568198be4f26197a769c4a264473f614bc4eade9588c020d5,serial_sparse,4294967296,17179869184,first_visit,21,21,1070.691233678233,1197.7738440036774,1201.221475028433,1230.3620606428012,855.5664129671641,1237.6472070463933,16384,128,42,0,21,0.0,"{""miss"": 21}",0,"{""count"": 21, ""max_ms"": 839.4092990201898, ""mean_ms"": 819.9745195673868, ""median_ms"": 819.7714689886197, ""min_ms"": 815.314948966261, ""p95_ms"": 822.3652979941107, ""p99_ms"": 836.000498814974}","{""count"": 21, ""max_ms"": 40.391599002759904, ""mean_ms"": 38.03393538553445, ""median_ms"": 38.07943203719333, ""min_ms"": 37.371237005572766, ""p95_ms"": 38.414986978750676, ""p99_ms"": 39.99627659795806}","{""count"": 21, ""max_ms"": 1.2568659731186926, ""mean_ms"": 0.7703934319406038, ""median_ms"": 0.8106839959509671, ""min_ms"": 0.1607669983059168, ""p95_ms"": 1.2461210135370493, ""p99_ms"": 1.254716981202364}",801928680,11362369536
gr_serving_h200_20261002_h16k_01,nosa,32,9dae4c97be128c4568198be4f26197a769c4a264473f614bc4eade9588c020d5,serial_sparse,4294967296,17179869184,revisit,6,11,40.48842728264969,40.46283598290756,40.87461301242001,40.928473795065656,39.99216901138425,40.94193899072707,16384,128,42,11,0,1.0,"{""dram"": 11}",0,"{""count"": 11, ""max_ms"": 0.0002769520506262779, ""mean_ms"": 0.00021635787561535835, ""median_ms"": 0.0002039596438407898, ""min_ms"": 0.0001569860614836216, ""p95_ms"": 0.0002754677552729845, ""p99_ms"": 0.00027665519155561924}","{""count"": 11, ""max_ms"": 37.863129982724786, ""mean_ms"": 37.67744336933406, ""median_ms"": 37.68727800343186, ""min_ms"": 37.459573009982705, ""p95_ms"": 37.82675848924555, ""p99_ms"": 37.85585568402894}","{""count"": 11, ""max_ms"": 1.2244200333952904, ""mean_ms"": 0.835977373009717, ""median_ms"": 0.7190160104073584, ""min_ms"": 0.6315240170806646, ""p95_ms"": 1.202441519126296, ""p99_ms"": 1.2200243305414915}",763741600,10821304320
gr_serving_h200_20261002_h16k_01,nosa,64,d90f22c6d9d5070a53e05fbf2d2215dc80f4c327fffe8497d03b7ffc91c86d76,dense_prefetch,4294967296,17179869184,all,21,32,529.4225736834051,782.6940190279856,786.1755947262282,787.8964084776817,42.21746098482981,788.387773965951,16384,128,42,11,21,0.34375,"{""dram"": 11, ""miss"": 21}",0,"{""count"": 32, ""max_ms"": 744.6715410333127, ""mean_ms"": 486.3674225016439, ""median_ms"": 740.0336830178276, ""min_ms"": 0.0001550070010125637, ""p95_ms"": 742.3220678465441, ""p99_ms"": 744.0314539516112}","{""count"": 32, ""max_ms"": 41.82970698457211, ""mean_ms"": 39.47727799823042, ""median_ms"": 39.335658482741565, ""min_ms"": 38.86939800577238, ""p95_ms"": 40.14881854818668, ""p99_ms"": 41.31930128845852}","{""count"": 32, ""max_ms"": 1.4633010141551495, ""mean_ms"": 0.7798295337124728, ""median_ms"": 0.7613650232087821, ""min_ms"": 0.15905697364360094, ""p95_ms"": 1.3126110250595957, ""p99_ms"": 1.4233677298761906}",1134744576,11362369536
gr_serving_h200_20261002_h16k_01,nosa,64,d90f22c6d9d5070a53e05fbf2d2215dc80f4c327fffe8497d03b7ffc91c86d76,dense_prefetch,4294967296,17179869184,first_visit,21,21,784.2244438998889,784.3446200131439,786.8027240037918,788.0707639735192,781.8129030056298,788.387773965951,16384,128,42,0,21,0.0,"{""miss"": 21}",0,"{""count"": 21, ""max_ms"": 744.6715410333127, ""mean_ms"": 741.1311960507495, ""median_ms"": 741.4191520074382, ""min_ms"": 739.4977739895694, ""p95_ms"": 742.6067439955659, ""p99_ms"": 744.2585816257633}","{""count"": 21, ""max_ms"": 40.18323699710891, ""mean_ms"": 39.28566295265531, ""median_ms"": 39.241714985109866, ""min_ms"": 38.86939800577238, ""p95_ms"": 40.1206579990685, ""p99_ms"": 40.170721197500825}","{""count"": 21, ""max_ms"": 1.3344839680939913, ""mean_ms"": 0.7652789520631943, ""median_ms"": 0.8133280207403004, ""min_ms"": 0.15905697364360094, ""p95_ms"": 1.2947149807587266, ""p99_ms"": 1.3265301706269383}",1134744576,11362369536
gr_serving_h200_20261002_h16k_01,nosa,64,d90f22c6d9d5070a53e05fbf2d2215dc80f4c327fffe8497d03b7ffc91c86d76,dense_prefetch,4294967296,17179869184,revisit,5,11,42.9826396337541,42.74602804798633,44.47111449553631,45.367254893062636,42.21746098482981,45.59128999244422,16384,128,42,11,0,1.0,"{""dram"": 11}",0,"{""count"": 11, ""max_ms"": 0.0002899905666708946, ""mean_ms"": 0.00021845335140824318, ""median_ms"": 0.00022799940779805183, ""min_ms"": 0.0001550070010125637, ""p95_ms"": 0.0002770102582871914, ""p99_ms"": 0.000287394504994154}","{""count"": 11, ""max_ms"": 41.82970698457211, ""mean_ms"": 39.84308853978291, ""median_ms"": 39.64215697487816, ""min_ms"": 39.46155903395265, ""p95_ms"": 40.82708200439811, ""p99_ms"": 41.62918198853731}","{""count"": 11, ""max_ms"": 1.4633010141551495, ""mean_ms"": 0.8076079168610952, ""median_ms"": 0.7094020256772637, ""min_ms"": 0.36995101254433393, ""p95_ms"": 1.3267025060486048, ""p99_ms"": 1.4359813125338405}",1134744576,11362369536
gr_serving_h200_20261002_h16k_01,nosa,64,d90f22c6d9d5070a53e05fbf2d2215dc80f4c327fffe8497d03b7ffc91c86d76,hbm,4294967296,17179869184,all,21,32,464.68982665101066,609.1554475133307,611.3960000075167,611.9186359876767,29.689124959986657,611.9317489792593,16384,128,42,8,24,0.25,"{""hbm"": 8, ""miss"": 24}",17,"{""count"": 32, ""max_ms"": 582.8640380059369, ""mean_ms"": 434.8675693727273, ""median_ms"": 579.4107534748036, ""min_ms"": 0.0001519802026450634, ""p95_ms"": 581.809197619441, ""p99_ms"": 582.7355213125702}","{""count"": 32, ""max_ms"": 27.986860019154847, ""mean_ms"": 26.7382563179126, ""median_ms"": 26.611291978042573, ""min_ms"": 26.28822799306363, ""p95_ms"": 27.229841993539594, ""p99_ms"": 27.76924312580377}","{""count"": 32, ""max_ms"": 0.5425710114650428, ""mean_ms"": 0.4215015851514181, ""median_ms"": 0.4436094604898244, ""min_ms"": 0.1324170152656734, ""p95_ms"": 0.498546936432831, ""p99_ms"": 0.5324684170773253}",3928992256,0
gr_serving_h200_20261002_h16k_01,nosa,64,d90f22c6d9d5070a53e05fbf2d2215dc80f4c327fffe8497d03b7ffc91c86d76,hbm,4294967296,17179869184,first_visit,21,21,609.6832939018939,609.2634169617668,611.8894490064122,611.9232889846899,608.5847769863904,611.9317489792593,16384,128,42,0,21,0.0,"{""miss"": 21}",14,"{""count"": 21, ""max_ms"": 582.8640380059369, ""mean_ms"": 579.8864953824142, ""median_ms"": 579.6036329702474, ""min_ms"": 578.2800749875605, ""p95_ms"": 582.4494680273347, ""p99_ms"": 582.7811240102164}","{""count"": 21, ""max_ms"": 26.76669100765139, ""mean_ms"": 26.586573382484772, ""median_ms"": 26.58574702218175, ""min_ms"": 26.37135301483795, ""p95_ms"": 26.728946017101407, ""p99_ms"": 26.759142009541392}","{""count"": 21, ""max_ms"": 0.5425710114650428, ""mean_ms"": 0.4179393789464874, ""median_ms"": 0.44735497795045376, ""min_ms"": 0.1324170152656734, ""p95_ms"": 0.5099819973111153, ""p99_ms"": 0.5360532086342573}",3928992256,0
gr_serving_h200_20261002_h16k_01,nosa,64,d90f22c6d9d5070a53e05fbf2d2215dc80f4c327fffe8497d03b7ffc91c86d76,hbm,4294967296,17179869184,revisit,5,11,187.88411644477904,29.864756972528994,609.9284219671972,610.116947547067,29.689124959986657,610.1640789420344,16384,128,42,8,3,0.7272727272727273,"{""hbm"": 8, ""miss"": 3}",3,"{""count"": 11, ""max_ms"": 580.2882380085066, ""mean_ms"": 158.01325608150694, ""median_ms"": 0.00033795367926359177, ""min_ms"": 0.0001519802026450634, ""p95_ms"": 579.9907059990801, ""p99_ms"": 580.2287316066213}","{""count"": 11, ""max_ms"": 27.986860019154847, ""mean_ms"": 27.027832831002094, ""median_ms"": 27.15418703155592, ""min_ms"": 26.28822799306363, ""p95_ms"": 27.635865029878914, ""p99_ms"": 27.91666102129966}","{""count"": 11, ""max_ms"": 0.4779789596796036, ""mean_ms"": 0.4283021606335586, ""median_ms"": 0.4392300033941865, ""min_ms"": 0.33797300420701504, ""p95_ms"": 0.46993198338896036, ""p99_ms"": 0.47636956442147493}",3928992256,0
gr_serving_h200_20261002_h16k_01,nosa,64,d90f22c6d9d5070a53e05fbf2d2215dc80f4c327fffe8497d03b7ffc91c86d76,overlap,4294967296,17179869184,all,21,32,554.3137463391759,821.8618255050387,825.0348688277882,827.7007298037643,41.314896021503955,828.7791020120494,16384,128,42,11,21,0.34375,"{""dram"": 11, ""miss"": 21}",0,"{""count"": 32, ""max_ms"": 784.1728389612399, ""mean_ms"": 512.2917217177019, ""median_ms"": 779.5276920078322, ""min_ms"": 0.00014097895473241806, ""p95_ms"": 782.8055365884211, ""p99_ms"": 783.7773955293233}","{""count"": 32, ""max_ms"": 40.696648007724434, ""mean_ms"": 38.399486809794325, ""median_ms"": 38.34174998337403, ""min_ms"": 37.777647958137095, ""p95_ms"": 38.82433875405695, ""p99_ms"": 40.13075105904136}","{""count"": 32, ""max_ms"": 1.4484169660136104, ""mean_ms"": 0.8151904094120255, ""median_ms"": 0.8187694766093045, ""min_ms"": 0.16122404485940933, ""p95_ms"": 1.3587604858912528, ""p99_ms"": 1.4223301771562546}",801928680,11362369536
gr_serving_h200_20261002_h16k_01,nosa,64,d90f22c6d9d5070a53e05fbf2d2215dc80f4c327fffe8497d03b7ffc91c86d76,overlap,4294967296,17179869184,first_visit,21,21,822.8100448059628,822.6285770069808,825.3004819853231,828.0833780067042,818.0163800134324,828.7791020120494,16384,128,42,0,21,0.0,"{""miss"": 21}",0,"{""count"": 21, ""max_ms"": 784.1728389612399, ""mean_ms"": 780.6348783806676, ""median_ms"": 780.363364960067, ""min_ms"": 777.6814550161362, ""p95_ms"": 782.8972149873152, ""p99_ms"": 783.917714166455}","{""count"": 21, ""max_ms"": 40.696648007724434, ""mean_ms"": 38.30739509014945, ""median_ms"": 38.22603699518368, ""min_ms"": 37.777647958137095, ""p95_ms"": 38.465125020593405, ""p99_ms"": 40.25034341029823}","{""count"": 21, ""max_ms"": 1.4484169660136104, ""mean_ms"": 0.816031575335988, ""median_ms"": 0.8824029937386513, ""min_ms"": 0.16122404485940933, ""p95_ms"": 1.3642660342156887, ""p99_ms"": 1.431586779654026}",801928680,11362369536
gr_serving_h200_20261002_h16k_01,nosa,64,d90f22c6d9d5070a53e05fbf2d2215dc80f4c327fffe8497d03b7ffc91c86d76,overlap,4294967296,17179869184,revisit,5,11,41.72990381167355,41.68118699453771,42.0447054784745,42.05120108090341,41.314896021503955,42.05282498151064,16384,128,42,11,0,1.0,"{""dram"": 11}",0,"{""count"": 11, ""max_ms"": 0.00038498546928167343, ""mean_ms"": 0.00024081567641008985, ""median_ms"": 0.00023801112547516823, ""min_ms"": 0.00014097895473241806, ""p95_ms"": 0.0003649911377578974, ""p99_ms"": 0.0003809866029769182}","{""count"": 11, ""max_ms"": 38.87117397971451, ""mean_ms"": 38.575298274570905, ""median_ms"": 38.64899597829208, ""min_ms"": 37.970656994730234, ""p95_ms"": 38.828596501844004, ""p99_ms"": 38.86265848414041}","{""count"": 11, ""max_ms"": 1.3328290078788996, ""mean_ms"": 0.8135845471935516, ""median_ms"": 0.7551359594799578, ""min_ms"": 0.3808150067925453, ""p95_ms"": 1.2974025157745928, ""p99_ms"": 1.3257437094580382}",801928680,11362369536
gr_serving_h200_20261002_h16k_01,nosa,64,d90f22c6d9d5070a53e05fbf2d2215dc80f4c327fffe8497d03b7ffc91c86d76,serial_sparse,4294967296,17179869184,all,21,32,581.1727305299428,859.5871514989994,878.568857369828,893.6968840990448,40.31543503515422,900.0766679528169,16384,128,42,11,21,0.34375,"{""dram"": 11, ""miss"": 21}",0,"{""count"": 32, ""max_ms"": 855.1743269781582, ""mean_ms"": 539.6755281508376, ""median_ms"": 817.8860299813095, ""min_ms"": 0.00013300450518727303, ""p95_ms"": 837.4226188869216, ""p99_ms"": 850.0632977788337}","{""count"": 32, ""max_ms"": 42.411477013956755, ""mean_ms"": 38.011349284715834, ""median_ms"": 37.93419498833828, ""min_ms"": 37.32916002627462, ""p95_ms"": 38.39266473951284, ""p99_ms"": 41.188051471253864}","{""count"": 32, ""max_ms"": 1.4115420053713024, ""mean_ms"": 0.812379686976783, ""median_ms"": 0.7856930023990571, ""min_ms"": 0.1440719934180379, ""p95_ms"": 1.378966512857005, ""p99_ms"": 1.4080641145119444}",801928680,11362369536
gr_serving_h200_20261002_h16k_01,nosa,64,d90f22c6d9d5070a53e05fbf2d2215dc80f4c327fffe8497d03b7ffc91c86d76,serial_sparse,4294967296,17179869184,first_visit,21,21,864.0426599498218,860.798544017598,879.4967200374231,895.9606783697382,854.7909029875882,900.0766679528169,16384,128,42,0,21,0.0,"{""miss"": 21}",0,"{""count"": 21, ""max_ms"": 855.1743269781582, ""mean_ms"": 822.3625938518949, ""median_ms"": 818.5425319825299, ""min_ms"": 815.0782639859244, ""p95_ms"": 838.6871360125951, ""p99_ms"": 851.8768887850456}","{""count"": 21, ""max_ms"": 42.411477013956755, ""mean_ms"": 37.99881486199973, ""median_ms"": 37.76624199235812, ""min_ms"": 37.32916002627462, ""p95_ms"": 38.46494300523773, ""p99_ms"": 41.62217021221295}","{""count"": 21, ""max_ms"": 1.4115420053713024, ""mean_ms"": 0.8042945188381487, ""median_ms"": 0.8220939780585468, ""min_ms"": 0.1440719934180379, ""p95_ms"": 1.4003230025991797, ""p99_ms"": 1.4092982048168778}",801928680,11362369536
gr_serving_h200_20261002_h16k_01,nosa,64,d90f22c6d9d5070a53e05fbf2d2215dc80f4c327fffe8497d03b7ffc91c86d76,serial_sparse,4294967296,17179869184,revisit,5,11,41.14831981926479,41.17258999031037,41.691395483212546,41.70995988533832,40.31543503515422,41.714600985869765,16384,128,42,11,0,1.0,"{""dram"": 11}",0,"{""count"": 11, ""max_ms"": 0.0003489549271762371, ""mean_ms"": 0.0002209033647721464, ""median_ms"": 0.0002100132405757904, ""min_ms"": 0.00013300450518727303, ""p95_ms"": 0.00031496165320277214, ""p99_ms"": 0.0003421562723815441}","{""count"": 11, ""max_ms"": 38.33352797664702, ""mean_ms"": 38.03527863717384, ""median_ms"": 37.98019501846284, ""min_ms"": 37.921469018328935, ""p95_ms"": 38.252279482549056, ""p99_ms"": 38.31727827782743}","{""count"": 11, ""max_ms"": 1.3614930212497711, ""mean_ms"": 0.8278150079687211, ""median_ms"": 0.7492920267395675, ""min_ms"": 0.3766980371437967, ""p95_ms"": 1.3231500051915646, ""p99_ms"": 1.3538244180381298}",801928680,11362369536
gr_serving_h200_20261002_h16k_01,nosa,128,4bac00cd73a7324e56275f242c8b135f4b5dafadcfe8328df5c6bc8428560900,dense_prefetch,4294967296,17179869184,all,28,32,692.8610953727912,784.5875900238752,792.0494480466004,792.9991805000464,42.92703099781647,793.2626740075648,16384,128,42,4,28,0.125,"{""dram"": 4, ""miss"": 28}",0,"{""count"": 32, ""max_ms"": 749.6765719843097, ""mean_ms"": 649.4238601571851, ""median_ms"": 740.7953280198853, ""min_ms"": 0.00013899989426136017, ""p95_ms"": 747.9796975443605, ""p99_ms"": 749.605496111908}","{""count"": 32, ""max_ms"": 40.5933849979192, ""mean_ms"": 39.35823074425571, ""median_ms"": 39.20237100101076, ""min_ms"": 38.8927009771578, ""p95_ms"": 39.972471256623976, ""p99_ms"": 40.43296339572407}","{""count"": 32, ""max_ms"": 1.8535740091465414, ""mean_ms"": 0.9740482219058322, ""median_ms"": 0.8640764863230288, ""min_ms"": 0.16531499568372965, ""p95_ms"": 1.7484327050624415, ""p99_ms"": 1.8387882318347692}",1512992768,15149826048
gr_serving_h200_20261002_h16k_01,nosa,128,4bac00cd73a7324e56275f242c8b135f4b5dafadcfe8328df5c6bc8428560900,dense_prefetch,4294967296,17179869184,first_visit,28,28,785.6713591754669,784.7442564961966,792.181537830038,793.0331796623068,780.6517609860748,793.2626740075648,16384,128,42,0,28,0.0,"{""miss"": 28}",0,"{""count"": 28, ""max_ms"": 749.6765719843097, ""mean_ms"": 742.1986660732988, ""median_ms"": 740.9152910404373, ""min_ms"": 739.1264680190943, ""p95_ms"": 748.5133693378884, ""p99_ms"": 749.6146671922179}","{""count"": 28, ""max_ms"": 40.5933849979192, ""mean_ms"": 39.28702506319886, ""median_ms"": 39.17600100976415, ""min_ms"": 38.8927009771578, ""p95_ms"": 40.006775871734135, ""p99_ms"": 40.45366295729764}","{""count"": 28, ""max_ms"": 1.8535740091465414, ""mean_ms"": 0.9793411112955904, ""median_ms"": 0.9164954826701432, ""min_ms"": 0.16531499568372965, ""p95_ms"": 1.7693218862405045, ""p99_ms"": 1.8406960740685463}",1512992768,15149826048
gr_serving_h200_20261002_h16k_01,nosa,128,4bac00cd73a7324e56275f242c8b135f4b5dafadcfe8328df5c6bc8428560900,dense_prefetch,4294967296,17179869184,revisit,3,4,43.18924875406083,43.06272050598636,43.61216110410169,43.686050625983626,42.92703099781647,43.70452300645411,16384,128,42,4,0,1.0,"{""dram"": 4}",0,"{""count"": 4, ""max_ms"": 0.0002809683792293072, ""mean_ms"": 0.00021874438971281052, ""median_ms"": 0.00022750464268028736, ""min_ms"": 0.00013899989426136017, ""p95_ms"": 0.0002779735950753093, ""p99_ms"": 0.0002803694223985076}","{""count"": 4, ""max_ms"": 39.88785104593262, ""mean_ms"": 39.85667051165365, ""median_ms"": 39.8607894894667, ""min_ms"": 39.81725202174857, ""p95_ms"": 39.88670113612898, ""p99_ms"": 39.88762106397189}","{""count"": 4, ""max_ms"": 1.612617983482778, ""mean_ms"": 0.9369979961775243, ""median_ms"": 0.775255000917241, ""min_ms"": 0.5848639993928373, ""p95_ms"": 1.4956460363464428, ""p99_ms"": 1.5892235940555108}",1458957312,14608760832
gr_serving_h200_20261002_h16k_01,nosa,128,4bac00cd73a7324e56275f242c8b135f4b5dafadcfe8328df5c6bc8428560900,hbm,4294967296,17179869184,all,28,32,591.1694519727462,609.6769575378858,610.835489447345,611.4702986890916,29.84106499934569,611.7200040025637,16384,128,42,1,31,0.03125,"{""hbm"": 1, ""miss"": 31}",24,"{""count"": 32, ""max_ms"": 581.5785539452918, ""mean_ms"": 561.3303523114155, ""median_ms"": 579.7149635036476, ""min_ms"": 0.00019301660358905792, ""p95_ms"": 580.7514029205777, ""p99_ms"": 581.3410201761872}","{""count"": 32, ""max_ms"": 27.182399993762374, ""mean_ms"": 26.55537503414962, ""median_ms"": 26.57338950666599, ""min_ms"": 26.182228000834584, ""p95_ms"": 26.780264411354437, ""p99_ms"": 27.06055325921625}","{""count"": 32, ""max_ms"": 0.5463520064949989, ""mean_ms"": 0.42963424857589416, ""median_ms"": 0.45841949759051204, ""min_ms"": 0.1303479657508433, ""p95_ms"": 0.5043425917392597, ""p99_ms"": 0.541151455254294}",3928992256,0
gr_serving_h200_20261002_h16k_01,nosa,128,4bac00cd73a7324e56275f242c8b135f4b5dafadcfe8328df5c6bc8428560900,hbm,4294967296,17179869184,first_visit,28,28,609.1497436822725,609.6080560237169,610.6286719994387,610.8757145242998,605.5962379905395,610.9145029913634,16384,128,42,0,28,0.0,"{""miss"": 28}",21,"{""count"": 28, ""max_ms"": 580.8123159804381, ""mean_ms"": 579.3304067878386, ""median_ms"": 579.5895790215582, ""min_ms"": 577.2354630171321, ""p95_ms"": 580.6120104854926, ""p99_ms"": 580.7824132055975}","{""count"": 28, ""max_ms"": 26.78934601135552, ""mean_ms"": 26.529430108244664, ""median_ms"": 26.556570985121652, ""min_ms"": 26.182228000834584, ""p95_ms"": 26.77246720122639, ""p99_ms"": 26.784887771354988}","{""count"": 28, ""max_ms"": 0.5295760347507894, ""mean_ms"": 0.42407956997132196, ""median_ms"": 0.45841949759051204, ""min_ms"": 0.1303479657508433, ""p95_ms"": 0.483015927602537, ""p99_ms"": 0.517188708181493}",3928992256,0
gr_serving_h200_20261002_h16k_01,nosa,128,4bac00cd73a7324e56275f242c8b135f4b5dafadcfe8328df5c6bc8428560900,hbm,4294967296,17179869184,revisit,3,4,465.3074100060621,609.8342855111696,611.4579477027291,611.6675927425968,29.84106499934569,611.7200040025637,16384,128,42,1,3,0.25,"{""hbm"": 1, ""miss"": 3}",3,"{""count"": 4, ""max_ms"": 581.5785539452918, ""mean_ms"": 435.3299709764542, ""median_ms"": 579.8705684719607, ""min_ms"": 0.00019301660358905792, ""p95_ms"": 581.3258090493036, ""p99_ms"": 581.5280049660942}","{""count"": 4, ""max_ms"": 27.182399993762374, ""mean_ms"": 26.73698951548431, ""median_ms"": 26.613453519530594, ""min_ms"": 26.53865102911368, ""p95_ms"": 27.10301279730629, ""p99_ms"": 27.166522554471157}","{""count"": 4, ""max_ms"": 0.5463520064949989, ""mean_ms"": 0.46851699880789965, ""median_ms"": 0.45082299038767815, ""min_ms"": 0.4260700079612434, ""p95_ms"": 0.5346754041966051, ""p99_ms"": 0.5440166860353202}",3928992256,0
gr_serving_h200_20261002_h16k_01,nosa,128,4bac00cd73a7324e56275f242c8b135f4b5dafadcfe8328df5c6bc8428560900,overlap,4294967296,17179869184,all,28,32,724.6017292236502,821.3433880009688,827.1541667199926,829.737825251068,41.613805980887264,830.2574239787646,16384,128,42,4,28,0.125,"{""dram"": 4, ""miss"": 28}",0,"{""count"": 32, ""max_ms"": 786.4760020165704, ""mean_ms"": 682.0423545323138, ""median_ms"": 779.0743690275121, ""min_ms"": 0.00014802208170294762, ""p95_ms"": 783.1757799140178, ""p99_ms"": 786.1601947806776}","{""count"": 32, ""max_ms"": 41.068290011025965, ""mean_ms"": 38.335388720952324, ""median_ms"": 38.07771697756834, ""min_ms"": 37.78345603495836, ""p95_ms"": 39.88249430840369, ""p99_ms"": 40.716347615234554}","{""count"": 32, ""max_ms"": 1.976514991838485, ""mean_ms"": 1.0545822533458704, ""median_ms"": 1.0171670001000166, ""min_ms"": 0.14684302732348442, ""p95_ms"": 1.8270997883519158, ""p99_ms"": 1.941603421000764}",1069238240,15149826048
gr_serving_h200_20261002_h16k_01,nosa,128,4bac00cd73a7324e56275f242c8b135f4b5dafadcfe8328df5c6bc8428560900,overlap,4294967296,17179869184,first_visit,28,28,822.0529033985388,821.6140720178373,827.673123931163,829.8048702481901,818.4195929788984,830.2574239787646,16384,128,42,0,28,0.0,"{""miss"": 28}",0,"{""count"": 28, ""max_ms"": 786.4760020165704, ""mean_ms"": 779.4769424300674, ""median_ms"": 779.2731369845569, ""min_ms"": 775.1954660052434, ""p95_ms"": 784.0054123080336, ""p99_ms"": 786.2009441014379}","{""count"": 28, ""max_ms"": 41.068290011025965, ""mean_ms"": 38.24108114349656, ""median_ms"": 38.068665511673316, ""min_ms"": 37.78345603495836, ""p95_ms"": 39.46186643152032, ""p99_ms"": 40.761759537272155}","{""count"": 28, ""max_ms"": 1.976514991838485, ""mean_ms"": 1.0589146466892478, ""median_ms"": 1.0865905205719173, ""min_ms"": 0.14684302732348442, ""p95_ms"": 1.8404806003673002, ""p99_ms"": 1.9461081398185343}",1069238240,15149826048
gr_serving_h200_20261002_h16k_01,nosa,128,4bac00cd73a7324e56275f242c8b135f4b5dafadcfe8328df5c6bc8428560900,overlap,4294967296,17179869184,revisit,3,4,42.44350999942981,42.41091851145029,43.242769746575505,43.31927154446021,41.613805980887264,43.33839699393138,16384,128,42,4,0,1.0,"{""dram"": 4}",0,"{""count"": 4, ""max_ms"": 0.0002969754859805107, ""mean_ms"": 0.0002392480382695794, ""median_ms"": 0.00025599729269742966, ""min_ms"": 0.00014802208170294762, ""p95_ms"": 0.00029352668207138777, ""p99_ms"": 0.0002962857251986861}","{""count"": 4, ""max_ms"": 39.84117804793641, ""mean_ms"": 38.99554176314268, ""median_ms"": 38.76585399848409, ""min_ms"": 38.60928100766614, ""p95_ms"": 39.70105764165055, ""p99_ms"": 39.81315396667924}","{""count"": 4, ""max_ms"": 1.7563430010341108, ""mean_ms"": 1.0242554999422282, ""median_ms"": 0.8594024984631687, ""min_ms"": 0.6218740018084645, ""p95_ms"": 1.6398168489104135, ""p99_ms"": 1.7330377706093711}",1031051160,14608760832
gr_serving_h200_20261002_h16k_01,nosa,128,4bac00cd73a7324e56275f242c8b135f4b5dafadcfe8328df5c6bc8428560900,serial_sparse,4294967296,17179869184,all,28,32,834.1358019097243,861.7996995162684,1207.457605106174,1209.172540914733,40.43318802723661,1209.7434310126118,16384,128,42,4,28,0.125,"{""dram"": 4, ""miss"": 28}",0,"{""count"": 32, ""max_ms"": 826.8796359770931, ""mean_ms"": 718.0635856566369, ""median_ms"": 819.8825044964906, ""min_ms"": 0.00018900027498602867, ""p95_ms"": 825.01431646524, ""p99_ms"": 826.4464041776955}","{""count"": 32, ""max_ms"": 38.84263802319765, ""mean_ms"": 37.97254424353014, ""median_ms"": 37.82481496455148, ""min_ms"": 37.38179098581895, ""p95_ms"": 38.75423117133323, ""p99_ms"": 38.825072473846376}","{""count"": 32, ""max_ms"": 1.9932500435970724, ""mean_ms"": 1.0370662239438388, ""median_ms"": 0.9412460203748196, ""min_ms"": 0.14214898692443967, ""p95_ms"": 1.8770299095194785, ""p99_ms"": 1.9896785204764456}",1069238240,15149826048
gr_serving_h200_20261002_h16k_01,nosa,128,4bac00cd73a7324e56275f242c8b135f4b5dafadcfe8328df5c6bc8428560900,serial_sparse,4294967296,17179869184,first_visit,28,28,947.3825962507233,862.2044759977143,1207.6191487227334,1209.246204153169,857.9004450002685,1209.7434310126118,16384,128,42,0,28,0.0,"{""miss"": 28}",0,"{""count"": 28, ""max_ms"": 826.8796359770931, ""mean_ms"": 820.6440666794412, ""median_ms"": 820.0514169875532, ""min_ms"": 817.0893779606558, ""p95_ms"": 825.1844246755354, ""p99_ms"": 826.5023050550371}","{""count"": 28, ""max_ms"": 38.84263802319765, ""mean_ms"": 37.955125388439875, ""median_ms"": 37.794697971548885, ""min_ms"": 37.38179098581895, ""p95_ms"": 38.76577436749358, ""p99_ms"": 38.827338996343315}","{""count"": 28, ""max_ms"": 1.9932500435970724, ""mean_ms"": 1.0407639659076398, ""median_ms"": 1.0403655178379267, ""min_ms"": 0.14214898692443967, ""p95_ms"": 1.9151023065205661, ""p99_ms"": 1.9901393621694297}",1069238240,15149826048
gr_serving_h200_20261002_h16k_01,nosa,128,4bac00cd73a7324e56275f242c8b135f4b5dafadcfe8328df5c6bc8428560900,serial_sparse,4294967296,17179869184,revisit,3,4,41.40824152273126,41.35167901404202,42.33569413481746,42.464274855447,40.43318802723661,42.49642003560439,16384,128,42,4,0,1.0,"{""dram"": 4}",0,"{""count"": 4, ""max_ms"": 0.00025297049432992935, ""mean_ms"": 0.00021849700715392828, ""median_ms"": 0.00021600862964987755, ""min_ms"": 0.00018900027498602867, ""p95_ms"": 0.00025132030714303255, ""p99_ms"": 0.00025264045689255}","{""count"": 4, ""max_ms"": 38.35574700497091, ""mean_ms"": 38.094476229161955, ""median_ms"": 38.10307398089208, ""min_ms"": 37.81600994989276, ""p95_ms"": 38.32289100100752, ""p99_ms"": 38.34917580417823}","{""count"": 4, ""max_ms"": 1.7549440381117165, ""mean_ms"": 1.011182030197233, ""median_ms"": 0.8437780197709799, ""min_ms"": 0.6022280431352556, ""p95_ms"": 1.6295530367642637, ""p99_ms"": 1.7298658378422258}",1031051160,14608760832
gr_serving_h200_20261002_h16k_01,nosa,256,e975f8e7ca6c08d972f578332ebe15d7e3a0f1c7643426f71d69e44c1154cdfb,dense_prefetch,4294967296,17179869184,all,30,32,738.1629394058109,783.8455610326491,790.2562302537262,791.7981066298671,42.80109005048871,792.2614630078897,16384,128,42,2,30,0.0625,"{""dram"": 2, ""miss"": 30}",0,"{""count"": 32, ""max_ms"": 748.7414270290174, ""mean_ms"": 694.9435471178731, ""median_ms"": 740.6325714837294, ""min_ms"": 0.00021298183128237724, ""p95_ms"": 744.8464971792419, ""p99_ms"": 747.7051289437804}","{""count"": 32, ""max_ms"": 41.429228032939136, ""mean_ms"": 39.37240581581136, ""median_ms"": 39.26443948876113, ""min_ms"": 38.930107024498284, ""p95_ms"": 39.82117866689805, ""p99_ms"": 40.93488713551778}","{""count"": 32, ""max_ms"": 1.8946390482597053, ""mean_ms"": 1.0593247206998058, ""median_ms"": 0.9881035075522959, ""min_ms"": 0.1697929692454636, ""p95_ms"": 1.845070897252299, ""p99_ms"": 1.880129169439897}",1621063680,16231956480
gr_serving_h200_20261002_h16k_01,nosa,256,e975f8e7ca6c08d972f578332ebe15d7e3a0f1c7643426f71d69e44c1154cdfb,dense_prefetch,4294967296,17179869184,first_visit,30,30,784.5058137977807,784.3206355173606,790.349054755643,791.8280005897395,781.2029569759034,792.2614630078897,16384,128,42,0,30,0.0,"{""miss"": 30}",0,"{""count"": 30, ""max_ms"": 748.7414270290174, ""mean_ms"": 741.2731018596484, ""median_ms"": 740.8630374993663, ""min_ms"": 738.6684749508277, ""p95_ms"": 744.9468667793553, ""p99_ms"": 747.7719868847635}","{""count"": 30, ""max_ms"": 41.429228032939136, ""mean_ms"": 39.3559067704094, ""median_ms"": 39.2518519947771, ""min_ms"": 38.930107024498284, ""p95_ms"": 39.82361526868772, ""p99_ms"": 40.96678009664174}","{""count"": 30, ""max_ms"": 1.8946390482597053, ""mean_ms"": 1.037811767309904, ""median_ms"": 0.9688909922260791, ""min_ms"": 0.1697929692454636, ""p95_ms"": 1.845573095488362, ""p99_ms"": 1.8810652906540781}",1621063680,16231956480
gr_serving_h200_20261002_h16k_01,nosa,256,e975f8e7ca6c08d972f578332ebe15d7e3a0f1c7643426f71d69e44c1154cdfb,dense_prefetch,4294967296,17179869184,revisit,2,2,43.0198235262651,43.0198235262651,43.21668365446385,43.23418233252596,42.80109005048871,43.23855700204149,16384,128,42,2,0,1.0,"{""dram"": 2}",0,"{""count"": 2, ""max_ms"": 0.00023900065571069717, ""mean_ms"": 0.0002259912434965372, ""median_ms"": 0.0002259912434965372, ""min_ms"": 0.00021298183128237724, ""p95_ms"": 0.00023769971448928118, ""p99_ms"": 0.00023874046746641397}","{""count"": 2, ""max_ms"": 39.77408999344334, ""mean_ms"": 39.619891496840864, ""median_ms"": 39.619891496840864, ""min_ms"": 39.46569300023839, ""p95_ms"": 39.75867014378309, ""p99_ms"": 39.77100602351129}","{""count"": 2, ""max_ms"": 1.7716970178298652, ""mean_ms"": 1.3820190215483308, ""median_ms"": 1.3820190215483308, ""min_ms"": 0.9923410252667964, ""p95_ms"": 1.7327292182017118, ""p99_ms"": 1.7639034579042345}",1567028224,15690891264
gr_serving_h200_20261002_h16k_01,nosa,256,e975f8e7ca6c08d972f578332ebe15d7e3a0f1c7643426f71d69e44c1154cdfb,hbm,4294967296,17179869184,all,30,32,610.8848367803148,610.6054415286053,613.7940092332428,616.0653280571569,607.803585997317,616.7656100005843,16384,128,42,0,32,0.0,"{""miss"": 32}",25,"{""count"": 32, ""max_ms"": 586.9432920007966, ""mean_ms"": 581.0025825958292, ""median_ms"": 580.6485069915652, ""min_ms"": 578.8708640029654, ""p95_ms"": 583.6976108374074, ""p99_ms"": 586.0705731750932}","{""count"": 32, ""max_ms"": 27.422535000368953, ""mean_ms"": 26.694315411077696, ""median_ms"": 26.636764989234507, ""min_ms"": 26.337577030062675, ""p95_ms"": 26.965729508083314, ""p99_ms"": 27.2889848286286}","{""count"": 32, ""max_ms"": 0.545118993613869, ""mean_ms"": 0.44282527596806176, ""median_ms"": 0.4679605190176517, ""min_ms"": 0.14158699195832014, ""p95_ms"": 0.5196362966671586, ""p99_ms"": 0.538954024668783}",3928992256,0
gr_serving_h200_20261002_h16k_01,nosa,256,e975f8e7ca6c08d972f578332ebe15d7e3a0f1c7643426f71d69e44c1154cdfb,hbm,4294967296,17179869184,first_visit,30,30,610.8254314652489,610.5891545012128,613.9235777343856,616.110507537378,607.803585997317,616.7656100005843,16384,128,42,0,30,0.0,"{""miss"": 30}",23,"{""count"": 30, ""max_ms"": 586.9432920007966, ""mean_ms"": 580.9575303671105, ""median_ms"": 580.5820075038355, ""min_ms"": 578.8708640029654, ""p95_ms"": 583.7758761364967, ""p99_ms"": 586.1268776154611}","{""count"": 30, ""max_ms"": 27.422535000368953, ""mean_ms"": 26.686745905317366, ""median_ms"": 26.63168599247001, ""min_ms"": 26.337577030062675, ""p95_ms"": 26.922938556526788, ""p99_ms"": 27.283892675768584}","{""count"": 30, ""max_ms"": 0.545118993613869, ""mean_ms"": 0.4403792942563693, ""median_ms"": 0.46506401849910617, ""min_ms"": 0.14158699195832014, ""p95_ms"": 0.5206536967307329, ""p99_ms"": 0.539351764600724}",3928992256,0
gr_serving_h200_20261002_h16k_01,nosa,256,e975f8e7ca6c08d972f578332ebe15d7e3a0f1c7643426f71d69e44c1154cdfb,hbm,4294967296,17179869184,revisit,2,2,611.7759165063035,611.7759165063035,612.3740857612574,612.4272563616978,611.1112840007991,612.4405490118079,16384,128,42,0,2,0.0,"{""miss"": 2}",2,"{""count"": 2, ""max_ms"": 582.436589000281, ""mean_ms"": 581.6783660266083, ""median_ms"": 581.6783660266083, ""min_ms"": 580.9201430529356, ""p95_ms"": 582.3607667029137, ""p99_ms"": 582.4214245408075}","{""count"": 2, ""max_ms"": 26.99172799475491, ""mean_ms"": 26.807857997482643, ""median_ms"": 26.807857997482643, ""min_ms"": 26.623988000210375, ""p95_ms"": 26.973340995027684, ""p99_ms"": 26.988050594809465}","{""count"": 2, ""max_ms"": 0.48915098886936903, ""mean_ms"": 0.47951500164344907, ""median_ms"": 0.47951500164344907, ""min_ms"": 0.4698790144175291, ""p95_ms"": 0.48818739014677703, ""p99_ms"": 0.48895826912485063}",3928992256,0
gr_serving_h200_20261002_h16k_01,nosa,256,e975f8e7ca6c08d972f578332ebe15d7e3a0f1c7643426f71d69e44c1154cdfb,overlap,4294967296,17179869184,all,30,32,773.7247406585084,821.7763690045103,828.7667376716854,830.9729305369547,42.37178398761898,831.7769229761325,16384,128,42,2,30,0.0625,"{""dram"": 2, ""miss"": 30}",0,"{""count"": 32, ""max_ms"": 788.2182669709437, ""mean_ms"": 731.175045717464, ""median_ms"": 779.0825554693583, ""min_ms"": 0.00013899989426136017, ""p95_ms"": 785.6126041006064, ""p99_ms"": 787.8647026745602}","{""count"": 32, ""max_ms"": 38.93494402291253, ""mean_ms"": 38.138371159220696, ""median_ms"": 38.094803981948644, ""min_ms"": 37.69448003731668, ""p95_ms"": 38.6278995021712, ""p99_ms"": 38.875120225711726}","{""count"": 32, ""max_ms"": 2.0151049830019474, ""mean_ms"": 1.1285357177257538, ""median_ms"": 1.139409519964829, ""min_ms"": 0.14643697068095207, ""p95_ms"": 1.7988732608500868, ""p99_ms"": 1.9538266648305582}",1145612400,16231956480
gr_serving_h200_20261002_h16k_01,nosa,256,e975f8e7ca6c08d972f578332ebe15d7e3a0f1c7643426f71d69e44c1154cdfb,overlap,4294967296,17179869184,first_visit,30,30,822.4807803344447,821.7911605315749,828.8424942729762,831.0248010169016,816.560118983034,831.7769229761325,16384,128,42,0,30,0.0,"{""miss"": 30}",0,"{""count"": 30, ""max_ms"": 788.2182669709437, ""mean_ms"": 779.9200383985104, ""median_ms"": 779.2125234846026, ""min_ms"": 775.7135719875805, ""p95_ms"": 785.8789918973343, ""p99_ms"": 787.8875132743269}","{""count"": 30, ""max_ms"": 38.74196403194219, ""mean_ms"": 38.10593260180516, ""median_ms"": 38.081482489360496, ""min_ms"": 37.69448003731668, ""p95_ms"": 38.50299659825396, ""p99_ms"": 38.68182091624476}","{""count"": 30, ""max_ms"": 2.0151049830019474, ""mean_ms"": 1.1102958330108474, ""median_ms"": 1.139409519964829, ""min_ms"": 0.14643697068095207, ""p95_ms"": 1.8022477568592876, ""p99_ms"": 1.9577801047125833}",1145612400,16231956480
gr_serving_h200_20261002_h16k_01,nosa,256,e975f8e7ca6c08d972f578332ebe15d7e3a0f1c7643426f71d69e44c1154cdfb,overlap,4294967296,17179869184,revisit,2,2,42.384145519463345,42.384145519463345,42.39527089812327,42.39625982067082,42.37178398761898,42.39650705130771,16384,128,42,2,0,1.0,"{""dram"": 2}",0,"{""count"": 2, ""max_ms"": 0.0001720036379992962, ""mean_ms"": 0.00015550176613032818, ""median_ms"": 0.00015550176613032818, ""min_ms"": 0.00013899989426136017, ""p95_ms"": 0.0001703534508123994, ""p99_ms"": 0.00017167360056191683}","{""count"": 2, ""max_ms"": 38.93494402291253, ""mean_ms"": 38.62494952045381, ""median_ms"": 38.62494952045381, ""min_ms"": 38.31495501799509, ""p95_ms"": 38.90394457266666, ""p99_ms"": 38.92874413286336}","{""count"": 2, ""max_ms"": 1.697431958746165, ""mean_ms"": 1.40213398844935, ""median_ms"": 1.40213398844935, ""min_ms"": 1.106836018152535, ""p95_ms"": 1.6679021617164835, ""p99_ms"": 1.6915259993402287}",1107425320,15690891264
gr_serving_h200_20261002_h16k_01,nosa,256,e975f8e7ca6c08d972f578332ebe15d7e3a0f1c7643426f71d69e44c1154cdfb,serial_sparse,4294967296,17179869184,all,30,32,832.8708464359806,861.9816979917232,1022.2019242530221,1209.916866865824,42.487950006034225,1210.2484499919228,16384,128,42,2,30,0.0625,"{""dram"": 2, ""miss"": 30}",0,"{""count"": 32, ""max_ms"": 827.1074030199088, ""mean_ms"": 768.9373165649158, ""median_ms"": 819.5314434997272, ""min_ms"": 0.00019301660358905792, ""p95_ms"": 825.7128060067771, ""p99_ms"": 826.7782065691426}","{""count"": 32, ""max_ms"": 43.50898903794587, ""mean_ms"": 38.349931868651765, ""median_ms"": 37.809762987308204, ""min_ms"": 37.26726199965924, ""p95_ms"": 40.569179301382974, ""p99_ms"": 42.65292650554329}","{""count"": 32, ""max_ms"": 2.4224829976446927, ""mean_ms"": 1.1545275956450496, ""median_ms"": 1.0898405162151903, ""min_ms"": 0.14640303561463952, ""p95_ms"": 2.0092608843697235, ""p99_ms"": 2.29540066968184}",1145612400,16231956480
gr_serving_h200_20261002_h16k_01,nosa,256,e975f8e7ca6c08d972f578332ebe15d7e3a0f1c7643426f71d69e44c1154cdfb,serial_sparse,4294967296,17179869184,first_visit,30,30,885.5550878312594,862.1188274992164,1056.1977247532914,1209.9382593255723,856.7997239879332,1210.2484499919228,16384,128,42,0,30,0.0,"{""miss"": 30}",0,"{""count"": 30, ""max_ms"": 827.1074030199088, ""mean_ms"": 820.1997910354597, ""median_ms"": 819.700642983662, ""min_ms"": 816.3115420029499, ""p95_ms"": 825.7732920028502, ""p99_ms"": 826.7994450498372}","{""count"": 30, ""max_ms"": 43.50898903794587, ""mean_ms"": 38.32792592778181, ""median_ms"": 37.78720152331516, ""min_ms"": 37.26726199965924, ""p95_ms"": 40.601600700756535, ""p99_ms"": 42.70815634634346}","{""count"": 30, ""max_ms"": 2.4224829976446927, ""mean_ms"": 1.1329716013278812, ""median_ms"": 1.0898405162151903, ""min_ms"": 0.14640303561463952, ""p95_ms"": 2.009857087978162, ""p99_ms"": 2.3035995295504113}",1145612400,16231956480
gr_serving_h200_20261002_h16k_01,nosa,256,e975f8e7ca6c08d972f578332ebe15d7e3a0f1c7643426f71d69e44c1154cdfb,serial_sparse,4294967296,17179869184,revisit,2,2,42.607225506799296,42.607225506799296,42.71457345748786,42.724115497549064,42.487950006034225,42.726501007564366,16384,128,42,2,0,1.0,"{""dram"": 2}",0,"{""count"": 2, ""max_ms"": 0.00020599691197276115, ""mean_ms"": 0.00019950675778090954, ""median_ms"": 0.00019950675778090954, ""min_ms"": 0.00019301660358905792, ""p95_ms"": 0.000205347896553576, ""p99_ms"": 0.00020586710888892412}","{""count"": 2, ""max_ms"": 38.979535980615765, ""mean_ms"": 38.68002098170109, ""median_ms"": 38.68002098170109, ""min_ms"": 38.38050598278642, ""p95_ms"": 38.9495844807243, ""p99_ms"": 38.97354568063747}","{""count"": 2, ""max_ms"": 1.8865010351873934, ""mean_ms"": 1.4778675104025751, ""median_ms"": 1.4778675104025751, ""min_ms"": 1.0692339856177568, ""p95_ms"": 1.8456376827089116, ""p99_ms"": 1.878328364691697}",1107425320,15690891264
gr_serving_h200_20261002_h16k_01,nosa,512,f94c26fdf268b135ce86eb4d0c735d9529a941b5d5be83026950f7bf47afd732,dense_prefetch,4294967296,17179869184,all,29,32,714.822509966325,784.188076009741,787.6247889478691,790.4602261731634,42.330964002758265,791.3126000203192,16384,128,42,3,29,0.09375,"{""dram"": 3, ""miss"": 29}",0,"{""count"": 32, ""max_ms"": 746.8093000352383, ""mean_ms"": 671.6950124064169, ""median_ms"": 740.5382174765691, ""min_ms"": 0.0002589658834040165, ""p95_ms"": 744.1737906163326, ""p99_ms"": 745.9929891163483}","{""count"": 32, ""max_ms"": 41.363494005054235, ""mean_ms"": 39.40756130941736, ""median_ms"": 39.2983585188631, ""min_ms"": 38.70203997939825, ""p95_ms"": 40.51522465015296, ""p99_ms"": 41.24365791911259}","{""count"": 32, ""max_ms"": 1.9183300319127738, ""mean_ms"": 1.0385407531430246, ""median_ms"": 0.9824435110203922, ""min_ms"": 0.1757569843903184, ""p95_ms"": 1.8359292851528153, ""p99_ms"": 1.9049311993876472}",1567028224,15690891264
gr_serving_h200_20261002_h16k_01,nosa,512,f94c26fdf268b135ce86eb4d0c735d9529a941b5d5be83026950f7bf47afd732,dense_prefetch,4294967296,17179869184,first_visit,29,29,784.3066404437133,784.2951450147666,787.8806665888987,790.5427139648236,780.5908769951202,791.3126000203192,16384,128,42,0,29,0.0,"{""miss"": 29}",0,"{""count"": 29, ""max_ms"": 746.8093000352383, ""mean_ms"": 741.1806750340098, ""median_ms"": 740.6258830451407, ""min_ms"": 738.5985680157319, ""p95_ms"": 744.1744038136676, ""p99_ms"": 746.0719869472086}","{""count"": 29, ""max_ms"": 41.363494005054235, ""mean_ms"": 39.350864445341045, ""median_ms"": 39.29284104378894, ""min_ms"": 38.70203997939825, ""p95_ms"": 39.92217221530154, ""p99_ms"": 41.02020700694993}","{""count"": 29, ""max_ms"": 1.9183300319127738, ""mean_ms"": 1.0261413809875477, ""median_ms"": 1.0101930238306522, ""min_ms"": 0.1757569843903184, ""p95_ms"": 1.846614386886358, ""p99_ms"": 1.9062278605997562}",1567028224,15690891264
gr_serving_h200_20261002_h16k_01,nosa,512,f94c26fdf268b135ce86eb4d0c735d9529a941b5d5be83026950f7bf47afd732,dense_prefetch,4294967296,17179869184,revisit,3,3,43.142582018238805,43.27141202520579,43.7699742265977,43.81429086672142,42.330964002758265,43.82537002675235,16384,128,42,3,0,1.0,"{""dram"": 3}",0,"{""count"": 3, ""max_ms"": 0.00028300564736127853, ""mean_ms"": 0.00027367301906148594, ""median_ms"": 0.00027904752641916275, ""min_ms"": 0.0002589658834040165, ""p95_ms"": 0.00028260983526706696, ""p99_ms"": 0.0002829264849424362}","{""count"": 3, ""max_ms"": 40.97692598588765, ""mean_ms"": 39.95563099548841, ""median_ms"": 39.51358899939805, ""min_ms"": 39.376378001179546, ""p95_ms"": 40.83059228723869, ""p99_ms"": 40.947659246157855}","{""count"": 3, ""max_ms"": 1.7085649888031185, ""mean_ms"": 1.1584013506459694, ""median_ms"": 0.9485700284130871, ""min_ms"": 0.8180690347217023, ""p95_ms"": 1.6325654927641153, ""p99_ms"": 1.6933650895953178}",1512992768,15149826048
gr_serving_h200_20261002_h16k_01,nosa,512,f94c26fdf268b135ce86eb4d0c735d9529a941b5d5be83026950f7bf47afd732,hbm,4294967296,17179869184,all,29,32,574.8910594702465,611.1412459868006,612.4821985547896,613.589439294883,29.44520302116871,614.0820820000954,16384,128,42,2,30,0.0625,"{""hbm"": 2, ""miss"": 30}",23,"{""count"": 32, ""max_ms"": 584.1918730293401, ""mean_ms"": 545.1350464754796, ""median_ms"": 581.3724949839525, ""min_ms"": 0.0002600136213004589, ""p95_ms"": 582.9457089566858, ""p99_ms"": 583.8444994331803}","{""count"": 32, ""max_ms"": 27.302058995701373, ""mean_ms"": 26.850245902096503, ""median_ms"": 26.845370972296223, ""min_ms"": 26.396294008009136, ""p95_ms"": 27.078413454000838, ""p99_ms"": 27.241615518578328}","{""count"": 32, ""max_ms"": 0.5421949899755418, ""mean_ms"": 0.4348585589468712, ""median_ms"": 0.46794553054496646, ""min_ms"": 0.13145199045538902, ""p95_ms"": 0.48878557281568646, ""p99_ms"": 0.5257144488859923}",3928992256,0
gr_serving_h200_20261002_h16k_01,nosa,512,f94c26fdf268b135ce86eb4d0c735d9529a941b5d5be83026950f7bf47afd732,hbm,4294967296,17179869184,first_visit,29,29,611.2660846556537,611.231674964074,612.4851203989238,613.6371143953875,609.0424490394071,614.0820820000954,16384,128,42,0,29,0.0,"{""miss"": 29}",22,"{""count"": 29, ""max_ms"": 584.1918730293401, ""mean_ms"": 581.5010682462939, ""median_ms"": 581.3982360414229, ""min_ms"": 579.2582529829815, ""p95_ms"": 582.9799646162428, ""p99_ms"": 583.8781162328087}","{""count"": 29, ""max_ms"": 27.10708003723994, ""mean_ms"": 26.82888572072161, ""median_ms"": 26.84115304145962, ""min_ms"": 26.396294008009136, ""p95_ms"": 27.054766984656453, ""p99_ms"": 27.092486140318215}","{""count"": 29, ""max_ms"": 0.5421949899755418, ""mean_ms"": 0.4315363074620736, ""median_ms"": 0.46749901957809925, ""min_ms"": 0.13145199045538902, ""p95_ms"": 0.48885276773944497, ""p99_ms"": 0.5273093399591743}",3928992256,0
gr_serving_h200_20261002_h16k_01,nosa,512,f94c26fdf268b135ce86eb4d0c735d9529a941b5d5be83026950f7bf47afd732,hbm,4294967296,17179869184,revisit,3,3,223.26581601131087,29.72104196669534,552.5401869381312,599.0129998244811,29.44520302116871,610.6312030460685,16384,128,42,2,1,0.6666666666666666,"{""hbm"": 2, ""miss"": 1}",1,"{""count"": 3, ""max_ms"": 580.7898730272427, ""mean_ms"": 193.59683602427444, ""median_ms"": 0.0003750319592654705, ""min_ms"": 0.0002600136213004589, ""p95_ms"": 522.7109232277144, ""p99_ms"": 569.174083067337}","{""count"": 3, ""max_ms"": 27.302058995701373, ""mean_ms"": 27.056727655387174, ""median_ms"": 27.02175499871373, ""min_ms"": 26.846368971746415, ""p95_ms"": 27.27402859600261, ""p99_ms"": 27.29645291576162}","{""count"": 3, ""max_ms"": 0.47495902981609106, ""mean_ms"": 0.4669736566332479, ""median_ms"": 0.4696269752457738, ""min_ms"": 0.45633496483787894, ""p95_ms"": 0.47442582435905933, ""p99_ms"": 0.4748523887246847}",3928992256,0
gr_serving_h200_20261002_h16k_01,nosa,512,f94c26fdf268b135ce86eb4d0c735d9529a941b5d5be83026950f7bf47afd732,overlap,4294967296,17179869184,all,29,32,749.2423519342992,821.8755639973097,826.3859430036973,830.5631674116012,41.633913991972804,832.0391669985838,16384,128,42,3,29,0.09375,"{""dram"": 3, ""miss"": 29}",0,"{""count"": 32, ""max_ms"": 790.9440419753082, ""mean_ms"": 706.8751665628952, ""median_ms"": 779.530302999774, ""min_ms"": 0.000166997779160738, ""p95_ms"": 783.6008324753493, ""p99_ms"": 788.7265072145965}","{""count"": 32, ""max_ms"": 38.74859801726416, ""mean_ms"": 38.1309613094345, ""median_ms"": 38.11339949606918, ""min_ms"": 37.6914240187034, ""p95_ms"": 38.44851496105548, ""p99_ms"": 38.67784485046286}","{""count"": 32, ""max_ms"": 2.2390530211851, ""mean_ms"": 1.077272654583794, ""median_ms"": 0.9996089793276042, ""min_ms"": 0.1644720323383808, ""p95_ms"": 1.929469415335916, ""p99_ms"": 2.1680146630387758}",1107425320,15690891264
gr_serving_h200_20261002_h16k_01,nosa,512,f94c26fdf268b135ce86eb4d0c735d9529a941b5d5be83026950f7bf47afd732,overlap,4294967296,17179869184,first_visit,29,29,822.3923309284647,822.127997991629,826.6291980049573,830.7060060813092,817.3601879971102,832.0391669985838,16384,128,42,0,29,0.0,"{""miss"": 29}",0,"{""count"": 29, ""max_ms"": 790.9440419753082, ""mean_ms"": 780.0001639326841, ""median_ms"": 779.6566949691623, ""min_ms"": 776.6372479964048, ""p95_ms"": 783.6526156286709, ""p99_ms"": 788.9411073527299}","{""count"": 29, ""max_ms"": 38.52036199532449, ""mean_ms"": 38.092296512331814, ""median_ms"": 38.07494696229696, ""min_ms"": 37.6914240187034, ""p95_ms"": 38.35271798307076, ""p99_ms"": 38.477081831078976}","{""count"": 29, ""max_ms"": 2.2390530211851, ""mean_ms"": 1.0662667597804605, ""median_ms"": 1.0314719984307885, ""min_ms"": 0.1644720323383808, ""p95_ms"": 1.9514042185619471, ""p99_ms"": 2.174889342859387}",1107425320,15690891264
gr_serving_h200_20261002_h16k_01,nosa,512,f94c26fdf268b135ce86eb4d0c735d9529a941b5d5be83026950f7bf47afd732,overlap,4294967296,17179869184,revisit,3,3,42.125888324032225,42.1371060074307,42.55969107616693,42.597254193387926,41.633913991972804,42.606644972693175,16384,128,42,3,0,1.0,"{""dram"": 3}",0,"{""count"": 3, ""max_ms"": 0.00023597385734319687, ""mean_ms"": 0.00019198826824625334, ""median_ms"": 0.00017299316823482513, ""min_ms"": 0.000166997779160738, ""p95_ms"": 0.0002296757884323597, ""p99_ms"": 0.00023471424356102943}","{""count"": 3, ""max_ms"": 38.74859801726416, ""mean_ms"": 38.504721014760435, ""median_ms"": 38.38973102392629, ""min_ms"": 38.37583400309086, ""p95_ms"": 38.71271131793037, ""p99_ms"": 38.7414206773974}","{""count"": 3, ""max_ms"": 1.7840219661593437, ""mean_ms"": 1.1836629710160196, ""median_ms"": 0.9677459602244198, ""min_ms"": 0.7992209866642952, ""p95_ms"": 1.7023943655658513, ""p99_ms"": 1.7676964460406452}",1069238240,15149826048
gr_serving_h200_20261002_h16k_01,nosa,512,f94c26fdf268b135ce86eb4d0c735d9529a941b5d5be83026950f7bf47afd732,serial_sparse,4294967296,17179869184,all,29,32,785.6196822849597,861.6210925101768,866.3125475286506,872.5789068866288,41.14618804305792,875.2699310425669,16384,128,42,3,29,0.09375,"{""dram"": 3, ""miss"": 29}",0,"{""count"": 32, ""max_ms"": 831.807967973873, ""mean_ms"": 743.4651572439179, ""median_ms"": 819.5860930136405, ""min_ms"": 0.00026496127247810364, ""p95_ms"": 824.0289722452872, ""p99_ms"": 829.4321351090912}","{""count"": 32, ""max_ms"": 38.23549300432205, ""mean_ms"": 37.848739157198, ""median_ms"": 37.83423901768401, ""min_ms"": 37.44530997937545, ""p95_ms"": 38.185859454097226, ""p99_ms"": 38.222193686524406}","{""count"": 32, ""max_ms"": 1.9794869585894048, ""mean_ms"": 1.0945328194793547, ""median_ms"": 1.0622090194374323, ""min_ms"": 0.16065395902842283, ""p95_ms"": 1.9051834766287357, ""p99_ms"": 1.9651792309014127}",1107425320,15690891264
gr_serving_h200_20261002_h16k_01,nosa,512,f94c26fdf268b135ce86eb4d0c735d9529a941b5d5be83026950f7bf47afd732,serial_sparse,4294967296,17179869184,first_visit,29,29,862.574716140757,861.7111960193142,866.3880003732629,872.839328579139,858.1517320126295,875.2699310425669,16384,128,42,0,29,0.0,"{""miss"": 29}",0,"{""count"": 29, ""max_ms"": 831.807967973873, ""mean_ms"": 820.3753126857417, ""median_ms"": 819.8034490342252, ""min_ms"": 817.3723819782026, ""p95_ms"": 824.0603409940377, ""p99_ms"": 829.6620544185862}","{""count"": 29, ""max_ms"": 38.192591979168355, ""mean_ms"": 37.82562024345429, ""median_ms"": 37.816715019289404, ""min_ms"": 37.44530997937545, ""p95_ms"": 38.14800421241671, ""p99_ms"": 38.18916451185942}","{""count"": 29, ""max_ms"": 1.9794869585894048, ""mean_ms"": 1.0830765220754106, ""median_ms"": 1.0666699963621795, ""min_ms"": 0.16065395902842283, ""p95_ms"": 1.912860618904233, ""p99_ms"": 1.966563849709928}",1107425320,15690891264
gr_serving_h200_20261002_h16k_01,nosa,512,f94c26fdf268b135ce86eb4d0c735d9529a941b5d5be83026950f7bf47afd732,serial_sparse,4294967296,17179869184,revisit,3,3,41.72102167891959,41.51989897945896,42.39927011076361,42.477436433546245,41.14618804305792,42.496978014241904,16384,128,42,3,0,1.0,"{""dram"": 3}",0,"{""count"": 3, ""max_ms"": 0.0004139728844165802, ""mean_ms"": 0.0003213062882423401, ""median_ms"": 0.0002849847078323364, ""min_ms"": 0.00026496127247810364, ""p95_ms"": 0.0004010740667581558, ""p99_ms"": 0.0004113931208848953}","{""count"": 3, ""max_ms"": 38.23549300432205, ""mean_ms"": 38.072221990053855, ""median_ms"": 38.05779397953302, ""min_ms"": 37.92337898630649, ""p95_ms"": 38.21772310184315, ""p99_ms"": 38.23193902382627}","{""count"": 3, ""max_ms"": 1.8032430089078844, ""mean_ms"": 1.2052770277174811, ""median_ms"": 0.9894840186461806, ""min_ms"": 0.8231040555983782, ""p95_ms"": 1.721867109881714, ""p99_ms"": 1.7869678291026503}",1069238240,15149826048
