pair,block,order,baseline_ms,candidate_ms,delta_ms,relative_delta_percent,baseline_h2d_bytes,candidate_h2d_bytes,h2d_delta_bytes
0,0,AB,2.821576,2.673248,-0.1483279999999998,-5.256920245990178,7145856,7145856,0
1,0,BA,2.718082,2.641421,-0.07666100000000009,-2.8204079199965304,7147008,7173504,26496
2,0,AB,2.689774,2.639806,-0.04996799999999979,-1.8577025430389242,7195392,7145856,-49536
3,0,BA,2.651383,2.899649,0.2482660000000001,9.363641541037266,7147008,7142400,-4608
4,0,AB,2.624009,2.648667,0.02465800000000007,0.9397071427727598,7141248,7164288,23040
5,0,BA,2.6238,2.608206,-0.015594000000000108,-0.5943288360393363,7142400,7149312,6912
6,0,AB,2.628209,2.601081,-0.02712799999999982,-1.032185796487259,7142400,7148160,5760
7,0,BA,3.086876,2.589829,-0.49704700000000024,-16.101942546445024,7145856,7164288,18432
8,0,AB,2.611702,2.589808,-0.02189400000000008,-0.8383039106299294,7172352,7142400,-29952
9,0,BA,2.676528,2.62371,-0.05281799999999981,-1.9733774501891934,7145856,7144704,-1152
10,0,AB,2.651561,2.581672,-0.06988899999999987,-2.635768138089219,7142400,7142400,0
11,0,BA,2.654405,2.632524,-0.02188100000000004,-0.824327862553003,7172352,7145856,-26496
12,0,AB,2.738146,2.59586,-0.1422859999999999,-5.196435836511271,7143552,7158528,14976
13,0,BA,2.611963,3.853462,1.2414990000000001,47.53126288542373,7147008,7141248,-5760
14,0,AB,2.585252,2.560514,-0.02473800000000015,-0.9568893090499553,7148160,7148160,0
15,0,BA,2.583772,2.552709,-0.031063000000000063,-1.2022345624923585,7144704,7159680,14976
16,0,AB,2.576898,2.593326,0.016427999999999887,0.6375106814472241,7143552,7160832,17280
17,0,BA,2.626537,2.603228,-0.023308999999999802,-0.8874422861737643,7173504,7160832,-12672
18,0,AB,2.636149,2.604581,-0.03156800000000004,-1.1975043899263675,7194240,7143552,-50688
19,0,BA,2.659085,3.20526,0.5461749999999999,20.539960174270465,7160832,7173504,12672
20,0,AB,2.622856,2.639017,0.01616099999999987,0.616160399198426,7149312,7210368,61056
21,0,BA,2.614987,2.574387,-0.04059999999999997,-1.5525889803658666,7163136,7147008,-16128
22,0,AB,2.631393,2.5824,-0.048993000000000286,-1.8618655594204396,7147008,7144704,-2304
23,0,BA,2.59439,2.594464,7.399999999968543e-05,0.0028523082497113167,7147008,7145856,-1152
24,0,AB,2.605124,3.17987,0.5747460000000002,22.062136005810096,7163136,7145856,-17280
25,0,BA,2.632959,2.57172,-0.06123900000000004,-2.3258622713076824,7165440,7145856,-19584
26,0,AB,2.632316,2.576683,-0.05563299999999982,-2.1134620615457953,7148160,7158528,10368
27,0,BA,2.634446,2.602905,-0.03154100000000026,-1.1972536161303082,7171200,7164288,-6912
28,0,AB,2.629508,2.587963,-0.041545000000000165,-1.5799533600962676,7194240,7183872,-10368
29,0,BA,2.661564,2.586959,-0.07460500000000003,-2.8030511383532404,7145856,7179264,33408
30,0,AB,2.640458,3.150945,0.5104869999999999,19.33327475763674,7172352,7145856,-26496
31,0,BA,2.632694,2.534529,-0.09816499999999984,-3.728690079439534,7190784,7143552,-47232
32,0,AB,2.670227,2.582967,-0.08726000000000012,-3.2678869624193045,7190784,7159680,-31104
33,0,BA,2.648988,2.592046,-0.05694200000000027,-2.149575611516559,7144704,7148160,3456
34,0,AB,2.631128,2.583238,-0.047889999999999766,-1.8201318978019985,7147008,7170048,23040
35,0,BA,2.609025,2.585248,-0.023776999999999937,-0.9113366104195988,7147008,7142400,-4608
36,0,AB,3.203806,2.713305,-0.4905010000000001,-15.309946981808514,7156224,7168896,12672
37,0,BA,2.806606,2.634966,-0.17164000000000001,-6.115571619244027,7147008,7163136,16128
38,0,AB,2.729298,2.609918,-0.11938000000000004,-4.374018520513335,7142400,7142400,0
39,0,BA,2.629396,2.616135,-0.013260999999999967,-0.5043363570949362,7143552,7191936,48384
40,0,AB,2.623004,2.583132,-0.03987199999999991,-1.5200891801918681,7144704,7158528,13824
41,0,BA,2.646292,2.623065,-0.023226999999999887,-0.8777187098022398,7147008,7160832,13824
42,0,AB,3.240294,2.5807,-0.6595939999999998,-20.355992388345,7143552,7156224,12672
43,0,BA,2.630314,2.583421,-0.04689299999999985,-1.78279095195478,7147008,7164288,17280
44,0,AB,2.619593,2.689567,0.06997399999999976,2.671178308996846,7160832,7144704,-16128
45,0,BA,2.643544,2.570023,-0.07352099999999995,-2.781152876592935,7171200,7140096,-31104
46,0,AB,2.641088,2.645191,0.00410300000000019,0.15535264254732103,7144704,7148160,3456
47,0,BA,3.38381,2.58876,-0.7950499999999998,-23.495704546059024,7144704,7143552,-1152
48,0,AB,2.608996,2.580479,-0.028516999999999904,-1.0930258229602463,7145856,7161984,16128
49,0,BA,2.633801,2.570097,-0.06370399999999998,-2.4187096899120313,7144704,7198848,54144
50,0,AB,2.630812,2.5987,-0.03211200000000014,-1.2206117350840782,7175808,7161984,-13824
51,0,BA,2.621477,2.586151,-0.03532599999999997,-1.3475609360677194,7144704,7163136,18432
52,0,AB,2.716934,2.575994,-0.14094000000000007,-5.18746498810792,7168896,7140096,-28800
53,0,BA,3.299386,2.601694,-0.697692,-21.146116277392217,7143552,7183872,40320
54,0,AB,2.651947,2.595265,-0.0566819999999999,-2.137373031964813,7147008,7214976,67968
55,0,BA,2.600833,2.56239,-0.038443000000000005,-1.4781033614999504,7144704,7145856,1152
56,0,AB,2.662343,2.666059,0.0037160000000002746,0.1395763055323929,7170048,7211520,41472
57,0,BA,2.62629,2.62313,-0.0031599999999998296,-0.12032182279945589,7171200,7145856,-25344
58,0,AB,2.602448,2.571993,-0.0304549999999999,-1.1702443238058897,7145856,7216128,70272
59,0,BA,2.596389,3.2893,0.692911,26.687487891837474,7144704,7145856,1152
60,0,AB,2.60487,2.568238,-0.036632,-1.406288989469724,7147008,7145856,-1152
61,0,BA,2.682724,2.584517,-0.09820699999999993,-3.6607194776652365,7216128,7140096,-76032
62,0,AB,2.640947,2.598308,-0.042639000000000316,-1.6145344832743829,7173504,7161984,-11520
63,0,BA,2.64084,2.560222,-0.08061799999999986,-3.0527407945956537,7145856,7164288,18432
64,0,AB,2.632571,2.616248,-0.016322999999999865,-0.6200402572238266,7144704,7164288,19584
65,0,BA,2.765541,3.288096,0.5225550000000001,18.895217970010215,7163136,7210368,47232
66,0,AB,2.647325,2.613008,-0.03431699999999971,-1.2962896508739845,7170048,7147008,-23040
67,0,BA,2.658187,2.616272,-0.041914999999999925,-1.5768266115213085,7161984,7149312,-12672
68,0,AB,2.650261,2.654692,0.004430999999999852,0.16719108042565814,7158528,7145856,-12672
69,0,BA,2.63922,2.631253,-0.007966999999999835,-0.30186949174376654,7172352,7193088,20736
70,0,AB,2.617166,2.594464,-0.022702000000000222,-0.8674268273391991,7170048,7159680,-10368
71,0,BA,2.674414,3.303926,0.6295120000000001,23.53831530944723,7142400,7163136,20736
72,0,AB,2.652636,2.578285,-0.07435100000000006,-2.802910011022999,7144704,7159680,14976
73,0,BA,2.612265,2.588196,-0.024068999999999896,-0.9213843159097526,7141248,7148160,6912
74,0,AB,2.659837,2.672627,0.012789999999999857,0.480856533689841,7143552,7180416,36864
75,0,BA,2.646976,2.58877,-0.0582060000000002,-2.1989621364152985,7144704,7216128,71424
76,0,AB,2.602895,3.271641,0.6687459999999996,25.692392509110036,7173504,7213824,40320
77,0,BA,2.613022,2.588997,-0.024024999999999963,-0.919433514145689,7159680,7164288,4608
78,0,AB,2.613612,2.593084,-0.020527999999999658,-0.7854264519752611,7156224,7145856,-10368
79,0,BA,2.667078,2.629869,-0.03720900000000027,-1.3951223023848671,7141248,7148160,6912
80,0,AB,2.638709,2.605041,-0.03366800000000003,-1.2759269779274651,7190784,7141248,-49536
81,0,BA,2.638126,2.572509,-0.06561700000000004,-2.487258000565554,7163136,7142400,-20736
82,0,AB,2.641633,3.666776,1.025143,38.8071696560423,7147008,7216128,69120
83,0,BA,2.662804,2.606512,-0.05629200000000001,-2.1140121465943422,7143552,7172352,28800
84,0,AB,2.604675,2.586042,-0.0186329999999999,-0.7153675602522349,7195392,7191936,-3456
85,0,BA,2.652606,2.572743,-0.07986300000000002,-3.0107373654436436,7144704,7142400,-2304
86,0,AB,2.606273,2.628173,0.02190000000000003,0.8402803543604231,7142400,7158528,16128
87,0,BA,2.607428,2.634545,0.027117000000000058,1.03999036598518,7181568,7159680,-21888
88,0,AB,2.632488,3.264707,0.6322190000000001,24.016025904011723,7145856,7147008,1152
89,0,BA,2.619104,2.574699,-0.04440500000000025,-1.6954271384412474,7159680,7147008,-12672
90,0,AB,2.620922,2.59472,-0.02620200000000006,-0.9997245244230868,7147008,7198848,51840
91,0,BA,2.605888,2.578867,-0.027021000000000406,-1.036921003512062,7144704,7180416,35712
92,0,AB,2.612691,2.612657,-3.399999999986747e-05,-0.0013013402656444056,7142400,7216128,73728
93,0,BA,2.628738,2.656848,0.0281100000000003,1.0693344106563798,7143552,7140096,-3456
94,0,AB,2.627912,3.2422,0.6142880000000002,23.37551637954392,7173504,7200000,26496
95,0,BA,2.620601,2.571505,-0.04909600000000003,-1.873463377293988,7145856,7143552,-2304
96,0,AB,2.614506,2.591385,-0.02312100000000017,-0.8843353199418998,7145856,7161984,16128
97,0,BA,2.632965,2.593276,-0.039689000000000085,-1.507388058709481,7168896,7143552,-25344
98,0,AB,2.635723,2.611453,-0.024270000000000014,-0.9208099637177357,7143552,7158528,14976
99,0,BA,2.651769,2.59918,-0.052588999999999775,-1.9831667087140614,7170048,7147008,-23040
100,1,AB,2.623269,3.310027,0.6867579999999998,26.179473016301408,7147008,7161984,14976
101,1,BA,2.666237,2.621335,-0.044902,-1.6840963500243975,7161984,7142400,-19584
102,1,AB,2.702151,2.620506,-0.08164500000000041,-3.0214817750747613,7168896,7164288,-4608
103,1,BA,2.629628,2.563739,-0.06588899999999986,-2.5056395809597354,7170048,7161984,-8064
104,1,AB,2.678057,2.626886,-0.05117100000000008,-1.9107509660922106,7194240,7163136,-31104
105,1,BA,2.633373,2.587165,-0.04620800000000003,-1.7547077455415554,7147008,7147008,0
106,1,AB,2.649881,3.351261,0.7013799999999999,26.468358390433377,7195392,7147008,-48384
107,1,BA,2.654094,2.588071,-0.06602300000000039,-2.487590869049867,7189632,7164288,-25344
108,1,AB,2.673986,2.643481,-0.030505000000000226,-1.1408062719849776,7145856,7172352,26496
109,1,BA,2.633568,2.618137,-0.015430999999999973,-0.5859351267937631,7143552,7189632,46080
110,1,AB,2.680232,2.61557,-0.06466200000000022,-2.412552346214813,7160832,7214976,54144
111,1,BA,2.651708,2.608202,-0.04350600000000027,-1.6406783854029277,7157376,7163136,5760
112,1,AB,2.707686,3.376487,0.6688010000000002,24.700094471810992,7144704,7148160,3456
113,1,BA,2.712464,2.693904,-0.018560000000000354,-0.684248712609655,7171200,7147008,-24192
114,1,AB,2.705229,2.665963,-0.03926600000000002,-1.4514852531892872,7140096,7144704,4608
115,1,BA,2.664759,2.613671,-0.05108800000000002,-1.9171714965593518,7167744,7210368,42624
116,1,AB,2.654885,2.641851,-0.013034000000000212,-0.4909440521905925,7138944,7164288,25344
117,1,BA,2.698366,2.624411,-0.07395500000000022,-2.740732724915753,7144704,7148160,3456
118,1,AB,2.606302,3.321117,0.7148150000000002,27.42640722372159,7137792,7161984,24192
119,1,BA,2.690985,2.72814,0.03715499999999983,1.380721185736815,7190784,7163136,-27648
120,1,AB,2.668154,2.62802,-0.040134000000000114,-1.5041860402360627,7145856,7214976,69120
121,1,BA,2.659877,2.628345,-0.03153199999999989,-1.185468350604178,7145856,7211520,65664
122,1,AB,2.665888,2.747517,0.0816290000000004,3.061981598626814,7157376,7143552,-13824
123,1,BA,2.639497,2.612697,-0.026800000000000157,-1.015344969136171,7143552,7163136,19584
124,1,AB,2.702396,3.445854,0.7434580000000004,27.511067955991663,7171200,7143552,-27648
125,1,BA,2.668622,2.678622,0.009999999999999787,0.37472523272309777,7172352,7159680,-12672
126,1,AB,2.724763,2.617248,-0.1075149999999998,-3.9458477673103975,7148160,7161984,13824
127,1,BA,2.685555,2.638232,-0.047323000000000004,-1.762131105116075,7138944,7147008,8064
128,1,AB,2.632797,2.689752,0.05695499999999987,2.163288700192224,7173504,7144704,-28800
129,1,BA,2.670065,2.63743,-0.03263499999999997,-1.222254888925924,7147008,7145856,-1152
130,1,AB,2.63748,3.341644,0.704164,26.698363589486934,7173504,7094016,-79488
131,1,BA,2.768608,2.603169,-0.1654390000000001,-5.975529941400159,7195392,7173504,-21888
132,1,AB,2.782315,2.720121,-0.062194000000000305,-2.235332807392416,7214976,7144704,-70272
133,1,BA,2.713461,2.662314,-0.051147000000000276,-1.8849358807810495,7142400,7161984,19584
134,1,AB,2.686418,2.650641,-0.03577700000000039,-1.3317733874624271,7172352,7147008,-25344
135,1,BA,2.637692,2.65851,0.020818000000000225,0.7892506024206096,7145856,7148160,2304
136,1,AB,2.639922,3.43759,0.7976680000000003,30.215589703029117,7149312,7161984,12672
137,1,BA,2.675242,2.618017,-0.05722499999999986,-2.1390588215944524,7170048,7163136,-6912
138,1,AB,2.644248,2.620672,-0.023576000000000263,-0.8915956445840277,7144704,7138944,-5760
139,1,BA,2.680342,2.652485,-0.02785700000000002,-1.0393076704390716,7142400,7178112,35712
140,1,AB,2.761311,2.667925,-0.09338600000000019,-3.3819443010946677,7194240,7163136,-31104
141,1,BA,2.691691,2.673264,-0.01842699999999997,-0.6845882383973484,7143552,7148160,4608
142,1,AB,3.560408,2.606101,-0.954307,-26.803304565094788,7191936,7187328,-4608
143,1,BA,2.675623,2.59088,-0.08474300000000001,-3.16722497900489,7159680,7216128,56448
144,1,AB,2.667485,2.660844,-0.006641000000000119,-0.2489611000624228,7142400,7216128,73728
145,1,BA,2.716803,2.634677,-0.08212600000000014,-3.022891243862736,7158528,7163136,4608
146,1,AB,2.646009,2.773244,0.1272350000000002,4.808562631495215,7143552,7164288,20736
147,1,BA,2.653995,2.60186,-0.052135000000000264,-1.9643970693238029,7143552,7147008,3456
148,1,AB,3.437885,2.610492,-0.8273930000000003,-24.066919050520895,7147008,7155072,8064
149,1,BA,2.621947,2.587763,-0.034184000000000214,-1.3037639586154952,7171200,7212672,41472
150,1,AB,2.692965,2.612271,-0.08069400000000027,-2.996474146526236,7152768,7147008,-5760
151,1,BA,2.663462,2.605412,-0.05805000000000016,-2.1794942071634646,7158528,7141248,-17280
152,1,AB,2.649048,2.622184,-0.02686400000000022,-1.0141001597555128,7143552,7163136,19584
153,1,BA,3.889214,2.589442,-1.299772,-33.41991466656245,7142400,7148160,5760
154,1,AB,2.639438,2.609857,-0.0295810000000003,-1.1207310041001266,7149312,7145856,-3456
155,1,BA,2.615694,2.598594,-0.017100000000000115,-0.6537461950824567,7143552,7164288,20736
156,1,AB,2.613799,2.574587,-0.039212000000000025,-1.50019186632178,7144704,7142400,-2304
157,1,BA,2.649042,2.579969,-0.06907299999999994,-2.6074709272257643,7144704,7144704,0
158,1,AB,2.599384,2.554605,-0.044779000000000124,-1.7226773727929432,7147008,7143552,-3456
159,1,BA,3.392378,2.560447,-0.831931,-24.523534818348665,7140096,7148160,8064
160,1,AB,2.59895,2.601564,0.0026140000000003383,0.10057908001309523,7141248,7145856,4608
161,1,BA,2.632824,2.568003,-0.0648209999999998,-2.462033162869975,7144704,7147008,2304
162,1,AB,2.607248,2.590244,-0.017003999999999575,-0.6521819174853937,7172352,7142400,-29952
163,1,BA,2.63138,2.573204,-0.058176000000000005,-2.210855140648633,7140096,7143552,3456
164,1,AB,2.669133,2.598413,-0.07072000000000012,-2.6495494979081267,7163136,7138944,-24192
165,1,BA,3.387531,2.607907,-0.7796240000000001,-23.01452001472459,7147008,7163136,16128
166,1,AB,2.626145,2.569926,-0.05621900000000002,-2.140742419021037,7145856,7159680,13824
167,1,BA,2.633617,2.609461,-0.024156000000000066,-0.9172176516175308,7195392,7148160,-47232
168,1,AB,2.621629,2.59808,-0.023549000000000042,-0.8982582966544863,7172352,7213824,41472
169,1,BA,2.632743,2.595155,-0.037587999999999955,-1.4277124656679347,7148160,7148160,0
170,1,AB,2.603621,2.599044,-0.004576999999999831,-0.1757936350951168,7193088,7144704,-48384
171,1,BA,3.422555,2.585329,-0.8372259999999998,-24.462017410969285,7190784,7144704,-46080
172,1,AB,2.642668,2.582057,-0.06061100000000019,-2.2935533332223415,7143552,7144704,1152
173,1,BA,2.624938,2.631843,0.006904999999999717,0.2630538321285957,7137792,7145856,8064
174,1,AB,2.684785,2.620049,-0.06473600000000035,-2.411217285555467,7145856,7144704,-1152
175,1,BA,2.633207,2.621207,-0.01200000000000001,-0.4557180654616219,7144704,7161984,17280
176,1,AB,2.642364,2.630412,-0.011951999999999963,-0.45232223872259697,7141248,7142400,1152
177,1,BA,3.451698,2.592807,-0.8588909999999998,-24.883144469765313,7170048,7216128,46080
178,1,AB,2.635947,2.642672,0.006725000000000314,0.2551265256850883,7158528,7141248,-17280
179,1,BA,2.613614,2.62975,0.016135999999999928,0.6173826739526161,7163136,7216128,52992
180,1,AB,2.613479,2.61164,-0.001838999999999924,-0.07036597577405153,7168896,7193088,24192
181,1,BA,2.631088,2.603266,-0.027822000000000013,-1.057433274751738,7143552,7147008,3456
182,1,AB,2.680054,2.589153,-0.09090100000000012,-3.3917600167757858,7171200,7148160,-23040
183,1,BA,3.525797,2.641854,-0.8839429999999999,-25.070728689144612,7144704,7145856,1152
184,1,AB,2.630448,2.602228,-0.02821999999999969,-1.072821055576833,7194240,7147008,-47232
185,1,BA,2.611491,2.573499,-0.037992000000000026,-1.4548011078728598,7170048,7156224,-13824
186,1,AB,2.650403,2.627669,-0.02273399999999981,-0.8577563487514847,7173504,7141248,-32256
187,1,BA,2.628239,2.605109,-0.023130000000000095,-0.8800569506806685,7144704,7182720,38016
188,1,AB,2.655508,2.61663,-0.03887800000000041,-1.464051322760105,7144704,7211520,66816
189,1,BA,3.426582,2.612396,-0.8141859999999999,-23.760878916658054,7147008,7212672,65664
190,1,AB,2.604586,2.647723,0.0431370000000002,1.6561941129991562,7191936,7142400,-49536
191,1,BA,2.645248,2.592889,-0.052359000000000044,-1.9793607253459806,7189632,7163136,-26496
192,1,AB,2.664218,2.599214,-0.06500400000000006,-2.4398904293867867,7163136,7173504,10368
193,1,BA,2.649993,2.599825,-0.05016799999999977,-1.893137076211136,7143552,7145856,2304
194,1,AB,2.625812,2.62185,-0.003962000000000021,-0.15088665906013154,7147008,7214976,67968
195,1,BA,3.458599,2.589702,-0.868897,-25.122802614584693,7152768,7213824,61056
196,1,AB,2.649859,2.600137,-0.049722000000000044,-1.8764017255257746,7141248,7142400,1152
197,1,BA,2.618183,2.628053,0.009869999999999823,0.37697899650252953,7193088,7135488,-57600
198,1,AB,2.657748,2.611651,-0.046097000000000055,-1.7344383289913132,7144704,7191936,47232
199,1,BA,2.621229,2.589429,-0.03180000000000005,-1.2131713787692737,7144704,7213824,69120
200,2,AB,2.648916,2.601579,-0.04733699999999974,-1.7870328843949654,7145856,7163136,17280
201,2,BA,3.437002,2.583082,-0.85392,-24.844908440553716,7145856,7164288,18432
202,2,AB,2.622677,2.634672,0.0119950000000002,0.45735712022487707,7189632,7148160,-41472
203,2,BA,2.671646,2.606913,-0.06473299999999993,-2.42296322192386,7178112,7179264,1152
204,2,AB,2.630969,2.625188,-0.005780999999999814,-0.2197289287711035,7173504,7145856,-27648
205,2,BA,2.643418,2.598612,-0.0448059999999999,-1.6950024551546483,7147008,7163136,16128
206,2,AB,2.659092,2.584781,-0.0743109999999998,-2.794600562898907,7159680,7214976,55296
207,2,BA,3.48227,2.59574,-0.88653,-25.458393519169963,7168896,7137792,-31104
208,2,AB,2.61112,2.63461,0.02348999999999979,0.8996139587609833,7144704,7144704,0
209,2,BA,2.632686,2.602626,-0.030060000000000198,-1.1417996677157929,7160832,7137792,-23040
210,2,AB,2.652962,2.589895,-0.0630670000000002,-2.3772296776207202,7145856,7212672,66816
211,2,BA,2.664217,2.60441,-0.05980699999999972,-2.2448246520459754,7143552,7174656,31104
212,2,AB,2.614119,2.621979,0.007859999999999978,0.3006749118919214,7145856,7161984,16128
213,2,BA,3.534166,2.596409,-0.937757,-26.534039431085017,7212672,7136640,-76032
214,2,AB,2.63641,2.612791,-0.023619000000000057,-0.8958773483638758,7148160,7151616,3456
215,2,BA,2.61465,2.590196,-0.024453999999999976,-0.9352685827931071,7158528,7142400,-16128
216,2,AB,2.659622,2.640697,-0.018925000000000303,-0.7115672828695319,7147008,7148160,1152
217,2,BA,2.740144,2.604543,-0.13560099999999986,-4.948681529145908,7144704,7141248,-3456
218,2,AB,2.651704,2.647984,-0.0037199999999999456,-0.14028715120541152,7147008,7147008,0
219,2,BA,3.506172,2.614561,-0.8916109999999997,-25.42975644092759,7213824,7183872,-29952
220,2,AB,2.600751,2.633216,0.03246500000000019,1.2482932814406373,7159680,7145856,-13824
221,2,BA,2.609357,2.606749,-0.0026079999999999437,-0.09994799485083658,7147008,7145856,-1152
222,2,AB,2.650175,2.597413,-0.052761999999999976,-1.9908873942286822,7168896,7145856,-23040
223,2,BA,2.631843,2.584714,-0.047128999999999976,-1.7907223189225183,7140096,7158528,18432
224,2,AB,2.668906,2.626811,-0.04209499999999977,-1.5772380143774183,7142400,7164288,21888
225,2,BA,4.008241,2.584527,-1.423714,-35.519670598649135,7148160,7148160,0
226,2,AB,2.61217,2.610617,-0.0015529999999999156,-0.05945248586423991,7180416,7163136,-17280
227,2,BA,2.625234,2.610467,-0.014766999999999975,-0.5625022378957447,7171200,7147008,-24192
228,2,AB,2.610727,2.57954,-0.03118699999999963,-1.194571473769553,7143552,7163136,19584
229,2,BA,2.617171,2.592011,-0.02516000000000007,-0.9613433742006187,7144704,7161984,17280
230,2,AB,2.62183,2.585107,-0.03672300000000028,-1.4006628957636567,7142400,7145856,3456
231,2,BA,3.375115,2.555298,-0.819817,-24.290046413233327,7147008,7161984,14976
232,2,AB,2.626364,2.622381,-0.003983000000000292,-0.15165453075050875,7145856,7145856,0
233,2,BA,2.634639,2.586558,-0.04808099999999982,-1.824955904774803,7170048,7144704,-25344
234,2,AB,2.601534,2.617201,0.015667000000000098,0.6022216123256546,7171200,7142400,-28800
235,2,BA,2.660603,2.642705,-0.01789800000000019,-0.6727046462775615,7143552,7148160,4608
236,2,AB,2.623875,2.605393,-0.01848200000000011,-0.7043780667905335,7172352,7144704,-27648
237,2,BA,3.43993,2.598971,-0.8409589999999998,-24.446980025756332,7163136,7141248,-21888
238,2,AB,2.638383,2.621635,-0.016748000000000207,-0.6347827438245398,7144704,7159680,14976
239,2,BA,2.617289,2.62232,0.00503100000000023,0.19222179896833058,7147008,7213824,66816
240,2,AB,2.597373,2.635001,0.03762799999999977,1.4486945078739084,7171200,7163136,-8064
241,2,BA,2.602043,2.585329,-0.016713999999999896,-0.6423414217213127,7145856,7214976,69120
242,2,AB,2.637327,2.598401,-0.038926000000000016,-1.4759641106317123,7143552,7145856,2304
243,2,BA,3.424945,2.58279,-0.842155,-24.588862010922803,7171200,7216128,44928
244,2,AB,2.601818,2.580752,-0.02106600000000025,-0.809664626810955,7149312,7190784,41472
245,2,BA,2.6398,2.60417,-0.03563000000000027,-1.3497234638987905,7144704,7147008,2304
246,2,AB,2.63798,2.624732,-0.01324800000000037,-0.5022024427782004,7214976,7159680,-55296
247,2,BA,2.615009,2.593993,-0.021015999999999924,-0.8036683621356532,7141248,7191936,50688
248,2,AB,2.673046,2.612372,-0.06067399999999967,-2.269844963386327,7143552,7163136,19584
249,2,BA,3.452137,2.611758,-0.840379,-24.343732592304416,7137792,7144704,6912
250,2,AB,2.654131,2.59556,-0.05857100000000015,-2.2067863266734067,7171200,7216128,44928
251,2,BA,2.664291,2.633998,-0.030292999999999903,-1.1370004252538444,7147008,7147008,0
252,2,AB,2.654712,2.588092,-0.0666199999999999,-2.5095000888985286,7144704,7216128,71424
253,2,BA,2.618483,2.583483,-0.0349999999999997,-1.3366517941876919,7145856,7160832,14976
254,2,AB,2.668987,2.629145,-0.039842000000000155,-1.4927760981975617,7147008,7161984,14976
255,2,BA,3.51456,2.586941,-0.927619,-26.39360261312938,7152768,7137792,-14976
256,2,AB,2.635975,2.600395,-0.03558000000000039,-1.3497851838503927,7142400,7158528,16128
257,2,BA,2.663127,2.586909,-0.0762179999999999,-2.8619739126222634,7216128,7164288,-51840
258,2,AB,2.636093,2.614306,-0.02178699999999978,-0.8264882915739232,7172352,7145856,-26496
259,2,BA,2.639092,2.619258,-0.01983400000000035,-0.7515463651892527,7142400,7180416,38016
260,2,AB,2.658099,2.61735,-0.040748999999999924,-1.53301287875282,7148160,7148160,0
261,2,BA,3.43468,2.55714,-0.8775400000000002,-25.549396159176407,7140096,7143552,3456
262,2,AB,2.635635,2.621891,-0.013743999999999978,-0.521468260969367,7161984,7147008,-14976
263,2,BA,2.656219,2.589627,-0.06659199999999998,-2.507022199600258,7147008,7143552,-3456
264,2,AB,2.647793,2.597002,-0.05079100000000025,-1.9182390768462736,7148160,7142400,-5760
265,2,BA,2.624938,2.615088,-0.009850000000000136,-0.3752469582138753,7141248,7210368,69120
266,2,AB,2.585018,2.617314,0.0322960000000001,1.2493530025709725,7172352,7147008,-25344
267,2,BA,3.488692,2.598727,-0.8899650000000001,-25.509990563798702,7141248,7143552,2304
268,2,AB,2.612389,2.614465,0.002076000000000189,0.07946749125035318,7148160,7148160,0
269,2,BA,2.700349,2.603023,-0.09732600000000025,-3.6042007903422943,7145856,7158528,12672
270,2,AB,2.634899,2.611694,-0.02320499999999992,-0.8806789178636418,7142400,7213824,71424
271,2,BA,2.684479,2.637233,-0.0472459999999999,-1.759969066623352,7212672,7137792,-74880
272,2,AB,2.644377,2.601692,-0.042685000000000084,-1.6141798238299638,7147008,7148160,1152
273,2,BA,3.49435,2.599526,-0.8948239999999998,-25.60773820596105,7191936,7144704,-47232
274,2,AB,2.625086,2.618265,-0.006820999999999966,-0.2598391062235662,7170048,7161984,-8064
275,2,BA,2.651722,2.637613,-0.014108999999999927,-0.532069349652789,7173504,7143552,-29952
276,2,AB,2.668729,2.608609,-0.06011999999999995,-2.252757773456951,7148160,7161984,13824
277,2,BA,2.662217,2.636,-0.026216999999999935,-0.9847807297451685,7144704,7180416,35712
278,2,AB,2.625928,2.565777,-0.060150999999999843,-2.2906568649254604,7147008,7183872,36864
279,2,BA,3.506027,2.59857,-0.907457,-25.882772722514684,7147008,7214976,67968
280,2,AB,2.621382,2.597587,-0.023795000000000233,-0.90772729804356,7148160,7158528,10368
281,2,BA,2.637958,2.601253,-0.03670499999999999,-1.3914171491737166,7140096,7164288,24192
282,2,AB,2.684606,2.633082,-0.051524000000000125,-1.9192388007774743,7160832,7216128,55296
283,2,BA,2.661358,2.614569,-0.04678899999999997,-1.758087412516466,7143552,7159680,16128
284,2,AB,2.670874,2.637559,-0.033314999999999984,-1.247344502211635,7160832,7144704,-16128
285,2,BA,3.477913,2.595897,-0.8820160000000001,-25.36049636664287,7145856,7160832,14976
286,2,AB,2.622497,2.650605,0.028108000000000022,1.0718029420052728,7180416,7214976,34560
287,2,BA,2.652563,2.604559,-0.048003999999999714,-1.8097213902176768,7152768,7148160,-4608
288,2,AB,2.641523,2.62434,-0.017182999999999726,-0.6504959449529581,7144704,7172352,27648
289,2,BA,2.642348,2.612381,-0.029967000000000077,-1.1341049702764388,7142400,7161984,19584
290,2,AB,2.594057,2.563693,-0.030363999999999614,-1.1705216963235432,7147008,7148160,1152
291,2,BA,3.55951,2.627427,-0.932083,-26.185710954597685,7212672,7147008,-65664
292,2,AB,2.625931,2.626852,0.0009209999999999496,0.03507327496419173,7167744,7178112,10368
293,2,BA,2.668869,2.633054,-0.03581499999999993,-1.3419542135638702,7147008,7145856,-1152
294,2,AB,2.699949,2.610873,-0.08907599999999993,-3.2991734288314305,7145856,7145856,0
295,2,BA,2.687717,2.65967,-0.028046999999999933,-1.0435250437453025,7142400,7142400,0
296,2,AB,2.668464,2.650561,-0.017903000000000002,-0.6709103064534505,7167744,7161984,-5760
297,2,BA,2.639406,4.010008,1.3706019999999999,51.928426320164455,7172352,7164288,-8064
298,2,AB,2.637003,2.606785,-0.030218000000000078,-1.1459220941348978,7143552,7214976,71424
299,2,BA,2.638723,2.68386,0.04513699999999998,1.7105622681880583,7157376,7163136,5760
300,3,AB,2.599622,2.626561,0.026939000000000046,1.0362660417553031,7143552,7163136,19584
301,3,BA,2.643268,2.613988,-0.029279999999999973,-1.1077196863882124,7144704,7144704,0
302,3,AB,2.621928,2.607073,-0.01485499999999984,-0.566567808116769,7173504,7145856,-27648
303,3,BA,2.639522,3.449003,0.8094809999999999,30.667711805395065,7163136,7145856,-17280
304,3,AB,2.619845,2.603406,-0.016439000000000092,-0.6274798699923122,7167744,7148160,-19584
305,3,BA,2.644614,2.565334,-0.0792799999999998,-2.997790981973165,7144704,7143552,-1152
306,3,AB,2.650107,2.571118,-0.07898900000000042,-2.9805966325133446,7143552,7153920,10368
307,3,BA,2.662619,2.593625,-0.068994,-2.591208130040385,7155072,7142400,-12672
308,3,AB,2.662193,2.643656,-0.018536999999999804,-0.6963056397488764,7170048,7147008,-23040
309,3,BA,2.668255,3.425845,0.75759,28.392713589967975,7143552,7142400,-1152
310,3,AB,2.632616,2.584909,-0.047706999999999944,-1.8121518671921748,7158528,7164288,5760
311,3,BA,2.638017,2.618518,-0.019499000000000155,-0.7391536900634132,7137792,7161984,24192
312,3,AB,2.610005,2.601246,-0.008758999999999961,-0.33559322683289733,7189632,7140096,-49536
313,3,BA,2.58737,2.578807,-0.008563000000000098,-0.3309538256994592,7144704,7173504,28800
314,3,AB,2.662996,2.578993,-0.08400300000000005,-3.1544546067662154,7142400,7216128,73728
315,3,BA,2.6164,3.423235,0.806835,30.837601284207306,7168896,7148160,-20736
316,3,AB,2.631663,2.579149,-0.05251399999999995,-1.9954682647436222,7143552,7145856,2304
317,3,BA,2.638646,2.589009,-0.04963700000000015,-1.8811541980242954,7130880,7164288,33408
318,3,AB,2.640408,2.571179,-0.06922899999999998,-2.621905402498401,7143552,7159680,16128
319,3,BA,2.638271,2.609353,-0.028918,-1.0960966481456984,7167744,7211520,43776
320,3,AB,2.694949,2.661118,-0.03383099999999972,-1.2553484314545367,7148160,7152768,4608
321,3,BA,2.668908,3.48947,0.8205619999999998,30.745233631133022,7147008,7193088,46080
322,3,AB,2.653324,2.615912,-0.03741200000000022,-1.41000495981645,7143552,7165440,21888
323,3,BA,2.647395,2.621119,-0.026275999999999744,-0.9925228384883913,7171200,7158528,-12672
324,3,AB,2.644656,2.581695,-0.06296100000000004,-2.3806876962448063,7142400,7143552,1152
325,3,BA,2.61484,2.617514,0.002673999999999843,0.10226247112633442,7196544,7144704,-51840
326,3,AB,2.664059,2.615771,-0.04828799999999989,-1.8125724693034158,7163136,7147008,-16128
327,3,BA,2.663382,3.832441,1.1690590000000003,43.89377866186677,7147008,7145856,-1152
328,3,AB,2.654489,2.63963,-0.014858999999999956,-0.5597687539861704,7172352,7141248,-31104
329,3,BA,2.665733,2.635341,-0.030391999999999975,-1.1400991772244249,7170048,7163136,-6912
330,3,AB,2.660473,2.582405,-0.07806800000000003,-2.9343654305080347,7159680,7214976,55296
331,3,BA,2.661689,2.651682,-0.010006999999999877,-0.37596428433223705,7202304,7160832,-41472
332,3,AB,2.660072,2.602285,-0.05778699999999981,-2.17238480762926,7142400,7216128,73728
333,3,BA,3.549039,2.640151,-0.9088880000000001,-25.6094114491275,7145856,7163136,17280
334,3,AB,2.649777,2.60078,-0.04899699999999996,-1.8490989996516674,7142400,7142400,0
335,3,BA,2.674328,2.658296,-0.016032000000000046,-0.5994777005662748,7172352,7216128,43776
336,3,AB,2.665142,2.610694,-0.05444799999999983,-2.0429680669922967,7145856,7118208,-27648
337,3,BA,2.669379,2.617395,-0.05198400000000003,-1.947419231214452,7172352,7171200,-1152
338,3,AB,2.646649,2.629883,-0.01676600000000006,-0.6334802990498574,7147008,7145856,-1152
339,3,BA,3.520008,2.62824,-0.8917679999999999,-25.334260603953172,7167744,7213824,46080
340,3,AB,2.635651,2.598488,-0.03716300000000006,-1.4100121753600934,7145856,7163136,17280
341,3,BA,2.659973,2.624989,-0.034984000000000126,-1.3152013197126484,7191936,7164288,-27648
342,3,AB,2.633404,2.643883,0.010479000000000127,0.3979260303394438,7172352,7216128,43776
343,3,BA,2.717506,2.678656,-0.03885000000000005,-1.4296196586134509,7145856,7142400,-3456
344,3,AB,2.711163,2.644863,-0.06630000000000003,-2.4454449990649776,7193088,7153920,-39168
345,3,BA,3.529787,2.618427,-0.9113599999999997,-25.819121663715112,7138944,7164288,25344
346,3,AB,2.649234,2.631077,-0.01815699999999998,-0.685367921444462,7144704,7163136,18432
347,3,BA,2.657278,2.629583,-0.027695000000000025,-1.0422319380960525,7142400,7145856,3456
348,3,AB,2.675151,2.649259,-0.025892000000000248,-0.9678705987064001,7147008,7148160,1152
349,3,BA,2.664147,2.662681,-0.0014659999999997453,-0.05502699363059716,7209216,7148160,-61056
350,3,AB,2.630202,2.620351,-0.009851000000000276,-0.37453397115507764,7147008,7148160,1152
351,3,BA,3.56032,2.626746,-0.9335740000000001,-26.221631763437,7172352,7160832,-11520
352,3,AB,2.645914,2.610365,-0.03554900000000005,-1.3435432897667898,7143552,7214976,71424
353,3,BA,2.649932,2.615908,-0.034024000000000054,-1.283957475135213,7141248,7148160,6912
354,3,AB,2.666199,2.603742,-0.06245700000000021,-2.3425483244124012,7194240,7141248,-52992
355,3,BA,2.695679,2.637036,-0.058643,-2.175444479850902,7171200,7148160,-23040
356,3,AB,2.637229,2.613544,-0.023684999999999956,-0.8981017575644722,7145856,7144704,-1152
357,3,BA,3.513589,2.603615,-0.9099740000000001,-25.898703576314702,7141248,7163136,21888
358,3,AB,2.605938,2.614537,0.008598999999999801,0.3299771521808961,7216128,7141248,-74880
359,3,BA,2.666383,2.650277,-0.016106000000000176,-0.6040392546757226,7147008,7163136,16128
360,3,AB,2.642267,2.628123,-0.014143999999999934,-0.5352979089546943,7168896,7216128,47232
361,3,BA,2.710389,2.634503,-0.07588600000000012,-2.7998195093029126,7163136,7173504,10368
362,3,AB,2.681862,2.591478,-0.09038400000000024,-3.3701957818858777,7168896,7142400,-26496
363,3,BA,3.546103,2.573645,-0.972458,-27.42328691524189,7144704,7216128,71424
364,3,AB,2.642126,2.882426,0.24029999999999996,9.0949485376549,7147008,7216128,69120
365,3,BA,2.812598,2.641616,-0.17098199999999997,-6.079148175459129,7144704,7158528,13824
366,3,AB,2.657383,2.639567,-0.017815999999999832,-0.6704340322791195,7159680,7148160,-11520
367,3,BA,2.673307,2.644486,-0.028820999999999763,-1.0781028890434121,7145856,7164288,18432
368,3,AB,2.648552,2.634495,-0.014057000000000208,-0.5307428360855369,7148160,7147008,-1152
369,3,BA,4.126016,2.629787,-1.496229,-36.263286424483084,7144704,7216128,71424
370,3,AB,2.623235,2.577919,-0.045316000000000134,-1.727485337760442,7150464,7145856,-4608
371,3,BA,2.659711,2.580614,-0.07909699999999997,-2.9738945321502963,7145856,7159680,13824
372,3,AB,2.65475,2.566246,-0.08850399999999992,-3.3337979094076626,7145856,7152768,6912
373,3,BA,2.627684,2.592022,-0.03566199999999986,-1.357164712347446,7213824,7141248,-72576
374,3,AB,2.646686,2.582087,-0.06459899999999985,-2.4407504328053973,7172352,7164288,-8064
375,3,BA,3.496996,2.579178,-0.917818,-26.2458979078043,7168896,7164288,-4608
376,3,AB,2.585828,2.598274,0.01244600000000018,0.4813158493140371,7173504,7143552,-29952
377,3,BA,2.611552,2.617097,0.005544999999999689,0.21232585068188145,7161984,7142400,-19584
378,3,AB,2.653956,2.60561,-0.048346,-1.8216579325354303,7193088,7145856,-47232
379,3,BA,2.661045,2.604963,-0.056081999999999965,-2.1075179111965396,7145856,7161984,16128
380,3,AB,2.644189,2.629636,-0.014552999999999816,-0.5503766939503877,7143552,7210368,66816
381,3,BA,3.537168,2.617232,-0.9199359999999999,-26.007698814418763,7143552,7216128,72576
382,3,AB,2.653294,2.628241,-0.02505299999999977,-0.9442225399823679,7147008,7145856,-1152
383,3,BA,2.680524,2.611506,-0.06901800000000025,-2.574795077380402,7170048,7164288,-5760
384,3,AB,2.658772,2.591816,-0.0669559999999998,-2.518305443264778,7173504,7210368,36864
385,3,BA,2.602254,2.614296,0.012042000000000108,0.4627526751808282,7140096,7164288,24192
386,3,AB,2.649255,2.596843,-0.05241200000000035,-1.9783675033169832,7163136,7181568,18432
387,3,BA,2.611526,2.610948,-0.0005779999999999674,-0.022132653475399725,7168896,7159680,-9216
388,3,AB,3.518666,2.592413,-0.926253,-26.32398187267561,7189632,7144704,-44928
389,3,BA,2.629118,2.61676,-0.012357999999999869,-0.47004356594112057,7140096,7182720,42624
390,3,AB,2.636103,2.609156,-0.026946999999999832,-1.0222286458457746,7151616,7157376,5760
391,3,BA,2.657317,2.626166,-0.03115099999999993,-1.172272634390249,7145856,7191936,46080
392,3,AB,2.652542,2.638182,-0.014359999999999928,-0.5413674882433503,7141248,7141248,0
393,3,BA,2.666672,2.621286,-0.04538600000000015,-1.7019715960568134,7161984,7179264,17280
394,3,AB,3.520681,2.607579,-0.9131020000000003,-25.935380115381097,7147008,7141248,-5760
395,3,BA,2.675271,2.578463,-0.09680799999999978,-3.618624057151585,7208064,7163136,-44928
396,3,AB,2.661755,2.640035,-0.02171999999999974,-0.8160029754804534,7167744,7163136,-4608
397,3,BA,2.665979,2.622346,-0.043633000000000255,-1.6366595535823896,7145856,7144704,-1152
398,3,AB,2.621324,2.581194,-0.04013,-1.530905756022529,7142400,7141248,-1152
399,3,BA,2.643408,2.58374,-0.05966799999999983,-2.2572376265790157,7195392,7160832,-34560
400,4,AB,3.533067,2.611257,-0.9218099999999998,-26.090928929454204,7155072,7149312,-5760
401,4,BA,2.622989,2.591554,-0.0314350000000001,-1.1984419301796576,7142400,7145856,3456
402,4,AB,2.641092,2.660955,0.019862999999999964,0.7520752779532089,7145856,7148160,2304
403,4,BA,2.640013,2.609897,-0.03011600000000003,-1.1407519584183876,7161984,7158528,-3456
404,4,AB,2.67183,2.630287,-0.041542999999999886,-1.554851917973819,7167744,7216128,48384
405,4,BA,2.625861,2.617186,-0.00867500000000021,-0.3303678298280149,7142400,7160832,18432
406,4,AB,3.563818,2.586787,-0.9770309999999998,-27.415288884000244,7143552,7214976,71424
407,4,BA,2.640771,2.637027,-0.0037440000000001916,-0.14177677655503607,7194240,7163136,-31104
408,4,AB,2.670862,2.622645,-0.048217000000000176,-1.8052973159976133,7163136,7142400,-20736
409,4,BA,2.634828,2.613923,-0.02090499999999995,-0.793410423754414,7143552,7137792,-5760
410,4,AB,2.650634,2.639224,-0.011410000000000142,-0.4304630514812736,7147008,7144704,-2304
411,4,BA,2.629723,2.60592,-0.02380300000000002,-0.9051523677588864,7143552,7159680,16128
412,4,AB,3.556652,2.620908,-0.9357440000000001,-26.309686750348366,7142400,7163136,20736
413,4,BA,2.652523,2.597472,-0.05505100000000018,-2.0754202696828714,7147008,7164288,17280
414,4,AB,2.648579,2.599213,-0.04936599999999958,-1.8638673794513807,7155072,7147008,-8064
415,4,BA,2.666293,2.632639,-0.03365399999999985,-1.2622018660364727,7148160,7158528,10368
416,4,AB,2.637184,2.619205,-0.017978999999999967,-0.6817499271950674,7145856,7137792,-8064
417,4,BA,2.644954,2.60639,-0.0385639999999996,-1.4580215761786255,7189632,7153920,-35712
418,4,AB,2.618953,3.569221,0.9502680000000003,36.284270851748786,7145856,7163136,17280
419,4,BA,2.624766,2.621908,-0.0028580000000002492,-0.10888589687615008,7163136,7158528,-4608
420,4,AB,2.621615,2.650441,0.02882600000000002,1.0995512308252746,7143552,7147008,3456
421,4,BA,2.676415,2.619357,-0.05705800000000005,-2.131881640179122,7148160,7147008,-1152
422,4,AB,2.647935,2.615019,-0.03291599999999972,-1.2430818732332827,7157376,7160832,3456
423,4,BA,2.628987,2.626024,-0.002962999999999827,-0.11270500767024814,7137792,7164288,26496
424,4,AB,2.638345,3.531999,0.8936539999999997,33.871764306790794,7144704,7210368,65664
425,4,BA,2.674239,2.596383,-0.07785600000000015,-2.9113329062959648,7161984,7161984,0
426,4,AB,2.628178,2.626889,-0.0012890000000003177,-0.049045384292856785,7143552,7144704,1152
427,4,BA,2.626863,2.608747,-0.01811600000000002,-0.6896438832173593,7145856,7144704,-1152
428,4,AB,2.648454,2.612309,-0.03614499999999987,-1.3647584590859372,7145856,7160832,14976
429,4,BA,2.663331,2.620734,-0.042596999999999774,-1.5993881346329004,7142400,7145856,3456
430,4,AB,2.63963,3.540788,0.9011580000000001,34.13955743797427,7147008,7143552,-3456
431,4,BA,2.643232,2.592376,-0.05085600000000001,-1.924008183920292,7148160,7163136,14976
432,4,AB,2.662966,2.628654,-0.0343119999999999,-1.288488099359883,7155072,7167744,12672
433,4,BA,2.642762,2.611371,-0.031390999999999725,-1.187810328739392,7144704,7214976,70272
434,4,AB,2.657533,2.6356,-0.021932999999999758,-0.8253143046577318,7147008,7143552,-3456
435,4,BA,2.751738,2.60356,-0.14817800000000014,-5.3848876600897375,7144704,7135488,-9216
436,4,AB,2.645443,3.658208,1.012765,38.283380137088564,7147008,7166592,19584
437,4,BA,2.622288,2.591926,-0.030362000000000222,-1.157843837137653,7147008,7144704,-2304
438,4,AB,2.632351,2.630837,-0.0015139999999997933,-0.057515126212264,7155072,7210368,55296
439,4,BA,2.653406,2.635995,-0.017411000000000065,-0.6561754967012234,7138944,7158528,19584
440,4,AB,2.627763,2.638238,0.010475000000000012,0.39862803456780593,7143552,7216128,72576
441,4,BA,2.677861,2.629171,-0.04869000000000012,-1.818242246330191,7145856,7147008,1152
442,4,AB,2.622109,4.030287,1.4081780000000004,53.70402222028148,7151616,7173504,21888
443,4,BA,2.588148,2.566829,-0.021319000000000088,-0.8237164180719221,7143552,7171200,27648
444,4,AB,2.625189,2.583103,-0.04208600000000029,-1.6031607629012723,7145856,7159680,13824
445,4,BA,2.627569,2.64672,0.019151000000000362,0.7288486049272298,7147008,7216128,69120
446,4,AB,2.645602,2.600032,-0.045569999999999666,-1.7224813104918906,7148160,7163136,14976
447,4,BA,2.682623,2.580132,-0.10249100000000011,-3.8205517510287548,7172352,7168896,-3456
448,4,AB,2.618438,3.510124,0.891686,34.05411928791134,7142400,7148160,5760
449,4,BA,2.642382,2.604517,-0.03786500000000004,-1.4329873576189982,7144704,7144704,0
450,4,AB,2.628944,2.592423,-0.036521000000000026,-1.3891889671290079,7144704,7216128,71424
451,4,BA,2.631098,2.555065,-0.07603300000000024,-2.8897821365832908,7148160,7142400,-5760
452,4,AB,2.645769,2.610396,-0.03537299999999988,-1.3369647917108363,7194240,7164288,-29952
453,4,BA,2.612365,2.604329,-0.008036000000000154,-0.30761398196653816,7144704,7148160,3456
454,4,AB,2.675167,2.604556,-0.07061099999999998,-2.63949876774048,7211520,7148160,-63360
455,4,BA,2.674012,3.612118,0.9381060000000003,35.082340692562354,7170048,7214976,44928
456,4,AB,2.642035,2.625856,-0.01617899999999972,-0.6123688747499455,7173504,7145856,-27648
457,4,BA,2.634277,2.76723,0.1329530000000001,5.047039472310623,7147008,7178112,31104
458,4,AB,2.610847,2.591286,-0.01956099999999994,-0.749220463703922,7145856,7144704,-1152
459,4,BA,2.65183,2.63646,-0.015369999999999884,-0.5795997480984786,7172352,7214976,42624
460,4,AB,2.624742,2.594278,-0.030463999999999825,-1.1606474083928944,7141248,7158528,17280
461,4,BA,2.654799,3.498505,0.8437060000000001,31.780409741001108,7163136,7145856,-17280
462,4,AB,2.649026,2.587389,-0.061637000000000164,-2.326779729606284,7145856,7164288,18432
463,4,BA,2.642619,2.619578,-0.023040999999999645,-0.8719001868979087,7172352,7216128,43776
464,4,AB,2.668181,2.647347,-0.02083400000000024,-0.7808315852635275,7138944,7161984,23040
465,4,BA,2.651497,2.660119,0.008621999999999908,0.3251747974823244,7145856,7163136,17280
466,4,AB,2.634651,2.584733,-0.04991799999999991,-1.8946721975699972,7173504,7161984,-11520
467,4,BA,2.642511,3.569503,0.9269920000000003,35.07996750060833,7168896,7143552,-25344
468,4,AB,2.629173,2.622585,-0.00658800000000026,-0.25057308895231545,7142400,7137792,-4608
469,4,BA,2.639869,2.603478,-0.03639100000000006,-1.378515373300723,7147008,7142400,-4608
470,4,AB,2.669629,2.592971,-0.07665800000000011,-2.8714851389462774,7171200,7144704,-26496
471,4,BA,2.67617,2.621605,-0.05456499999999975,-2.0389212942376513,7147008,7147008,0
472,4,AB,2.652766,2.586989,-0.0657770000000002,-2.479562841200475,7143552,7143552,0
473,4,BA,2.633474,3.550729,0.9172549999999999,34.8306077827235,7142400,7145856,3456
474,4,AB,2.645446,2.616303,-0.029143000000000363,-1.1016289880799064,7166592,7164288,-2304
475,4,BA,2.64209,2.604367,-0.03772300000000017,-1.427771196287794,7144704,7142400,-2304
476,4,AB,2.625946,2.61905,-0.006895999999999791,-0.26261012221880387,7155072,7159680,4608
477,4,BA,2.648443,2.625324,-0.02311899999999989,-0.8729279807041304,7141248,7159680,18432
478,4,AB,2.644963,2.597026,-0.04793700000000012,-1.8123883018401434,7143552,7147008,3456
479,4,BA,2.643315,3.51167,0.8683550000000002,32.850984464583306,7214976,7142400,-72576
480,4,AB,2.65471,2.616699,-0.03801100000000002,-1.4318324788771661,7147008,7143552,-3456
481,4,BA,2.71099,2.612231,-0.09875899999999982,-3.642912736675526,7156224,7214976,58752
482,4,AB,2.643394,2.625726,-0.017668000000000017,-0.6683831468180687,7160832,7163136,2304
483,4,BA,2.642284,2.59984,-0.04244400000000015,-1.6063375473643313,7147008,7136640,-10368
484,4,AB,2.673793,2.60177,-0.07202299999999973,-2.6936640196155697,7145856,7147008,1152
485,4,BA,3.629148,2.570859,-1.0582889999999998,-29.160811297858334,7141248,7163136,21888
486,4,AB,2.63042,2.578223,-0.05219700000000005,-1.984359912105293,7172352,7161984,-10368
487,4,BA,2.674655,2.632783,-0.04187200000000013,-1.5655103181531873,7147008,7148160,1152
488,4,AB,2.671017,2.619468,-0.05154900000000007,-1.9299390456893413,7149312,7147008,-2304
489,4,BA,2.687542,2.596356,-0.09118599999999999,-3.3929144177095645,7145856,7137792,-8064
490,4,AB,2.658442,2.615957,-0.042485000000000106,-1.5981164907867127,7147008,7161984,14976
491,4,BA,3.597604,2.582224,-1.01538,-28.22378449657049,7170048,7163136,-6912
492,4,AB,2.623299,2.631179,0.00788000000000011,0.30038512575196763,7144704,7144704,0
493,4,BA,2.651281,2.612757,-0.03852399999999978,-1.453033458166063,7158528,7144704,-13824
494,4,AB,2.659681,2.600874,-0.05880699999999983,-2.211054633995574,7147008,7186176,39168
495,4,BA,2.646296,2.615809,-0.03048699999999993,-1.1520631100980363,7145856,7191936,46080
496,4,AB,2.65949,2.581802,-0.07768799999999976,-2.9211615760916474,7143552,7157376,13824
497,4,BA,3.589189,2.58603,-1.0031590000000001,-27.94946156360114,7147008,7161984,14976
498,4,AB,2.662054,2.573135,-0.08891899999999975,-3.3402402806254026,7156224,7168896,12672
499,4,BA,2.665476,2.604692,-0.06078399999999995,-2.2804182067293026,7142400,7152768,10368
