pair,left_arm,right_arm,layer,kv_head,left_union_blocks,right_union_blocks,left_coverage_fraction,right_coverage_fraction,coverage_delta_right_minus_left,left_union_mib,right_union_mib,union_delta_mib_right_minus_left
policy_and_arithmetic,dense_qa64,dense_nosa64,0,0,209,148,0.20096153846153847,0.1423076923076923,-0.058653846153846154,6.53125,4.625,-1.90625
policy_and_arithmetic,dense_qa64,dense_nosa64,0,1,147,149,0.14134615384615384,0.14326923076923076,0.0019230769230769232,4.59375,4.65625,0.0625
policy_and_arithmetic,dense_qa64,dense_nosa64,1,0,233,237,0.22403846153846155,0.22788461538461538,0.0038461538461538464,7.28125,7.40625,0.125
policy_and_arithmetic,dense_qa64,dense_nosa64,1,1,276,197,0.2653846153846154,0.18942307692307692,-0.07596153846153846,8.625,6.15625,-2.46875
policy_and_arithmetic,dense_qa64,dense_nosa64,2,0,314,227,0.3019230769230769,0.21826923076923077,-0.08365384615384615,9.8125,7.09375,-2.71875
policy_and_arithmetic,dense_qa64,dense_nosa64,2,1,221,190,0.2125,0.18269230769230768,-0.02980769230769231,6.90625,5.9375,-0.96875
policy_and_arithmetic,dense_qa64,dense_nosa64,3,0,397,309,0.3817307692307692,0.2971153846153846,-0.08461538461538462,12.40625,9.65625,-2.75
policy_and_arithmetic,dense_qa64,dense_nosa64,3,1,302,222,0.2903846153846154,0.21346153846153845,-0.07692307692307693,9.4375,6.9375,-2.5
policy_and_arithmetic,dense_qa64,dense_nosa64,4,0,327,209,0.3144230769230769,0.20096153846153847,-0.11346153846153846,10.21875,6.53125,-3.6875
policy_and_arithmetic,dense_qa64,dense_nosa64,4,1,269,199,0.2586538461538462,0.19134615384615383,-0.0673076923076923,8.40625,6.21875,-2.1875
policy_and_arithmetic,dense_qa64,dense_nosa64,5,0,276,182,0.2653846153846154,0.175,-0.09038461538461538,8.625,5.6875,-2.9375
policy_and_arithmetic,dense_qa64,dense_nosa64,5,1,219,190,0.21057692307692308,0.18269230769230768,-0.027884615384615386,6.84375,5.9375,-0.90625
policy_and_arithmetic,dense_qa64,dense_nosa64,6,0,279,201,0.26826923076923076,0.19326923076923078,-0.075,8.71875,6.28125,-2.4375
policy_and_arithmetic,dense_qa64,dense_nosa64,6,1,481,310,0.4625,0.2980769230769231,-0.16442307692307692,15.03125,9.6875,-5.34375
policy_and_arithmetic,dense_qa64,dense_nosa64,7,0,308,179,0.29615384615384616,0.17211538461538461,-0.12403846153846154,9.625,5.59375,-4.03125
policy_and_arithmetic,dense_qa64,dense_nosa64,7,1,277,240,0.26634615384615384,0.23076923076923078,-0.035576923076923075,8.65625,7.5,-1.15625
policy_and_arithmetic,dense_qa64,dense_nosa64,8,0,284,184,0.27307692307692305,0.17692307692307693,-0.09615384615384616,8.875,5.75,-3.125
policy_and_arithmetic,dense_qa64,dense_nosa64,8,1,259,200,0.24903846153846154,0.19230769230769232,-0.05673076923076923,8.09375,6.25,-1.84375
policy_and_arithmetic,dense_qa64,dense_nosa64,9,0,855,532,0.8221153846153846,0.5115384615384615,-0.3105769230769231,26.71875,16.625,-10.09375
policy_and_arithmetic,dense_qa64,dense_nosa64,9,1,343,248,0.3298076923076923,0.23846153846153847,-0.09134615384615384,10.71875,7.75,-2.96875
policy_and_arithmetic,dense_qa64,dense_nosa64,10,0,158,171,0.1519230769230769,0.16442307692307692,0.0125,4.9375,5.34375,0.40625
policy_and_arithmetic,dense_qa64,dense_nosa64,10,1,301,188,0.28942307692307695,0.18076923076923077,-0.10865384615384616,9.40625,5.875,-3.53125
policy_and_arithmetic,dense_qa64,dense_nosa64,11,0,439,327,0.4221153846153846,0.3144230769230769,-0.1076923076923077,13.71875,10.21875,-3.5
policy_and_arithmetic,dense_qa64,dense_nosa64,11,1,209,150,0.20096153846153847,0.14423076923076922,-0.05673076923076923,6.53125,4.6875,-1.84375
policy_and_arithmetic,dense_qa64,dense_nosa64,12,0,255,192,0.24519230769230768,0.18461538461538463,-0.06057692307692308,7.96875,6.0,-1.96875
policy_and_arithmetic,dense_qa64,dense_nosa64,12,1,309,185,0.2971153846153846,0.1778846153846154,-0.11923076923076924,9.65625,5.78125,-3.875
policy_and_arithmetic,dense_qa64,dense_nosa64,13,0,572,407,0.55,0.39134615384615384,-0.15865384615384615,17.875,12.71875,-5.15625
policy_and_arithmetic,dense_qa64,dense_nosa64,13,1,328,252,0.3153846153846154,0.2423076923076923,-0.07307692307692308,10.25,7.875,-2.375
policy_and_arithmetic,dense_qa64,dense_nosa64,14,0,289,196,0.2778846153846154,0.18846153846153846,-0.08942307692307692,9.03125,6.125,-2.90625
policy_and_arithmetic,dense_qa64,dense_nosa64,14,1,264,200,0.25384615384615383,0.19230769230769232,-0.06153846153846154,8.25,6.25,-2.0
policy_and_arithmetic,dense_qa64,dense_nosa64,15,0,334,260,0.3211538461538462,0.25,-0.07115384615384615,10.4375,8.125,-2.3125
policy_and_arithmetic,dense_qa64,dense_nosa64,15,1,168,176,0.16153846153846155,0.16923076923076924,0.007692307692307693,5.25,5.5,0.25
policy_and_arithmetic,dense_qa64,dense_nosa64,16,0,979,780,0.9413461538461538,0.75,-0.19134615384615383,30.59375,24.375,-6.21875
policy_and_arithmetic,dense_qa64,dense_nosa64,16,1,289,204,0.2778846153846154,0.19615384615384615,-0.08173076923076923,9.03125,6.375,-2.65625
policy_and_arithmetic,dense_qa64,dense_nosa64,17,0,342,205,0.32884615384615384,0.1971153846153846,-0.13173076923076923,10.6875,6.40625,-4.28125
policy_and_arithmetic,dense_qa64,dense_nosa64,17,1,288,201,0.27692307692307694,0.19326923076923078,-0.08365384615384615,9.0,6.28125,-2.71875
policy_and_arithmetic,dense_qa64,dense_nosa64,18,0,688,485,0.6615384615384615,0.46634615384615385,-0.1951923076923077,21.5,15.15625,-6.34375
policy_and_arithmetic,dense_qa64,dense_nosa64,18,1,852,658,0.8192307692307692,0.6326923076923077,-0.18653846153846154,26.625,20.5625,-6.0625
policy_and_arithmetic,dense_qa64,dense_nosa64,19,0,517,380,0.4971153846153846,0.36538461538461536,-0.13173076923076923,16.15625,11.875,-4.28125
policy_and_arithmetic,dense_qa64,dense_nosa64,19,1,271,170,0.2605769230769231,0.16346153846153846,-0.09711538461538462,8.46875,5.3125,-3.15625
policy_and_arithmetic,dense_qa64,dense_nosa64,20,0,301,217,0.28942307692307695,0.20865384615384616,-0.08076923076923077,9.40625,6.78125,-2.625
policy_and_arithmetic,dense_qa64,dense_nosa64,20,1,340,251,0.3269230769230769,0.24134615384615385,-0.08557692307692308,10.625,7.84375,-2.78125
policy_and_arithmetic,dense_qa64,dense_nosa64,21,0,272,228,0.26153846153846155,0.21923076923076923,-0.04230769230769231,8.5,7.125,-1.375
policy_and_arithmetic,dense_qa64,dense_nosa64,21,1,296,231,0.2846153846153846,0.2221153846153846,-0.0625,9.25,7.21875,-2.03125
policy_and_arithmetic,dense_qa64,dense_nosa64,22,0,978,792,0.9403846153846154,0.7615384615384615,-0.17884615384615385,30.5625,24.75,-5.8125
policy_and_arithmetic,dense_qa64,dense_nosa64,22,1,290,211,0.27884615384615385,0.20288461538461539,-0.07596153846153846,9.0625,6.59375,-2.46875
policy_and_arithmetic,dense_qa64,dense_nosa64,23,0,952,797,0.9153846153846154,0.7663461538461539,-0.14903846153846154,29.75,24.90625,-4.84375
policy_and_arithmetic,dense_qa64,dense_nosa64,23,1,746,581,0.7173076923076923,0.5586538461538462,-0.15865384615384615,23.3125,18.15625,-5.15625
policy_and_arithmetic,dense_qa64,dense_nosa64,24,0,304,239,0.2923076923076923,0.2298076923076923,-0.0625,9.5,7.46875,-2.03125
policy_and_arithmetic,dense_qa64,dense_nosa64,24,1,625,449,0.6009615384615384,0.43173076923076925,-0.16923076923076924,19.53125,14.03125,-5.5
policy_and_arithmetic,dense_qa64,dense_nosa64,25,0,611,444,0.5875,0.4269230769230769,-0.1605769230769231,19.09375,13.875,-5.21875
policy_and_arithmetic,dense_qa64,dense_nosa64,25,1,366,247,0.35192307692307695,0.2375,-0.11442307692307692,11.4375,7.71875,-3.71875
policy_and_arithmetic,dense_qa64,dense_nosa64,26,0,716,561,0.6884615384615385,0.5394230769230769,-0.14903846153846154,22.375,17.53125,-4.84375
policy_and_arithmetic,dense_qa64,dense_nosa64,26,1,655,473,0.6298076923076923,0.4548076923076923,-0.175,20.46875,14.78125,-5.6875
policy_and_arithmetic,dense_qa64,dense_nosa64,27,0,305,189,0.2932692307692308,0.18173076923076922,-0.11153846153846154,9.53125,5.90625,-3.625
policy_and_arithmetic,dense_qa64,dense_nosa64,27,1,315,203,0.30288461538461536,0.1951923076923077,-0.1076923076923077,9.84375,6.34375,-3.5
policy_and_arithmetic,dense_qa64,dense_nosa64,28,0,266,218,0.25576923076923075,0.20961538461538462,-0.046153846153846156,8.3125,6.8125,-1.5
policy_and_arithmetic,dense_qa64,dense_nosa64,28,1,467,335,0.44903846153846155,0.32211538461538464,-0.12692307692307692,14.59375,10.46875,-4.125
policy_and_arithmetic,dense_qa64,dense_nosa64,29,0,227,180,0.21826923076923077,0.17307692307692307,-0.04519230769230769,7.09375,5.625,-1.46875
policy_and_arithmetic,dense_qa64,dense_nosa64,29,1,709,482,0.6817307692307693,0.4634615384615385,-0.21826923076923077,22.15625,15.0625,-7.09375
policy_and_arithmetic,dense_qa64,dense_nosa64,30,0,445,337,0.42788461538461536,0.32403846153846155,-0.10384615384615385,13.90625,10.53125,-3.375
policy_and_arithmetic,dense_qa64,dense_nosa64,30,1,320,233,0.3076923076923077,0.22403846153846155,-0.08365384615384615,10.0,7.28125,-2.71875
policy_and_arithmetic,dense_qa64,dense_nosa64,31,0,273,208,0.2625,0.2,-0.0625,8.53125,6.5,-2.03125
policy_and_arithmetic,dense_qa64,dense_nosa64,31,1,320,225,0.3076923076923077,0.21634615384615385,-0.09134615384615384,10.0,7.03125,-2.96875
sparse_propagation,dense_nosa64,sparse_nosa64,0,0,148,148,0.1423076923076923,0.1423076923076923,0.0,4.625,4.625,0.0
sparse_propagation,dense_nosa64,sparse_nosa64,0,1,149,149,0.14326923076923076,0.14326923076923076,0.0,4.65625,4.65625,0.0
sparse_propagation,dense_nosa64,sparse_nosa64,1,0,237,234,0.22788461538461538,0.225,-0.0028846153846153848,7.40625,7.3125,-0.09375
sparse_propagation,dense_nosa64,sparse_nosa64,1,1,197,198,0.18942307692307692,0.19038461538461537,0.0009615384615384616,6.15625,6.1875,0.03125
sparse_propagation,dense_nosa64,sparse_nosa64,2,0,227,228,0.21826923076923077,0.21923076923076923,0.0009615384615384616,7.09375,7.125,0.03125
sparse_propagation,dense_nosa64,sparse_nosa64,2,1,190,194,0.18269230769230768,0.18653846153846154,0.0038461538461538464,5.9375,6.0625,0.125
sparse_propagation,dense_nosa64,sparse_nosa64,3,0,309,285,0.2971153846153846,0.27403846153846156,-0.023076923076923078,9.65625,8.90625,-0.75
sparse_propagation,dense_nosa64,sparse_nosa64,3,1,222,217,0.21346153846153845,0.20865384615384616,-0.004807692307692308,6.9375,6.78125,-0.15625
sparse_propagation,dense_nosa64,sparse_nosa64,4,0,209,206,0.20096153846153847,0.19807692307692307,-0.0028846153846153848,6.53125,6.4375,-0.09375
sparse_propagation,dense_nosa64,sparse_nosa64,4,1,199,205,0.19134615384615383,0.1971153846153846,0.0057692307692307696,6.21875,6.40625,0.1875
sparse_propagation,dense_nosa64,sparse_nosa64,5,0,182,179,0.175,0.17211538461538461,-0.0028846153846153848,5.6875,5.59375,-0.09375
sparse_propagation,dense_nosa64,sparse_nosa64,5,1,190,188,0.18269230769230768,0.18076923076923077,-0.0019230769230769232,5.9375,5.875,-0.0625
sparse_propagation,dense_nosa64,sparse_nosa64,6,0,201,191,0.19326923076923078,0.18365384615384617,-0.009615384615384616,6.28125,5.96875,-0.3125
sparse_propagation,dense_nosa64,sparse_nosa64,6,1,310,213,0.2980769230769231,0.2048076923076923,-0.09326923076923077,9.6875,6.65625,-3.03125
sparse_propagation,dense_nosa64,sparse_nosa64,7,0,179,153,0.17211538461538461,0.14711538461538462,-0.025,5.59375,4.78125,-0.8125
sparse_propagation,dense_nosa64,sparse_nosa64,7,1,240,231,0.23076923076923078,0.2221153846153846,-0.008653846153846154,7.5,7.21875,-0.28125
sparse_propagation,dense_nosa64,sparse_nosa64,8,0,184,178,0.17692307692307693,0.17115384615384616,-0.0057692307692307696,5.75,5.5625,-0.1875
sparse_propagation,dense_nosa64,sparse_nosa64,8,1,200,194,0.19230769230769232,0.18653846153846154,-0.0057692307692307696,6.25,6.0625,-0.1875
sparse_propagation,dense_nosa64,sparse_nosa64,9,0,532,469,0.5115384615384615,0.45096153846153847,-0.06057692307692308,16.625,14.65625,-1.96875
sparse_propagation,dense_nosa64,sparse_nosa64,9,1,248,213,0.23846153846153847,0.2048076923076923,-0.03365384615384615,7.75,6.65625,-1.09375
sparse_propagation,dense_nosa64,sparse_nosa64,10,0,171,171,0.16442307692307692,0.16442307692307692,0.0,5.34375,5.34375,0.0
sparse_propagation,dense_nosa64,sparse_nosa64,10,1,188,151,0.18076923076923077,0.1451923076923077,-0.035576923076923075,5.875,4.71875,-1.15625
sparse_propagation,dense_nosa64,sparse_nosa64,11,0,327,273,0.3144230769230769,0.2625,-0.051923076923076926,10.21875,8.53125,-1.6875
sparse_propagation,dense_nosa64,sparse_nosa64,11,1,150,149,0.14423076923076922,0.14326923076923076,-0.0009615384615384616,4.6875,4.65625,-0.03125
sparse_propagation,dense_nosa64,sparse_nosa64,12,0,192,197,0.18461538461538463,0.18942307692307692,0.004807692307692308,6.0,6.15625,0.15625
sparse_propagation,dense_nosa64,sparse_nosa64,12,1,185,179,0.1778846153846154,0.17211538461538461,-0.0057692307692307696,5.78125,5.59375,-0.1875
sparse_propagation,dense_nosa64,sparse_nosa64,13,0,407,286,0.39134615384615384,0.275,-0.11634615384615385,12.71875,8.9375,-3.78125
sparse_propagation,dense_nosa64,sparse_nosa64,13,1,252,230,0.2423076923076923,0.22115384615384615,-0.021153846153846155,7.875,7.1875,-0.6875
sparse_propagation,dense_nosa64,sparse_nosa64,14,0,196,181,0.18846153846153846,0.17403846153846153,-0.014423076923076924,6.125,5.65625,-0.46875
sparse_propagation,dense_nosa64,sparse_nosa64,14,1,200,205,0.19230769230769232,0.1971153846153846,0.004807692307692308,6.25,6.40625,0.15625
sparse_propagation,dense_nosa64,sparse_nosa64,15,0,260,248,0.25,0.23846153846153847,-0.011538461538461539,8.125,7.75,-0.375
sparse_propagation,dense_nosa64,sparse_nosa64,15,1,176,170,0.16923076923076924,0.16346153846153846,-0.0057692307692307696,5.5,5.3125,-0.1875
sparse_propagation,dense_nosa64,sparse_nosa64,16,0,780,620,0.75,0.5961538461538461,-0.15384615384615385,24.375,19.375,-5.0
sparse_propagation,dense_nosa64,sparse_nosa64,16,1,204,159,0.19615384615384615,0.1528846153846154,-0.04326923076923077,6.375,4.96875,-1.40625
sparse_propagation,dense_nosa64,sparse_nosa64,17,0,205,160,0.1971153846153846,0.15384615384615385,-0.04326923076923077,6.40625,5.0,-1.40625
sparse_propagation,dense_nosa64,sparse_nosa64,17,1,201,202,0.19326923076923078,0.19423076923076923,0.0009615384615384616,6.28125,6.3125,0.03125
sparse_propagation,dense_nosa64,sparse_nosa64,18,0,485,253,0.46634615384615385,0.24326923076923077,-0.2230769230769231,15.15625,7.90625,-7.25
sparse_propagation,dense_nosa64,sparse_nosa64,18,1,658,500,0.6326923076923077,0.4807692307692308,-0.1519230769230769,20.5625,15.625,-4.9375
sparse_propagation,dense_nosa64,sparse_nosa64,19,0,380,235,0.36538461538461536,0.22596153846153846,-0.13942307692307693,11.875,7.34375,-4.53125
sparse_propagation,dense_nosa64,sparse_nosa64,19,1,170,176,0.16346153846153846,0.16923076923076924,0.0057692307692307696,5.3125,5.5,0.1875
sparse_propagation,dense_nosa64,sparse_nosa64,20,0,217,202,0.20865384615384616,0.19423076923076923,-0.014423076923076924,6.78125,6.3125,-0.46875
sparse_propagation,dense_nosa64,sparse_nosa64,20,1,251,263,0.24134615384615385,0.2528846153846154,0.011538461538461539,7.84375,8.21875,0.375
sparse_propagation,dense_nosa64,sparse_nosa64,21,0,228,229,0.21923076923076923,0.2201923076923077,0.0009615384615384616,7.125,7.15625,0.03125
sparse_propagation,dense_nosa64,sparse_nosa64,21,1,231,231,0.2221153846153846,0.2221153846153846,0.0,7.21875,7.21875,0.0
sparse_propagation,dense_nosa64,sparse_nosa64,22,0,792,605,0.7615384615384615,0.5817307692307693,-0.1798076923076923,24.75,18.90625,-5.84375
sparse_propagation,dense_nosa64,sparse_nosa64,22,1,211,200,0.20288461538461539,0.19230769230769232,-0.010576923076923078,6.59375,6.25,-0.34375
sparse_propagation,dense_nosa64,sparse_nosa64,23,0,797,615,0.7663461538461539,0.5913461538461539,-0.175,24.90625,19.21875,-5.6875
sparse_propagation,dense_nosa64,sparse_nosa64,23,1,581,367,0.5586538461538462,0.3528846153846154,-0.20576923076923076,18.15625,11.46875,-6.6875
sparse_propagation,dense_nosa64,sparse_nosa64,24,0,239,225,0.2298076923076923,0.21634615384615385,-0.013461538461538462,7.46875,7.03125,-0.4375
sparse_propagation,dense_nosa64,sparse_nosa64,24,1,449,293,0.43173076923076925,0.28173076923076923,-0.15,14.03125,9.15625,-4.875
sparse_propagation,dense_nosa64,sparse_nosa64,25,0,444,286,0.4269230769230769,0.275,-0.1519230769230769,13.875,8.9375,-4.9375
sparse_propagation,dense_nosa64,sparse_nosa64,25,1,247,240,0.2375,0.23076923076923078,-0.006730769230769231,7.71875,7.5,-0.21875
sparse_propagation,dense_nosa64,sparse_nosa64,26,0,561,393,0.5394230769230769,0.3778846153846154,-0.16153846153846155,17.53125,12.28125,-5.25
sparse_propagation,dense_nosa64,sparse_nosa64,26,1,473,340,0.4548076923076923,0.3269230769230769,-0.12788461538461537,14.78125,10.625,-4.15625
sparse_propagation,dense_nosa64,sparse_nosa64,27,0,189,193,0.18173076923076922,0.18557692307692308,0.0038461538461538464,5.90625,6.03125,0.125
sparse_propagation,dense_nosa64,sparse_nosa64,27,1,203,186,0.1951923076923077,0.17884615384615385,-0.016346153846153847,6.34375,5.8125,-0.53125
sparse_propagation,dense_nosa64,sparse_nosa64,28,0,218,215,0.20961538461538462,0.20673076923076922,-0.0028846153846153848,6.8125,6.71875,-0.09375
sparse_propagation,dense_nosa64,sparse_nosa64,28,1,335,263,0.32211538461538464,0.2528846153846154,-0.06923076923076923,10.46875,8.21875,-2.25
sparse_propagation,dense_nosa64,sparse_nosa64,29,0,180,185,0.17307692307692307,0.1778846153846154,0.004807692307692308,5.625,5.78125,0.15625
sparse_propagation,dense_nosa64,sparse_nosa64,29,1,482,300,0.4634615384615385,0.28846153846153844,-0.175,15.0625,9.375,-5.6875
sparse_propagation,dense_nosa64,sparse_nosa64,30,0,337,256,0.32403846153846155,0.24615384615384617,-0.07788461538461539,10.53125,8.0,-2.53125
sparse_propagation,dense_nosa64,sparse_nosa64,30,1,233,222,0.22403846153846155,0.21346153846153845,-0.010576923076923078,7.28125,6.9375,-0.34375
sparse_propagation,dense_nosa64,sparse_nosa64,31,0,208,204,0.2,0.19615384615384615,-0.0038461538461538464,6.5,6.375,-0.125
sparse_propagation,dense_nosa64,sparse_nosa64,31,1,225,222,0.21634615384615385,0.21346153846153845,-0.0028846153846153848,7.03125,6.9375,-0.09375
