scenario,phase,lane,stage,start_ns,end_ns,label,compute_mfu_percent,bytes,bandwidth_GBps,fused_payload_GBps,transfer_role,layer,full_start_ns,full_end_ns,full_duration_ns,full_bytes,full_bandwidth_GBps
prefill_hbm,prefill,compute,projection,0,378111,Norm + projection,26.47042186640199,,,,,,,,,,
prefill_hbm,prefill,compute,index,378111,1534653,Indexer,47.663915317442154,,,,,,,,,,
prefill_hbm,prefill,compute,topk,1534653,1929469,Exact top-k,,,,,,,,,,,
prefill_hbm,prefill,compute,attention,1929469,2898843,Sparse MLA,60.89639784607305,,,,,,,,,,
prefill_hbm,prefill,compute,finish,2898843,3913017,Output + norm + MLP,54.14048172999843,,,,,,,,,,
prefill_serial,prefill,compute,projection,0,378111,Norm + projection,26.47042186640199,,,,,,,,,,
prefill_serial,prefill,io,d2h,378111,404831,Main KV D2H,,1179648,44.14850299401198,,,,,,,,
prefill_serial,prefill,wait,wait,378111,404831,Wait for D2H,,,,,,,,,,,
prefill_serial,prefill,compute,index,404831,1561373,Indexer,47.663915317442154,,,,,,,,,,
prefill_serial,prefill,compute,topk,1561373,1956189,Exact top-k,,,,,,,,,,,
prefill_serial,prefill,compute,attention,1956189,2925563,Sparse MLA,60.89639784607305,,,,,,,,,,
prefill_serial,prefill,compute,finish,2925563,3939737,Output + norm + MLP,54.14048172999843,,,,,,,,,,
prefill_overlap,prefill,compute,projection,0,378111,Norm + projection,26.47042186640199,,,,,,,,,,
prefill_overlap,prefill,io,d2h,378111,404831,Main KV D2H,,1179648,44.14850299401198,,,,,,,,
prefill_overlap,prefill,compute,index,378111,1534653,Indexer,47.663915317442154,,,,,,,,,,
prefill_overlap,prefill,compute,topk,1534653,1929469,Exact top-k,,,,,,,,,,,
prefill_overlap,prefill,compute,attention,1929469,2898843,Sparse MLA,60.89639784607305,,,,,,,,,,
prefill_overlap,prefill,compute,finish,2898843,3913017,Output + norm + MLP,54.14048172999843,,,,,,,,,,
extend_hbm,extend,compute,projection,0,143040,Norm + projection,8.746467493644367,,,,,,,,,,
extend_hbm,extend,compute,index,143040,413856,Indexer,25.669472555296284,,,,,,,,,,
extend_hbm,extend,compute,topk,413856,497248,Exact top-k,,,,,,,,,,,
extend_hbm,extend,compute,attention,497248,617920,Sparse MLA,61.148593672972204,,,,,,,,,,
extend_hbm,extend,compute,finish,617920,821120,Output + norm + MLP,33.77698629308527,,,,,,,,,,
extend_serial_sparse,extend,compute,projection,0,143040,Norm + projection,8.746467493644367,,,,,,,,,,
extend_serial_sparse,extend,compute,index,143040,413856,Indexer,25.669472555296284,,,,,,,,,,
extend_serial_sparse,extend,compute,topk,413856,497248,Exact top-k,,,,,,,,,,,
extend_serial_sparse,extend,io,h2d,497248,569216,Selected KV H2D,,3312000,46.020453534904405,,,,,,,,
extend_serial_sparse,extend,wait,wait,497248,569216,Wait for KV,,,,,,,,,,,
extend_serial_sparse,extend,compute,attention,569216,689888,Sparse MLA,61.148593672972204,,,,,,,,,,
extend_serial_sparse,extend,compute,finish,689888,893088,Output + norm + MLP,33.77698629308527,,,,,,,,,,
extend_oracle_sparse,extend,compute,projection,0,143040,Norm + projection,8.746467493644367,,,,,,,,,,
extend_oracle_sparse,extend,io,h2d,143040,215008,Exact-set H2D (oracle),,3312000,46.020453534904405,,,,,,,,
extend_oracle_sparse,extend,compute,index,143040,413856,Indexer,25.669472555296284,,,,,,,,,,
extend_oracle_sparse,extend,compute,topk,413856,497248,Exact top-k,,,,,,,,,,,
extend_oracle_sparse,extend,compute,attention,497248,617920,Sparse MLA,61.148593672972204,,,,,,,,,,
extend_oracle_sparse,extend,compute,finish,617920,821120,Output + norm + MLP,33.77698629308527,,,,,,,,,,
extend_echo_measured,extend,compute,projection,0,143040,Norm + projection,8.746467493644367,,,,,,,,,,
extend_echo_measured,extend,fused,fused,143040,918815,Indexer + fused prefetch,8.960979510212521,3002112,,3.869823080145661,,,,,,,
extend_echo_measured,extend,compute,cleanup,918815,932414,Causal score mask,,,,,,,,,,,
extend_echo_measured,extend,compute,topk,932414,1015806,Exact top-k,,,,,,,,,,,
extend_echo_measured,extend,io,h2d,1015806,1026814,Residual exact recall,,309888,28.151162790697676,,,,,,,,
extend_echo_measured,extend,wait,wait,1015806,1026814,Wait for residual KV,,,,,,,,,,,
extend_echo_measured,extend,compute,attention,1026814,1147486,Sparse MLA,61.148593672972204,,,,,,,,,,
extend_echo_measured,extend,compute,finish,1147486,1350686,Output + norm + MLP,33.77698629308527,,,,,,,,,,
extend_dense_prefetch,extend,compute,projection,0,143040,Norm + projection,8.746467493644367,,,,,,,,,,
extend_dense_prefetch,extend,compute,index,143040,413856,Indexer,25.669472555296284,,,,,,,,,,
extend_dense_prefetch,extend,compute,topk,413856,497248,Exact top-k,,,,,,,,,,,
extend_dense_prefetch,extend,wait,wait,497248,1046271,Wait for KV,,,,,,,,,,,
extend_dense_prefetch,extend,compute,attention,1046271,1166943,Sparse MLA,61.148593672972204,,,,,,,,,,
extend_dense_prefetch,extend,compute,finish,1166943,1370143,Output + norm + MLP,33.77698629308527,,,,,,,,,,
extend_dense_prefetch,extend,io,h2d,0,1046271,L1 fetch remainder,,,,,current_layer,1,-328223,1046271,1374494,75497472,54.92746567100329
extend_dense_prefetch,extend,io,h2d,1046271,1370143,L2 fetch beginning,,,,,next_layer_context,2,1046271,2420701,1374430,75497472,54.93002335513631
