operator,run_id,case,layer,context_tokens,method,execution,gpu_us_median,gpu_us_min,gpu_us_max,wall_us_median,batches,calls_per_batch,wrapper_warmups
attention,q1_attention_bench_20261008_01,kernel_inputs_layer_0.pt,0,65537,prefill,eager,55.368638038635254,55.346879959106445,55.422401428222656,55.53616,7,100,20
attention,q1_attention_bench_20261008_01,kernel_inputs_layer_0.pt,0,65537,prefill,graph,54.93887901306152,54.92991924285889,54.955201148986816,55.11305,7,100,20
attention,q1_attention_bench_20261008_01,kernel_inputs_layer_0.pt,0,65537,decode,eager,54.85568046569824,54.518399238586426,55.944318771362305,55.02169,7,100,20
attention,q1_attention_bench_20261008_01,kernel_inputs_layer_0.pt,0,65537,decode,graph,15.37343978881836,15.34335970878601,15.386240482330322,15.53057,7,100,20
attention,q1_attention_bench_20261008_01,kernel_inputs_layer_1.pt,1,65537,prefill,eager,55.301761627197266,55.283517837524414,55.34527778625488,55.46229,7,100,20
attention,q1_attention_bench_20261008_01,kernel_inputs_layer_1.pt,1,65537,prefill,graph,54.98976230621338,54.975361824035645,54.997758865356445,55.14916,7,100,20
attention,q1_attention_bench_20261008_01,kernel_inputs_layer_1.pt,1,65537,decode,eager,54.912638664245605,54.64992046356201,55.112318992614746,55.08207,7,100,20
attention,q1_attention_bench_20261008_01,kernel_inputs_layer_1.pt,1,65537,decode,graph,15.444159507751465,15.440000295639038,15.461119413375854,15.602929999999999,7,100,20
attention,q1_attention_bench_20261008_01,kernel_inputs_layer_2.pt,2,65537,prefill,eager,55.290560722351074,55.26591777801514,55.32544136047363,55.45589,7,100,20
attention,q1_attention_bench_20261008_01,kernel_inputs_layer_2.pt,2,65537,prefill,graph,54.91648197174072,54.912638664245605,54.93472099304199,55.0747,7,100,20
attention,q1_attention_bench_20261008_01,kernel_inputs_layer_2.pt,2,65537,decode,eager,54.87232208251953,54.53216075897217,55.40192127227783,55.04872,7,100,20
attention,q1_attention_bench_20261008_01,kernel_inputs_layer_2.pt,2,65537,decode,graph,15.552959442138672,15.545920133590698,15.566719770431519,15.70783,7,100,20
