block_budget,estimate_run_id,layer,kv_head,coverage_pct,head_class,selected_union_bytes,full_kv_bytes,fetch_bytes
32,estimate32_h200_pcie50_20260928_01,0,0,11.538461538461538,sparse,3932160,34078720,3932160
32,estimate32_h200_pcie50_20260928_01,0,1,10.961538461538462,sparse,3735552,34078720,3735552
32,estimate32_h200_pcie50_20260928_01,1,0,19.71153846153846,sparse,6717440,34078720,6717440
32,estimate32_h200_pcie50_20260928_01,1,1,16.057692307692307,sparse,5472256,34078720,5472256
32,estimate32_h200_pcie50_20260928_01,2,0,18.557692307692307,sparse,6324224,34078720,6324224
32,estimate32_h200_pcie50_20260928_01,2,1,14.615384615384615,sparse,4980736,34078720,4980736
32,estimate32_h200_pcie50_20260928_01,3,0,26.346153846153847,sparse,8978432,34078720,8978432
32,estimate32_h200_pcie50_20260928_01,3,1,18.173076923076923,sparse,6193152,34078720,6193152
32,estimate32_h200_pcie50_20260928_01,4,0,17.01923076923077,sparse,5799936,34078720,5799936
32,estimate32_h200_pcie50_20260928_01,4,1,16.153846153846153,sparse,5505024,34078720,5505024
32,estimate32_h200_pcie50_20260928_01,5,0,14.134615384615385,sparse,4816896,34078720,4816896
32,estimate32_h200_pcie50_20260928_01,5,1,15.192307692307692,sparse,5177344,34078720,5177344
32,estimate32_h200_pcie50_20260928_01,6,0,16.73076923076923,sparse,5701632,34078720,5701632
32,estimate32_h200_pcie50_20260928_01,6,1,26.53846153846154,sparse,9043968,34078720,9043968
32,estimate32_h200_pcie50_20260928_01,7,0,14.807692307692308,sparse,5046272,34078720,5046272
32,estimate32_h200_pcie50_20260928_01,7,1,19.807692307692307,sparse,6750208,34078720,6750208
32,estimate32_h200_pcie50_20260928_01,8,0,14.423076923076923,sparse,4915200,34078720,4915200
32,estimate32_h200_pcie50_20260928_01,8,1,16.25,sparse,5537792,34078720,5537792
32,estimate32_h200_pcie50_20260928_01,9,0,50.57692307692308,dense,17235968,34078720,34078720
32,estimate32_h200_pcie50_20260928_01,9,1,20.96153846153846,sparse,7143424,34078720,7143424
32,estimate32_h200_pcie50_20260928_01,10,0,13.461538461538462,sparse,4587520,34078720,4587520
32,estimate32_h200_pcie50_20260928_01,10,1,15.961538461538462,sparse,5439488,34078720,5439488
32,estimate32_h200_pcie50_20260928_01,11,0,28.46153846153846,sparse,9699328,34078720,9699328
32,estimate32_h200_pcie50_20260928_01,11,1,12.788461538461538,sparse,4358144,34078720,4358144
32,estimate32_h200_pcie50_20260928_01,12,0,15.48076923076923,sparse,5275648,34078720,5275648
32,estimate32_h200_pcie50_20260928_01,12,1,14.51923076923077,sparse,4947968,34078720,4947968
32,estimate32_h200_pcie50_20260928_01,13,0,36.53846153846154,dense,12451840,34078720,34078720
32,estimate32_h200_pcie50_20260928_01,13,1,21.057692307692307,sparse,7176192,34078720,7176192
32,estimate32_h200_pcie50_20260928_01,14,0,16.057692307692307,sparse,5472256,34078720,5472256
32,estimate32_h200_pcie50_20260928_01,14,1,16.53846153846154,sparse,5636096,34078720,5636096
32,estimate32_h200_pcie50_20260928_01,15,0,21.923076923076923,sparse,7471104,34078720,7471104
32,estimate32_h200_pcie50_20260928_01,15,1,13.846153846153847,sparse,4718592,34078720,4718592
32,estimate32_h200_pcie50_20260928_01,16,0,73.26923076923077,dense,24969216,34078720,34078720
32,estimate32_h200_pcie50_20260928_01,16,1,17.115384615384617,sparse,5832704,34078720,5832704
32,estimate32_h200_pcie50_20260928_01,17,0,16.53846153846154,sparse,5636096,34078720,5636096
32,estimate32_h200_pcie50_20260928_01,17,1,16.057692307692307,sparse,5472256,34078720,5472256
32,estimate32_h200_pcie50_20260928_01,18,0,45.19230769230769,dense,15400960,34078720,34078720
32,estimate32_h200_pcie50_20260928_01,18,1,60.19230769230769,dense,20512768,34078720,34078720
32,estimate32_h200_pcie50_20260928_01,19,0,33.84615384615385,dense,11534336,34078720,34078720
32,estimate32_h200_pcie50_20260928_01,19,1,13.173076923076923,sparse,4489216,34078720,4489216
32,estimate32_h200_pcie50_20260928_01,20,0,17.884615384615383,sparse,6094848,34078720,6094848
32,estimate32_h200_pcie50_20260928_01,20,1,22.01923076923077,sparse,7503872,34078720,7503872
32,estimate32_h200_pcie50_20260928_01,21,0,18.365384615384617,sparse,6258688,34078720,6258688
32,estimate32_h200_pcie50_20260928_01,21,1,19.03846153846154,sparse,6488064,34078720,6488064
32,estimate32_h200_pcie50_20260928_01,22,0,75.1923076923077,dense,25624576,34078720,34078720
32,estimate32_h200_pcie50_20260928_01,22,1,17.21153846153846,sparse,5865472,34078720,5865472
32,estimate32_h200_pcie50_20260928_01,23,0,75.76923076923077,dense,25821184,34078720,34078720
32,estimate32_h200_pcie50_20260928_01,23,1,54.51923076923077,dense,18579456,34078720,34078720
32,estimate32_h200_pcie50_20260928_01,24,0,20.0,sparse,6815744,34078720,6815744
32,estimate32_h200_pcie50_20260928_01,24,1,40.19230769230769,dense,13697024,34078720,34078720
32,estimate32_h200_pcie50_20260928_01,25,0,40.09615384615385,dense,13664256,34078720,34078720
32,estimate32_h200_pcie50_20260928_01,25,1,20.76923076923077,sparse,7077888,34078720,7077888
32,estimate32_h200_pcie50_20260928_01,26,0,52.98076923076923,dense,18055168,34078720,34078720
32,estimate32_h200_pcie50_20260928_01,26,1,43.26923076923077,dense,14745600,34078720,34078720
32,estimate32_h200_pcie50_20260928_01,27,0,15.576923076923077,sparse,5308416,34078720,5308416
32,estimate32_h200_pcie50_20260928_01,27,1,16.057692307692307,sparse,5472256,34078720,5472256
32,estimate32_h200_pcie50_20260928_01,28,0,17.78846153846154,sparse,6062080,34078720,6062080
32,estimate32_h200_pcie50_20260928_01,28,1,29.807692307692307,sparse,10158080,34078720,10158080
32,estimate32_h200_pcie50_20260928_01,29,0,14.423076923076923,sparse,4915200,34078720,4915200
32,estimate32_h200_pcie50_20260928_01,29,1,44.61538461538461,dense,15204352,34078720,34078720
32,estimate32_h200_pcie50_20260928_01,30,0,30.192307692307693,dense,10289152,34078720,34078720
32,estimate32_h200_pcie50_20260928_01,30,1,19.134615384615383,sparse,6520832,34078720,6520832
32,estimate32_h200_pcie50_20260928_01,31,0,16.442307692307693,sparse,5603328,34078720,5603328
32,estimate32_h200_pcie50_20260928_01,31,1,18.557692307692307,sparse,6324224,34078720,6324224
64,estimate64_h200_pcie50_20260928_01,0,0,20.096153846153847,sparse,6848512,34078720,6848512
64,estimate64_h200_pcie50_20260928_01,0,1,14.134615384615385,sparse,4816896,34078720,4816896
64,estimate64_h200_pcie50_20260928_01,1,0,22.403846153846153,sparse,7634944,34078720,7634944
64,estimate64_h200_pcie50_20260928_01,1,1,26.53846153846154,sparse,9043968,34078720,9043968
64,estimate64_h200_pcie50_20260928_01,2,0,30.192307692307693,dense,10289152,34078720,34078720
64,estimate64_h200_pcie50_20260928_01,2,1,21.25,sparse,7241728,34078720,7241728
64,estimate64_h200_pcie50_20260928_01,3,0,38.17307692307692,dense,13008896,34078720,34078720
64,estimate64_h200_pcie50_20260928_01,3,1,29.03846153846154,sparse,9895936,34078720,9895936
64,estimate64_h200_pcie50_20260928_01,4,0,31.442307692307693,dense,10715136,34078720,34078720
64,estimate64_h200_pcie50_20260928_01,4,1,25.865384615384617,sparse,8814592,34078720,8814592
64,estimate64_h200_pcie50_20260928_01,5,0,26.53846153846154,sparse,9043968,34078720,9043968
64,estimate64_h200_pcie50_20260928_01,5,1,21.057692307692307,sparse,7176192,34078720,7176192
64,estimate64_h200_pcie50_20260928_01,6,0,26.826923076923077,sparse,9142272,34078720,9142272
64,estimate64_h200_pcie50_20260928_01,6,1,46.25,dense,15761408,34078720,34078720
64,estimate64_h200_pcie50_20260928_01,7,0,29.615384615384617,sparse,10092544,34078720,10092544
64,estimate64_h200_pcie50_20260928_01,7,1,26.634615384615383,sparse,9076736,34078720,9076736
64,estimate64_h200_pcie50_20260928_01,8,0,27.307692307692307,sparse,9306112,34078720,9306112
64,estimate64_h200_pcie50_20260928_01,8,1,24.903846153846153,sparse,8486912,34078720,8486912
64,estimate64_h200_pcie50_20260928_01,9,0,82.21153846153847,dense,28016640,34078720,34078720
64,estimate64_h200_pcie50_20260928_01,9,1,32.98076923076923,dense,11239424,34078720,34078720
64,estimate64_h200_pcie50_20260928_01,10,0,15.192307692307692,sparse,5177344,34078720,5177344
64,estimate64_h200_pcie50_20260928_01,10,1,28.942307692307693,sparse,9863168,34078720,9863168
64,estimate64_h200_pcie50_20260928_01,11,0,42.21153846153846,dense,14385152,34078720,34078720
64,estimate64_h200_pcie50_20260928_01,11,1,20.096153846153847,sparse,6848512,34078720,6848512
64,estimate64_h200_pcie50_20260928_01,12,0,24.51923076923077,sparse,8355840,34078720,8355840
64,estimate64_h200_pcie50_20260928_01,12,1,29.71153846153846,sparse,10125312,34078720,10125312
64,estimate64_h200_pcie50_20260928_01,13,0,55.0,dense,18743296,34078720,34078720
64,estimate64_h200_pcie50_20260928_01,13,1,31.53846153846154,dense,10747904,34078720,34078720
64,estimate64_h200_pcie50_20260928_01,14,0,27.78846153846154,sparse,9469952,34078720,9469952
64,estimate64_h200_pcie50_20260928_01,14,1,25.384615384615383,sparse,8650752,34078720,8650752
64,estimate64_h200_pcie50_20260928_01,15,0,32.11538461538461,dense,10944512,34078720,34078720
64,estimate64_h200_pcie50_20260928_01,15,1,16.153846153846153,sparse,5505024,34078720,5505024
64,estimate64_h200_pcie50_20260928_01,16,0,94.13461538461539,dense,32079872,34078720,34078720
64,estimate64_h200_pcie50_20260928_01,16,1,27.78846153846154,sparse,9469952,34078720,9469952
64,estimate64_h200_pcie50_20260928_01,17,0,32.88461538461539,dense,11206656,34078720,34078720
64,estimate64_h200_pcie50_20260928_01,17,1,27.692307692307693,sparse,9437184,34078720,9437184
64,estimate64_h200_pcie50_20260928_01,18,0,66.15384615384616,dense,22544384,34078720,34078720
64,estimate64_h200_pcie50_20260928_01,18,1,81.92307692307692,dense,27918336,34078720,34078720
64,estimate64_h200_pcie50_20260928_01,19,0,49.71153846153846,dense,16941056,34078720,34078720
64,estimate64_h200_pcie50_20260928_01,19,1,26.057692307692307,sparse,8880128,34078720,8880128
64,estimate64_h200_pcie50_20260928_01,20,0,28.942307692307693,sparse,9863168,34078720,9863168
64,estimate64_h200_pcie50_20260928_01,20,1,32.69230769230769,dense,11141120,34078720,34078720
64,estimate64_h200_pcie50_20260928_01,21,0,26.153846153846153,sparse,8912896,34078720,8912896
64,estimate64_h200_pcie50_20260928_01,21,1,28.46153846153846,sparse,9699328,34078720,9699328
64,estimate64_h200_pcie50_20260928_01,22,0,94.03846153846153,dense,32047104,34078720,34078720
64,estimate64_h200_pcie50_20260928_01,22,1,27.884615384615383,sparse,9502720,34078720,9502720
64,estimate64_h200_pcie50_20260928_01,23,0,91.53846153846153,dense,31195136,34078720,34078720
64,estimate64_h200_pcie50_20260928_01,23,1,71.73076923076923,dense,24444928,34078720,34078720
64,estimate64_h200_pcie50_20260928_01,24,0,29.23076923076923,sparse,9961472,34078720,9961472
64,estimate64_h200_pcie50_20260928_01,24,1,60.09615384615385,dense,20480000,34078720,34078720
64,estimate64_h200_pcie50_20260928_01,25,0,58.75,dense,20021248,34078720,34078720
64,estimate64_h200_pcie50_20260928_01,25,1,35.19230769230769,dense,11993088,34078720,34078720
64,estimate64_h200_pcie50_20260928_01,26,0,68.84615384615384,dense,23461888,34078720,34078720
64,estimate64_h200_pcie50_20260928_01,26,1,62.98076923076923,dense,21463040,34078720,34078720
64,estimate64_h200_pcie50_20260928_01,27,0,29.326923076923077,sparse,9994240,34078720,9994240
64,estimate64_h200_pcie50_20260928_01,27,1,30.28846153846154,dense,10321920,34078720,34078720
64,estimate64_h200_pcie50_20260928_01,28,0,25.576923076923077,sparse,8716288,34078720,8716288
64,estimate64_h200_pcie50_20260928_01,28,1,44.90384615384615,dense,15302656,34078720,34078720
64,estimate64_h200_pcie50_20260928_01,29,0,21.826923076923077,sparse,7438336,34078720,7438336
64,estimate64_h200_pcie50_20260928_01,29,1,68.17307692307692,dense,23232512,34078720,34078720
64,estimate64_h200_pcie50_20260928_01,30,0,42.78846153846154,dense,14581760,34078720,34078720
64,estimate64_h200_pcie50_20260928_01,30,1,30.76923076923077,dense,10485760,34078720,34078720
64,estimate64_h200_pcie50_20260928_01,31,0,26.25,sparse,8945664,34078720,8945664
64,estimate64_h200_pcie50_20260928_01,31,1,30.76923076923077,dense,10485760,34078720,34078720
