run_id,mode,population,visited_users,requests,retained_user_capacity,all_mean_ms,revisit_mean_ms,revisit_p50_ms,revisit_p95_ms,revisit_p99_ms,revisit_hit_fraction,revisit_reprefills,prefill_total_s,all_service_s,h2d_mla_gib,h2d_mla_mib_per_request,d2h_mla_gib,peak_sampled_nvml_gib,peak_torch_allocated_gib,peak_torch_reserved_gib,first_visit_p50_ms,prefill_count,prefix_evictions,host_cache_capacity_users,peak_pinned_reserved_gib,peak_cpu_cache_metadata_mib,process_peak_rss_gib
five_layer_fixed512_20261001_u64_dense_prefetch_r1,dense_prefetch,64,64,512,128,563.4261078183594,104.17060175223214,101.4943205,121.84941664999951,149.53798454,1.0,0,235.123483921,288.474167203,,,25.3125,39.33087158203125,31.61423921585083,38.080078125,3673.847766,64,0,128,64.2500000121072,208.07630920410156,67.80516052246094
five_layer_fixed512_20261001_u64_echo_gr_adapted_r1,echo_gr_adapted,64,64,512,128,537.0773452402344,75.36625675,75.287599,76.48602340000001,77.41177899999998,1.0,0,235.94860198100002,274.983600763,,,25.3125,39.22149658203125,31.436988830566406,37.96875,3772.0313615,64,0,128,64.0000000121072,208.07630920410156,67.5572509765625
five_layer_fixed512_20261001_u64_resident_r1,resident,64,64,512,93,375.36578631054687,52.97514970535714,52.904123,53.7520177,54.40937861,1.0,0,164.992340131,192.18728259099998,,,0.0,69.78399658203125,62.20271635055542,68.658203125,2620.7029645,64,0,0,1.210719347000122e-08,64.05763244628906,10.878604888916016
five_layer_fixed512_20261001_u64_sparse_sync_r1,sparse_sync,64,64,512,128,443.78608966601564,62.070462031249996,61.983495500000004,63.2490975,63.95983552,1.0,0,195.319159583,227.218477909,,,25.3125,39.21954345703125,31.438205242156982,37.966796875,3108.8989764999997,64,0,128,64.0000000121072,208.07630920410156,67.52934265136719
five_layer_fixed512_20261001_u128_dense_prefetch_r1,dense_prefetch,128,115,512,128,881.1095853847656,98.52183644080606,98.231412,101.1253914,102.63329364,1.0,0,400.706106496,451.12810771700003,,,43.2421875,39.22930908203125,31.638874053955078,37.978515625,3582.160219,115,0,128,64.2500000121072,259.1260814666748,67.82344436645508
five_layer_fixed512_20261001_u128_echo_gr_adapted_r1,echo_gr_adapted,128,115,512,128,909.1230608046875,75.96603314105793,75.89885,77.4590444,78.04572048,1.0,0,425.786542219,465.471007132,,,43.2421875,39.24298095703125,31.461623668670654,37.990234375,3789.586513,115,0,128,64.0000000121072,259.1260814666748,67.59110260009766
five_layer_fixed512_20261001_u128_resident_r1,resident,128,115,512,93,768.6484485566406,228.95085007808567,53.147368,2635.835918,2639.7031534400003,0.9319899244332494,27,366.097930251,393.548005661,,,0.0,69.79962158203125,62.21672439575195,68.673828125,2633.145475,142,49,0,1.210719347000122e-08,93.09276008605957,10.878650665283203
five_layer_fixed512_20261001_u128_sparse_sync_r1,sparse_sync,128,115,512,128,766.31846728125,65.59177295717883,63.003938,75.83450479999999,76.55364604000002,1.0,0,358.38864911900004,392.35505524800004,,,43.2421875,39.24493408203125,31.46284008026123,37.9921875,3175.143833,115,0,128,64.0000000121072,259.1260814666748,67.5578727722168
five_layer_fixed512_20261001_u256_dense_prefetch_r1,dense_prefetch,256,204,512,128,2427.818888560547,954.4471458181818,178.6180725,5805.5600948500005,5862.3738194200005,0.8311688311688312,52,1171.92926535,1243.043270943,,,92.8125,39.36016845703125,31.645153522491455,38.109375,4028.614058,256,128,128,64.2500000121072,272.16505432128906,67.83377456665039
five_layer_fixed512_20261001_u256_echo_gr_adapted_r1,echo_gr_adapted,256,204,512,128,1979.692159267578,725.3947173863637,87.9668455,3959.4566421,3969.55764499,0.8311688311688312,52,969.222985188,1013.602385545,,,92.8125,39.37579345703125,31.46790313720703,38.123046875,3899.575312,256,128,128,64.0000000121072,272.16505432128906,67.59645080566406
five_layer_fixed512_20261001_u256_resident_r1,resident,256,204,512,93,1566.419288029297,859.1631996980518,53.982704999999996,2640.33531065,2641.6379920599998,0.6883116883116883,96,774.0298440519999,802.006675471,,,0.0,69.79962158203125,62.21672439575195,68.673828125,2635.4428415,300,207,0,1.210719347000122e-08,93.12307929992676,10.883686065673828
five_layer_fixed512_20261001_u256_sparse_sync_r1,sparse_sync,256,204,512,128,1592.181048267578,582.4687058571428,63.229356,3123.7511589,3126.15994676,0.8311688311688312,52,782.675479421,815.1966967129999,,,92.8125,39.24884033203125,31.469119548797607,37.99609375,3119.273518,256,128,128,64.0000000121072,272.16505432128906,67.56615829467773
five_layer_fixed512_20261001_u384_dense_prefetch_r1,dense_prefetch,384,238,512,128,2227.972591451172,1004.2320238941605,101.929371,3655.0365355,3669.1238399500003,0.7445255474452555,70,1088.70204479,1140.721966823,,,111.09375,39.23321533203125,31.645153522491455,37.982421875,3625.8332444999996,308,180,128,64.2500000121072,272.16505432128906,67.82828521728516
five_layer_fixed512_20261001_u384_echo_gr_adapted_r1,echo_gr_adapted,384,238,512,128,2305.5239040273436,1024.7119863357664,76.4996725,3792.142801,3795.37579076,0.7445255474452555,70,1139.0791198279999,1180.428238862,,,111.09375,39.25274658203125,31.46790313720703,38.0,3784.819922,308,180,128,64.0000000121072,272.16505432128906,67.60088729858398
five_layer_fixed512_20261001_u384_resident_r1,resident,384,238,512,93,1814.3036561308593,1103.8634923065692,54.06849750000001,2642.9582628,2644.8512205800002,0.5948905109489051,111,901.0326261099999,928.9234719389999,,,0.0,69.79962158203125,62.21672439575195,68.673828125,2637.8216955,349,256,0,1.210719347000122e-08,93.12307929992676,10.87784194946289
five_layer_fixed512_20261001_u384_sparse_sync_r1,sparse_sync,384,238,512,128,1899.9419340839843,846.0669551167883,63.511630999999994,3120.2852445500002,3122.69497411,0.7445255474452555,70,940.063008424,972.7702702509999,,,111.09375,39.37774658203125,31.469119548797607,38.125,3115.7847604999997,308,180,128,64.0000000121072,272.16505432128906,67.60257339477539
