layer,dense_attention_flops,sparse_attention_flops,attention_flops_ratio,projection_flops,dense_attention_mfu_pct,dense_attention_gpu_ms,dense_layer_gpu_ms,other_gpu_ms,sparse_attention_gpu_ms,sparse_layer_gpu_ms,sparse_union_bytes,full_kv_bytes,sparse_fetch_ms,full_fetch_ms,prefix_sparse_fetch_ms,prefix_full_fetch_ms
0,1108109950976,33831256064,0.030530594941595948,485331304448,60.937437891829816,1.838664,2.589931,0.7512669999999999,0.056135505817694574,0.8074025058176945,7667712,68157440,0.15335424,1.3631488,0.13238272,1.34217728
1,1108109950976,33831256064,0.030530594941595948,485331304448,61.699850493155836,1.815944,2.5667,0.750756,0.05544185070062151,0.8061978507006214,12189696,68157440,0.24379392,1.3631488,0.2228224,1.34217728
2,1108109950976,33831256064,0.030530594941595948,485331304448,61.945456794296696,1.808744,2.551052,0.742308,0.05522203041704202,0.797530030417042,11304960,68157440,0.2260992,1.3631488,0.20512768,1.34217728
3,1108109950976,33831256064,0.030530594941595948,485331304448,62.42807443662046,1.794761,2.533516,0.738755,0.05479512110797369,0.7935501211079737,15171584,68157440,0.30343168,1.3631488,0.28246016,1.34217728
4,1108109950976,33831256064,0.030530594941595948,485331304448,62.41583304446203,1.795113,2.534988,0.7398749999999998,0.054805867877393125,0.794680867877393,11304960,68157440,0.2260992,1.3631488,0.20512768,1.34217728
5,1108109950976,33831256064,0.030530594941595948,485331304448,62.411417584246884,1.79524,2.533643,0.7384030000000001,0.05480974526295071,0.7932127452629508,9994240,68157440,0.1998848,1.3631488,0.17891328,1.34217728
6,1108109950976,33831256064,0.030530594941595948,485331304448,62.42365724432018,1.794888,2.529676,0.7347879999999998,0.05479899849353127,0.7895869984935311,14745600,68157440,0.294912,1.3631488,0.27394048,1.34217728
7,1108109950976,33831256064,0.030530594941595948,485331304448,62.9171760160373,1.780809,2.5159160000000003,0.7351070000000002,0.05436915824734854,0.7894761582473487,11796480,68157440,0.2359296,1.3631488,0.21495808,1.34217728
8,1108109950976,33831256064,0.030530594941595948,485331304448,62.99645181063832,1.778568,2.511275,0.732707,0.05430073918408442,0.7870077391840844,10452992,68157440,0.20905984,1.3631488,0.18808832,1.34217728
9,1108109950976,33831256064,0.030530594941595948,485331304448,63.07248342959979,1.776424,2.508684,0.7322600000000001,0.05423528158852964,0.7864952815885298,24379392,68157440,0.48758784,1.3631488,0.46661632,1.34217728
10,1108109950976,33831256064,0.030530594941595948,485331304448,63.05086810652553,1.777033,2.510284,0.7332509999999999,0.054253874720849075,0.787504874720849,10027008,68157440,0.20054016,1.3631488,0.17956864,1.34217728
11,1108109950976,33831256064,0.030530594941595948,485331304448,63.03274253911204,1.777544,2.510411,0.7328669999999999,0.054269475854864226,0.7871364758548641,14057472,68157440,0.28114944,1.3631488,0.26017792,1.34217728
12,1108109950976,33831256064,0.030530594941595948,485331304448,63.08498377540065,1.776072,2.508588,0.732516,0.0542245348191102,0.7867405348191101,10223616,68157440,0.20447232,1.3631488,0.1835008,1.34217728
13,1108109950976,33831256064,0.030530594941595948,485331304448,63.04178628458477,1.777289,2.510348,0.7330590000000001,0.05426169055315412,0.7873206905531542,19628032,68157440,0.39256064,1.3631488,0.37158912,1.34217728
14,1108109950976,33831256064,0.030530594941595948,485331304448,63.06566714694868,1.776616,2.508298,0.7316819999999999,0.05424114346275843,0.7859231434627584,11108352,68157440,0.22216704,1.3631488,0.20119552,1.34217728
15,1108109950976,33831256064,0.030530594941595948,485331304448,63.08498377540065,1.776072,2.516748,0.7406760000000001,0.0542245348191102,0.7949005348191103,12189696,68157440,0.24379392,1.3631488,0.2228224,1.34217728
16,1108109950976,33831256064,0.030530594941595948,485331304448,62.699727923817704,1.786985,2.5267,0.7397149999999999,0.05455771520170784,0.7942727152017077,30801920,68157440,0.6160384,1.3631488,0.59506688,1.34217728
17,1108109950976,33831256064,0.030530594941595948,485331304448,62.82914932279823,1.783304,2.517548,0.7342440000000001,0.05444533208172782,0.788689332081728,11108352,68157440,0.22216704,1.3631488,0.20119552,1.34217728
18,1108109950976,33831256064,0.030530594941595948,485331304448,62.9930516971971,1.778664,2.5136760000000002,0.7350120000000002,0.05430367012119881,0.7893156701211991,35913728,68157440,0.71827456,1.3631488,0.69730304,1.34217728
19,1108109950976,33831256064,0.030530594941595948,485331304448,62.97492395577693,1.779176,2.513452,0.7342759999999999,0.05431930178580892,0.7885953017858088,16023552,68157440,0.32047104,1.3631488,0.29949952,1.34217728
20,1108109950976,33831256064,0.030530594941595948,485331304448,62.91947259344598,1.780744,2.515852,0.7351080000000001,0.05436717375867734,0.7894751737586775,13598720,68157440,0.2719744,1.3631488,0.25100288,1.34217728
21,1108109950976,33831256064,0.030530594941595948,485331304448,62.847193224977104,1.782792,2.5181869999999997,0.7353949999999998,0.05442970041711772,0.7898247004171175,12746752,68157440,0.25493504,1.3631488,0.23396352,1.34217728
22,1108109950976,33831256064,0.030530594941595948,485331304448,63.048632884179234,1.777096,2.512556,0.73546,0.05425579814833039,0.7897157981483304,31490048,68157440,0.62980096,1.3631488,0.60882944,1.34217728
23,1108109950976,33831256064,0.030530594941595948,485331304448,62.97262332867969,1.779241,2.513772,0.7345309999999998,0.054321286274480116,0.7888522862744799,44400640,68157440,0.8880128,1.3631488,0.86704128,1.34217728
24,1108109950976,33831256064,0.030530594941595948,485331304448,62.86863382453404,1.782184,2.51841,0.7362259999999998,0.05441113781539323,0.790637137815393,20512768,68157440,0.41025536,1.3631488,0.38928384,1.34217728
25,1108109950976,33831256064,0.030530594941595948,485331304448,62.95341080936978,1.779784,2.514156,0.7343719999999998,0.0543378643875334,0.7887098643875332,20742144,68157440,0.41484288,1.3631488,0.39387136,1.34217728
26,1108109950976,33831256064,0.030530594941595948,485331304448,62.853927100873044,1.782601,2.5190200000000003,0.7364190000000002,0.054423869073483885,0.790842869073484,32800768,68157440,0.65601536,1.3631488,0.63504384,1.34217728
27,1108109950976,33831256064,0.030530594941595948,485331304448,62.943225500959166,1.780072,2.516747,0.736675,0.05434665719887659,0.7910216571988765,10780672,68157440,0.21561344,1.3631488,0.19464192,1.34217728
28,1108109950976,33831256064,0.030530594941595948,485331304448,62.93756842026398,1.780232,2.515116,0.7348839999999999,0.054351542094067236,0.7892355420940671,16220160,68157440,0.3244032,1.3631488,0.30343168,1.34217728
29,1108109950976,33831256064,0.030530594941595948,485331304448,62.97488856024071,1.779177,2.513548,0.7343710000000001,0.05431933231640385,0.788690332316404,20119552,68157440,0.40239104,1.3631488,0.38141952,1.34217728
30,1108109950976,33831256064,0.030530594941595948,485331304448,63.198850962699716,1.772872,2.504299,0.731427,0.05412683691529709,0.7855538369152971,16809984,68157440,0.33619968,1.3631488,0.31522816,1.34217728
31,1108109950976,33831256064,0.030530594941595948,485331304448,63.54754535304171,1.763144,2.4959160000000002,0.7327720000000002,0.05382983528770525,0.7866018352877054,11927552,68157440,0.23855104,1.3631488,0.21757952,1.34217728
