layer,union_blocks,union_bytes,union_mib,kv_cache_bytes,fraction,prefix_union_blocks,prefix_union_bytes,prefix_kv_cache_bytes,prefix_fraction,candidate_union_blocks,candidate_union_bytes,candidate_kv_cache_bytes,candidate_fraction
0,234,7667712,7.3125,68157440,0.1125,202,6619136,67108864,0.0986328125,32,1048576,1048576,1.0
1,372,12189696,11.625,68157440,0.17884615384615385,340,11141120,67108864,0.166015625,32,1048576,1048576,1.0
2,345,11304960,10.78125,68157440,0.1658653846153846,313,10256384,67108864,0.15283203125,32,1048576,1048576,1.0
3,463,15171584,14.46875,68157440,0.22259615384615383,431,14123008,67108864,0.21044921875,32,1048576,1048576,1.0
4,345,11304960,10.78125,68157440,0.1658653846153846,313,10256384,67108864,0.15283203125,32,1048576,1048576,1.0
5,305,9994240,9.53125,68157440,0.1466346153846154,273,8945664,67108864,0.13330078125,32,1048576,1048576,1.0
6,450,14745600,14.0625,68157440,0.21634615384615385,418,13697024,67108864,0.2041015625,32,1048576,1048576,1.0
7,360,11796480,11.25,68157440,0.17307692307692307,328,10747904,67108864,0.16015625,32,1048576,1048576,1.0
8,319,10452992,9.96875,68157440,0.15336538461538463,287,9404416,67108864,0.14013671875,32,1048576,1048576,1.0
9,744,24379392,23.25,68157440,0.3576923076923077,712,23330816,67108864,0.34765625,32,1048576,1048576,1.0
10,306,10027008,9.5625,68157440,0.14711538461538462,274,8978432,67108864,0.1337890625,32,1048576,1048576,1.0
11,429,14057472,13.40625,68157440,0.20625,397,13008896,67108864,0.19384765625,32,1048576,1048576,1.0
12,312,10223616,9.75,68157440,0.15,280,9175040,67108864,0.13671875,32,1048576,1048576,1.0
13,599,19628032,18.71875,68157440,0.2879807692307692,567,18579456,67108864,0.27685546875,32,1048576,1048576,1.0
14,339,11108352,10.59375,68157440,0.16298076923076923,307,10059776,67108864,0.14990234375,32,1048576,1048576,1.0
15,372,12189696,11.625,68157440,0.17884615384615385,340,11141120,67108864,0.166015625,32,1048576,1048576,1.0
16,940,30801920,29.375,68157440,0.4519230769230769,908,29753344,67108864,0.443359375,32,1048576,1048576,1.0
17,339,11108352,10.59375,68157440,0.16298076923076923,307,10059776,67108864,0.14990234375,32,1048576,1048576,1.0
18,1096,35913728,34.25,68157440,0.5269230769230769,1064,34865152,67108864,0.51953125,32,1048576,1048576,1.0
19,489,16023552,15.28125,68157440,0.23509615384615384,457,14974976,67108864,0.22314453125,32,1048576,1048576,1.0
20,415,13598720,12.96875,68157440,0.19951923076923078,383,12550144,67108864,0.18701171875,32,1048576,1048576,1.0
21,389,12746752,12.15625,68157440,0.18701923076923077,357,11698176,67108864,0.17431640625,32,1048576,1048576,1.0
22,961,31490048,30.03125,68157440,0.4620192307692308,929,30441472,67108864,0.45361328125,32,1048576,1048576,1.0
23,1355,44400640,42.34375,68157440,0.6514423076923077,1323,43352064,67108864,0.64599609375,32,1048576,1048576,1.0
24,626,20512768,19.5625,68157440,0.30096153846153845,594,19464192,67108864,0.2900390625,32,1048576,1048576,1.0
25,633,20742144,19.78125,68157440,0.30432692307692305,601,19693568,67108864,0.29345703125,32,1048576,1048576,1.0
26,1001,32800768,31.28125,68157440,0.48125,969,31752192,67108864,0.47314453125,32,1048576,1048576,1.0
27,329,10780672,10.28125,68157440,0.15817307692307692,297,9732096,67108864,0.14501953125,32,1048576,1048576,1.0
28,495,16220160,15.46875,68157440,0.23798076923076922,463,15171584,67108864,0.22607421875,32,1048576,1048576,1.0
29,614,20119552,19.1875,68157440,0.2951923076923077,582,19070976,67108864,0.2841796875,32,1048576,1048576,1.0
30,513,16809984,16.03125,68157440,0.2466346153846154,481,15761408,67108864,0.23486328125,32,1048576,1048576,1.0
31,364,11927552,11.375,68157440,0.175,332,10878976,67108864,0.162109375,32,1048576,1048576,1.0
