layer,kv_head,component,union_blocks,union_bytes,union_mib,kv_cache_bytes,fraction,prefix_union_blocks,prefix_union_bytes,prefix_kv_cache_bytes,prefix_fraction,candidate_union_blocks,candidate_union_bytes,candidate_kv_cache_bytes,candidate_fraction,fetch_ms,prefix_fetch_ms,candidate_fetch_ms
0,0,sink,1,32768,0.03125,34078720,0.0009615384615384616,1,32768,33554432,0.0009765625,0,0,524288,0.0,0.00065536,0.00065536,0.0
0,0,local,31,1015808,0.96875,34078720,0.02980769230769231,15,491520,33554432,0.0146484375,16,524288,524288,1.0,0.02031616,0.0098304,0.01048576
0,0,fixed,32,1048576,1.0,34078720,0.03076923076923077,16,524288,33554432,0.015625,16,524288,524288,1.0,0.02097152,0.01048576,0.01048576
0,0,query_aware,192,6291456,6.0,34078720,0.18461538461538463,192,6291456,33554432,0.1875,0,0,524288,0.0,0.12582912,0.12582912,0.0
0,0,overlap,15,491520,0.46875,34078720,0.014423076923076924,15,491520,33554432,0.0146484375,0,0,524288,0.0,0.0098304,0.0098304,0.0
0,0,query_aware_additional,177,5799936,5.53125,34078720,0.1701923076923077,177,5799936,33554432,0.1728515625,0,0,524288,0.0,0.11599872,0.11599872,0.0
0,0,combined,209,6848512,6.53125,34078720,0.20096153846153847,193,6324224,33554432,0.1884765625,16,524288,524288,1.0,0.13697024,0.12648448,0.01048576
0,1,sink,1,32768,0.03125,34078720,0.0009615384615384616,1,32768,33554432,0.0009765625,0,0,524288,0.0,0.00065536,0.00065536,0.0
0,1,local,31,1015808,0.96875,34078720,0.02980769230769231,15,491520,33554432,0.0146484375,16,524288,524288,1.0,0.02031616,0.0098304,0.01048576
0,1,fixed,32,1048576,1.0,34078720,0.03076923076923077,16,524288,33554432,0.015625,16,524288,524288,1.0,0.02097152,0.01048576,0.01048576
0,1,query_aware,130,4259840,4.0625,34078720,0.125,130,4259840,33554432,0.126953125,0,0,524288,0.0,0.0851968,0.0851968,0.0
0,1,overlap,15,491520,0.46875,34078720,0.014423076923076924,15,491520,33554432,0.0146484375,0,0,524288,0.0,0.0098304,0.0098304,0.0
0,1,query_aware_additional,115,3768320,3.59375,34078720,0.11057692307692307,115,3768320,33554432,0.1123046875,0,0,524288,0.0,0.0753664,0.0753664,0.0
0,1,combined,147,4816896,4.59375,34078720,0.14134615384615384,131,4292608,33554432,0.1279296875,16,524288,524288,1.0,0.09633792000000001,0.08585216,0.01048576
1,0,sink,1,32768,0.03125,34078720,0.0009615384615384616,1,32768,33554432,0.0009765625,0,0,524288,0.0,0.00065536,0.00065536,0.0
1,0,local,31,1015808,0.96875,34078720,0.02980769230769231,15,491520,33554432,0.0146484375,16,524288,524288,1.0,0.02031616,0.0098304,0.01048576
1,0,fixed,32,1048576,1.0,34078720,0.03076923076923077,16,524288,33554432,0.015625,16,524288,524288,1.0,0.02097152,0.01048576,0.01048576
1,0,query_aware,216,7077888,6.75,34078720,0.2076923076923077,216,7077888,33554432,0.2109375,0,0,524288,0.0,0.14155776,0.14155776,0.0
1,0,overlap,15,491520,0.46875,34078720,0.014423076923076924,15,491520,33554432,0.0146484375,0,0,524288,0.0,0.0098304,0.0098304,0.0
1,0,query_aware_additional,201,6586368,6.28125,34078720,0.19326923076923078,201,6586368,33554432,0.1962890625,0,0,524288,0.0,0.13172736,0.13172736,0.0
1,0,combined,233,7634944,7.28125,34078720,0.22403846153846155,217,7110656,33554432,0.2119140625,16,524288,524288,1.0,0.15269888,0.14221312,0.01048576
1,1,sink,1,32768,0.03125,34078720,0.0009615384615384616,1,32768,33554432,0.0009765625,0,0,524288,0.0,0.00065536,0.00065536,0.0
1,1,local,31,1015808,0.96875,34078720,0.02980769230769231,15,491520,33554432,0.0146484375,16,524288,524288,1.0,0.02031616,0.0098304,0.01048576
1,1,fixed,32,1048576,1.0,34078720,0.03076923076923077,16,524288,33554432,0.015625,16,524288,524288,1.0,0.02097152,0.01048576,0.01048576
1,1,query_aware,259,8486912,8.09375,34078720,0.24903846153846154,259,8486912,33554432,0.2529296875,0,0,524288,0.0,0.16973823999999998,0.16973823999999998,0.0
1,1,overlap,15,491520,0.46875,34078720,0.014423076923076924,15,491520,33554432,0.0146484375,0,0,524288,0.0,0.0098304,0.0098304,0.0
1,1,query_aware_additional,244,7995392,7.625,34078720,0.23461538461538461,244,7995392,33554432,0.23828125,0,0,524288,0.0,0.15990784,0.15990784,0.0
1,1,combined,276,9043968,8.625,34078720,0.2653846153846154,260,8519680,33554432,0.25390625,16,524288,524288,1.0,0.18087936,0.1703936,0.01048576
2,0,sink,1,32768,0.03125,34078720,0.0009615384615384616,1,32768,33554432,0.0009765625,0,0,524288,0.0,0.00065536,0.00065536,0.0
2,0,local,31,1015808,0.96875,34078720,0.02980769230769231,15,491520,33554432,0.0146484375,16,524288,524288,1.0,0.02031616,0.0098304,0.01048576
2,0,fixed,32,1048576,1.0,34078720,0.03076923076923077,16,524288,33554432,0.015625,16,524288,524288,1.0,0.02097152,0.01048576,0.01048576
2,0,query_aware,297,9732096,9.28125,34078720,0.28557692307692306,297,9732096,33554432,0.2900390625,0,0,524288,0.0,0.19464192,0.19464192,0.0
2,0,overlap,15,491520,0.46875,34078720,0.014423076923076924,15,491520,33554432,0.0146484375,0,0,524288,0.0,0.0098304,0.0098304,0.0
2,0,query_aware_additional,282,9240576,8.8125,34078720,0.27115384615384613,282,9240576,33554432,0.275390625,0,0,524288,0.0,0.18481152,0.18481152,0.0
2,0,combined,314,10289152,9.8125,34078720,0.3019230769230769,298,9764864,33554432,0.291015625,16,524288,524288,1.0,0.20578304,0.19529728,0.01048576
2,1,sink,1,32768,0.03125,34078720,0.0009615384615384616,1,32768,33554432,0.0009765625,0,0,524288,0.0,0.00065536,0.00065536,0.0
2,1,local,31,1015808,0.96875,34078720,0.02980769230769231,15,491520,33554432,0.0146484375,16,524288,524288,1.0,0.02031616,0.0098304,0.01048576
2,1,fixed,32,1048576,1.0,34078720,0.03076923076923077,16,524288,33554432,0.015625,16,524288,524288,1.0,0.02097152,0.01048576,0.01048576
2,1,query_aware,204,6684672,6.375,34078720,0.19615384615384615,204,6684672,33554432,0.19921875,0,0,524288,0.0,0.13369344,0.13369344,0.0
2,1,overlap,15,491520,0.46875,34078720,0.014423076923076924,15,491520,33554432,0.0146484375,0,0,524288,0.0,0.0098304,0.0098304,0.0
2,1,query_aware_additional,189,6193152,5.90625,34078720,0.18173076923076922,189,6193152,33554432,0.1845703125,0,0,524288,0.0,0.12386304,0.12386304,0.0
2,1,combined,221,7241728,6.90625,34078720,0.2125,205,6717440,33554432,0.2001953125,16,524288,524288,1.0,0.14483456,0.13434880000000002,0.01048576
3,0,sink,1,32768,0.03125,34078720,0.0009615384615384616,1,32768,33554432,0.0009765625,0,0,524288,0.0,0.00065536,0.00065536,0.0
3,0,local,31,1015808,0.96875,34078720,0.02980769230769231,15,491520,33554432,0.0146484375,16,524288,524288,1.0,0.02031616,0.0098304,0.01048576
3,0,fixed,32,1048576,1.0,34078720,0.03076923076923077,16,524288,33554432,0.015625,16,524288,524288,1.0,0.02097152,0.01048576,0.01048576
3,0,query_aware,380,12451840,11.875,34078720,0.36538461538461536,380,12451840,33554432,0.37109375,0,0,524288,0.0,0.2490368,0.2490368,0.0
3,0,overlap,15,491520,0.46875,34078720,0.014423076923076924,15,491520,33554432,0.0146484375,0,0,524288,0.0,0.0098304,0.0098304,0.0
3,0,query_aware_additional,365,11960320,11.40625,34078720,0.35096153846153844,365,11960320,33554432,0.3564453125,0,0,524288,0.0,0.2392064,0.2392064,0.0
3,0,combined,397,13008896,12.40625,34078720,0.3817307692307692,381,12484608,33554432,0.3720703125,16,524288,524288,1.0,0.26017792,0.24969216,0.01048576
3,1,sink,1,32768,0.03125,34078720,0.0009615384615384616,1,32768,33554432,0.0009765625,0,0,524288,0.0,0.00065536,0.00065536,0.0
3,1,local,31,1015808,0.96875,34078720,0.02980769230769231,15,491520,33554432,0.0146484375,16,524288,524288,1.0,0.02031616,0.0098304,0.01048576
3,1,fixed,32,1048576,1.0,34078720,0.03076923076923077,16,524288,33554432,0.015625,16,524288,524288,1.0,0.02097152,0.01048576,0.01048576
3,1,query_aware,285,9338880,8.90625,34078720,0.27403846153846156,285,9338880,33554432,0.2783203125,0,0,524288,0.0,0.1867776,0.1867776,0.0
3,1,overlap,15,491520,0.46875,34078720,0.014423076923076924,15,491520,33554432,0.0146484375,0,0,524288,0.0,0.0098304,0.0098304,0.0
3,1,query_aware_additional,270,8847360,8.4375,34078720,0.25961538461538464,270,8847360,33554432,0.263671875,0,0,524288,0.0,0.1769472,0.1769472,0.0
3,1,combined,302,9895936,9.4375,34078720,0.2903846153846154,286,9371648,33554432,0.279296875,16,524288,524288,1.0,0.19791872,0.18743296,0.01048576
4,0,sink,1,32768,0.03125,34078720,0.0009615384615384616,1,32768,33554432,0.0009765625,0,0,524288,0.0,0.00065536,0.00065536,0.0
4,0,local,31,1015808,0.96875,34078720,0.02980769230769231,15,491520,33554432,0.0146484375,16,524288,524288,1.0,0.02031616,0.0098304,0.01048576
4,0,fixed,32,1048576,1.0,34078720,0.03076923076923077,16,524288,33554432,0.015625,16,524288,524288,1.0,0.02097152,0.01048576,0.01048576
4,0,query_aware,310,10158080,9.6875,34078720,0.2980769230769231,310,10158080,33554432,0.302734375,0,0,524288,0.0,0.2031616,0.2031616,0.0
4,0,overlap,15,491520,0.46875,34078720,0.014423076923076924,15,491520,33554432,0.0146484375,0,0,524288,0.0,0.0098304,0.0098304,0.0
4,0,query_aware_additional,295,9666560,9.21875,34078720,0.28365384615384615,295,9666560,33554432,0.2880859375,0,0,524288,0.0,0.1933312,0.1933312,0.0
4,0,combined,327,10715136,10.21875,34078720,0.3144230769230769,311,10190848,33554432,0.3037109375,16,524288,524288,1.0,0.21430272,0.20381696,0.01048576
4,1,sink,1,32768,0.03125,34078720,0.0009615384615384616,1,32768,33554432,0.0009765625,0,0,524288,0.0,0.00065536,0.00065536,0.0
4,1,local,31,1015808,0.96875,34078720,0.02980769230769231,15,491520,33554432,0.0146484375,16,524288,524288,1.0,0.02031616,0.0098304,0.01048576
4,1,fixed,32,1048576,1.0,34078720,0.03076923076923077,16,524288,33554432,0.015625,16,524288,524288,1.0,0.02097152,0.01048576,0.01048576
4,1,query_aware,252,8257536,7.875,34078720,0.2423076923076923,252,8257536,33554432,0.24609375,0,0,524288,0.0,0.16515072,0.16515072,0.0
4,1,overlap,15,491520,0.46875,34078720,0.014423076923076924,15,491520,33554432,0.0146484375,0,0,524288,0.0,0.0098304,0.0098304,0.0
4,1,query_aware_additional,237,7766016,7.40625,34078720,0.22788461538461538,237,7766016,33554432,0.2314453125,0,0,524288,0.0,0.15532031999999998,0.15532031999999998,0.0
4,1,combined,269,8814592,8.40625,34078720,0.2586538461538462,253,8290304,33554432,0.2470703125,16,524288,524288,1.0,0.17629184,0.16580608000000002,0.01048576
5,0,sink,1,32768,0.03125,34078720,0.0009615384615384616,1,32768,33554432,0.0009765625,0,0,524288,0.0,0.00065536,0.00065536,0.0
5,0,local,31,1015808,0.96875,34078720,0.02980769230769231,15,491520,33554432,0.0146484375,16,524288,524288,1.0,0.02031616,0.0098304,0.01048576
5,0,fixed,32,1048576,1.0,34078720,0.03076923076923077,16,524288,33554432,0.015625,16,524288,524288,1.0,0.02097152,0.01048576,0.01048576
5,0,query_aware,259,8486912,8.09375,34078720,0.24903846153846154,259,8486912,33554432,0.2529296875,0,0,524288,0.0,0.16973823999999998,0.16973823999999998,0.0
5,0,overlap,15,491520,0.46875,34078720,0.014423076923076924,15,491520,33554432,0.0146484375,0,0,524288,0.0,0.0098304,0.0098304,0.0
5,0,query_aware_additional,244,7995392,7.625,34078720,0.23461538461538461,244,7995392,33554432,0.23828125,0,0,524288,0.0,0.15990784,0.15990784,0.0
5,0,combined,276,9043968,8.625,34078720,0.2653846153846154,260,8519680,33554432,0.25390625,16,524288,524288,1.0,0.18087936,0.1703936,0.01048576
5,1,sink,1,32768,0.03125,34078720,0.0009615384615384616,1,32768,33554432,0.0009765625,0,0,524288,0.0,0.00065536,0.00065536,0.0
5,1,local,31,1015808,0.96875,34078720,0.02980769230769231,15,491520,33554432,0.0146484375,16,524288,524288,1.0,0.02031616,0.0098304,0.01048576
5,1,fixed,32,1048576,1.0,34078720,0.03076923076923077,16,524288,33554432,0.015625,16,524288,524288,1.0,0.02097152,0.01048576,0.01048576
5,1,query_aware,202,6619136,6.3125,34078720,0.19423076923076923,202,6619136,33554432,0.197265625,0,0,524288,0.0,0.13238272,0.13238272,0.0
5,1,overlap,15,491520,0.46875,34078720,0.014423076923076924,15,491520,33554432,0.0146484375,0,0,524288,0.0,0.0098304,0.0098304,0.0
5,1,query_aware_additional,187,6127616,5.84375,34078720,0.1798076923076923,187,6127616,33554432,0.1826171875,0,0,524288,0.0,0.12255231999999999,0.12255231999999999,0.0
5,1,combined,219,7176192,6.84375,34078720,0.21057692307692308,203,6651904,33554432,0.1982421875,16,524288,524288,1.0,0.14352384,0.13303807999999998,0.01048576
6,0,sink,1,32768,0.03125,34078720,0.0009615384615384616,1,32768,33554432,0.0009765625,0,0,524288,0.0,0.00065536,0.00065536,0.0
6,0,local,31,1015808,0.96875,34078720,0.02980769230769231,15,491520,33554432,0.0146484375,16,524288,524288,1.0,0.02031616,0.0098304,0.01048576
6,0,fixed,32,1048576,1.0,34078720,0.03076923076923077,16,524288,33554432,0.015625,16,524288,524288,1.0,0.02097152,0.01048576,0.01048576
6,0,query_aware,262,8585216,8.1875,34078720,0.2519230769230769,262,8585216,33554432,0.255859375,0,0,524288,0.0,0.17170432,0.17170432,0.0
6,0,overlap,15,491520,0.46875,34078720,0.014423076923076924,15,491520,33554432,0.0146484375,0,0,524288,0.0,0.0098304,0.0098304,0.0
6,0,query_aware_additional,247,8093696,7.71875,34078720,0.2375,247,8093696,33554432,0.2412109375,0,0,524288,0.0,0.16187392,0.16187392,0.0
6,0,combined,279,9142272,8.71875,34078720,0.26826923076923076,263,8617984,33554432,0.2568359375,16,524288,524288,1.0,0.18284544,0.17235968,0.01048576
6,1,sink,1,32768,0.03125,34078720,0.0009615384615384616,1,32768,33554432,0.0009765625,0,0,524288,0.0,0.00065536,0.00065536,0.0
6,1,local,31,1015808,0.96875,34078720,0.02980769230769231,15,491520,33554432,0.0146484375,16,524288,524288,1.0,0.02031616,0.0098304,0.01048576
6,1,fixed,32,1048576,1.0,34078720,0.03076923076923077,16,524288,33554432,0.015625,16,524288,524288,1.0,0.02097152,0.01048576,0.01048576
6,1,query_aware,464,15204352,14.5,34078720,0.4461538461538462,464,15204352,33554432,0.453125,0,0,524288,0.0,0.30408704,0.30408704,0.0
6,1,overlap,15,491520,0.46875,34078720,0.014423076923076924,15,491520,33554432,0.0146484375,0,0,524288,0.0,0.0098304,0.0098304,0.0
6,1,query_aware_additional,449,14712832,14.03125,34078720,0.43173076923076925,449,14712832,33554432,0.4384765625,0,0,524288,0.0,0.29425664,0.29425664,0.0
6,1,combined,481,15761408,15.03125,34078720,0.4625,465,15237120,33554432,0.4541015625,16,524288,524288,1.0,0.31522816,0.3047424,0.01048576
7,0,sink,1,32768,0.03125,34078720,0.0009615384615384616,1,32768,33554432,0.0009765625,0,0,524288,0.0,0.00065536,0.00065536,0.0
7,0,local,31,1015808,0.96875,34078720,0.02980769230769231,15,491520,33554432,0.0146484375,16,524288,524288,1.0,0.02031616,0.0098304,0.01048576
7,0,fixed,32,1048576,1.0,34078720,0.03076923076923077,16,524288,33554432,0.015625,16,524288,524288,1.0,0.02097152,0.01048576,0.01048576
7,0,query_aware,291,9535488,9.09375,34078720,0.2798076923076923,291,9535488,33554432,0.2841796875,0,0,524288,0.0,0.19070976,0.19070976,0.0
7,0,overlap,15,491520,0.46875,34078720,0.014423076923076924,15,491520,33554432,0.0146484375,0,0,524288,0.0,0.0098304,0.0098304,0.0
7,0,query_aware_additional,276,9043968,8.625,34078720,0.2653846153846154,276,9043968,33554432,0.26953125,0,0,524288,0.0,0.18087936,0.18087936,0.0
7,0,combined,308,10092544,9.625,34078720,0.29615384615384616,292,9568256,33554432,0.28515625,16,524288,524288,1.0,0.20185088,0.19136512,0.01048576
7,1,sink,1,32768,0.03125,34078720,0.0009615384615384616,1,32768,33554432,0.0009765625,0,0,524288,0.0,0.00065536,0.00065536,0.0
7,1,local,31,1015808,0.96875,34078720,0.02980769230769231,15,491520,33554432,0.0146484375,16,524288,524288,1.0,0.02031616,0.0098304,0.01048576
7,1,fixed,32,1048576,1.0,34078720,0.03076923076923077,16,524288,33554432,0.015625,16,524288,524288,1.0,0.02097152,0.01048576,0.01048576
7,1,query_aware,260,8519680,8.125,34078720,0.25,260,8519680,33554432,0.25390625,0,0,524288,0.0,0.1703936,0.1703936,0.0
7,1,overlap,15,491520,0.46875,34078720,0.014423076923076924,15,491520,33554432,0.0146484375,0,0,524288,0.0,0.0098304,0.0098304,0.0
7,1,query_aware_additional,245,8028160,7.65625,34078720,0.23557692307692307,245,8028160,33554432,0.2392578125,0,0,524288,0.0,0.1605632,0.1605632,0.0
7,1,combined,277,9076736,8.65625,34078720,0.26634615384615384,261,8552448,33554432,0.2548828125,16,524288,524288,1.0,0.18153472,0.17104896,0.01048576
8,0,sink,1,32768,0.03125,34078720,0.0009615384615384616,1,32768,33554432,0.0009765625,0,0,524288,0.0,0.00065536,0.00065536,0.0
8,0,local,31,1015808,0.96875,34078720,0.02980769230769231,15,491520,33554432,0.0146484375,16,524288,524288,1.0,0.02031616,0.0098304,0.01048576
8,0,fixed,32,1048576,1.0,34078720,0.03076923076923077,16,524288,33554432,0.015625,16,524288,524288,1.0,0.02097152,0.01048576,0.01048576
8,0,query_aware,267,8749056,8.34375,34078720,0.2567307692307692,267,8749056,33554432,0.2607421875,0,0,524288,0.0,0.17498112000000002,0.17498112000000002,0.0
8,0,overlap,15,491520,0.46875,34078720,0.014423076923076924,15,491520,33554432,0.0146484375,0,0,524288,0.0,0.0098304,0.0098304,0.0
8,0,query_aware_additional,252,8257536,7.875,34078720,0.2423076923076923,252,8257536,33554432,0.24609375,0,0,524288,0.0,0.16515072,0.16515072,0.0
8,0,combined,284,9306112,8.875,34078720,0.27307692307692305,268,8781824,33554432,0.26171875,16,524288,524288,1.0,0.18612224,0.17563647999999998,0.01048576
8,1,sink,1,32768,0.03125,34078720,0.0009615384615384616,1,32768,33554432,0.0009765625,0,0,524288,0.0,0.00065536,0.00065536,0.0
8,1,local,31,1015808,0.96875,34078720,0.02980769230769231,15,491520,33554432,0.0146484375,16,524288,524288,1.0,0.02031616,0.0098304,0.01048576
8,1,fixed,32,1048576,1.0,34078720,0.03076923076923077,16,524288,33554432,0.015625,16,524288,524288,1.0,0.02097152,0.01048576,0.01048576
8,1,query_aware,242,7929856,7.5625,34078720,0.2326923076923077,242,7929856,33554432,0.236328125,0,0,524288,0.0,0.15859712,0.15859712,0.0
8,1,overlap,15,491520,0.46875,34078720,0.014423076923076924,15,491520,33554432,0.0146484375,0,0,524288,0.0,0.0098304,0.0098304,0.0
8,1,query_aware_additional,227,7438336,7.09375,34078720,0.21826923076923077,227,7438336,33554432,0.2216796875,0,0,524288,0.0,0.14876672,0.14876672,0.0
8,1,combined,259,8486912,8.09375,34078720,0.24903846153846154,243,7962624,33554432,0.2373046875,16,524288,524288,1.0,0.16973823999999998,0.15925248,0.01048576
9,0,sink,1,32768,0.03125,34078720,0.0009615384615384616,1,32768,33554432,0.0009765625,0,0,524288,0.0,0.00065536,0.00065536,0.0
9,0,local,31,1015808,0.96875,34078720,0.02980769230769231,15,491520,33554432,0.0146484375,16,524288,524288,1.0,0.02031616,0.0098304,0.01048576
9,0,fixed,32,1048576,1.0,34078720,0.03076923076923077,16,524288,33554432,0.015625,16,524288,524288,1.0,0.02097152,0.01048576,0.01048576
9,0,query_aware,838,27459584,26.1875,34078720,0.8057692307692308,838,27459584,33554432,0.818359375,0,0,524288,0.0,0.54919168,0.54919168,0.0
9,0,overlap,15,491520,0.46875,34078720,0.014423076923076924,15,491520,33554432,0.0146484375,0,0,524288,0.0,0.0098304,0.0098304,0.0
9,0,query_aware_additional,823,26968064,25.71875,34078720,0.7913461538461538,823,26968064,33554432,0.8037109375,0,0,524288,0.0,0.5393612799999999,0.5393612799999999,0.0
9,0,combined,855,28016640,26.71875,34078720,0.8221153846153846,839,27492352,33554432,0.8193359375,16,524288,524288,1.0,0.5603328000000001,0.54984704,0.01048576
9,1,sink,1,32768,0.03125,34078720,0.0009615384615384616,1,32768,33554432,0.0009765625,0,0,524288,0.0,0.00065536,0.00065536,0.0
9,1,local,31,1015808,0.96875,34078720,0.02980769230769231,15,491520,33554432,0.0146484375,16,524288,524288,1.0,0.02031616,0.0098304,0.01048576
9,1,fixed,32,1048576,1.0,34078720,0.03076923076923077,16,524288,33554432,0.015625,16,524288,524288,1.0,0.02097152,0.01048576,0.01048576
9,1,query_aware,326,10682368,10.1875,34078720,0.31346153846153846,326,10682368,33554432,0.318359375,0,0,524288,0.0,0.21364735999999998,0.21364735999999998,0.0
9,1,overlap,15,491520,0.46875,34078720,0.014423076923076924,15,491520,33554432,0.0146484375,0,0,524288,0.0,0.0098304,0.0098304,0.0
9,1,query_aware_additional,311,10190848,9.71875,34078720,0.29903846153846153,311,10190848,33554432,0.3037109375,0,0,524288,0.0,0.20381696,0.20381696,0.0
9,1,combined,343,11239424,10.71875,34078720,0.3298076923076923,327,10715136,33554432,0.3193359375,16,524288,524288,1.0,0.22478847999999998,0.21430272,0.01048576
10,0,sink,1,32768,0.03125,34078720,0.0009615384615384616,1,32768,33554432,0.0009765625,0,0,524288,0.0,0.00065536,0.00065536,0.0
10,0,local,31,1015808,0.96875,34078720,0.02980769230769231,15,491520,33554432,0.0146484375,16,524288,524288,1.0,0.02031616,0.0098304,0.01048576
10,0,fixed,32,1048576,1.0,34078720,0.03076923076923077,16,524288,33554432,0.015625,16,524288,524288,1.0,0.02097152,0.01048576,0.01048576
10,0,query_aware,141,4620288,4.40625,34078720,0.13557692307692307,141,4620288,33554432,0.1376953125,0,0,524288,0.0,0.09240576,0.09240576,0.0
10,0,overlap,15,491520,0.46875,34078720,0.014423076923076924,15,491520,33554432,0.0146484375,0,0,524288,0.0,0.0098304,0.0098304,0.0
10,0,query_aware_additional,126,4128768,3.9375,34078720,0.12115384615384615,126,4128768,33554432,0.123046875,0,0,524288,0.0,0.08257536,0.08257536,0.0
10,0,combined,158,5177344,4.9375,34078720,0.1519230769230769,142,4653056,33554432,0.138671875,16,524288,524288,1.0,0.10354688,0.09306112,0.01048576
10,1,sink,1,32768,0.03125,34078720,0.0009615384615384616,1,32768,33554432,0.0009765625,0,0,524288,0.0,0.00065536,0.00065536,0.0
10,1,local,31,1015808,0.96875,34078720,0.02980769230769231,15,491520,33554432,0.0146484375,16,524288,524288,1.0,0.02031616,0.0098304,0.01048576
10,1,fixed,32,1048576,1.0,34078720,0.03076923076923077,16,524288,33554432,0.015625,16,524288,524288,1.0,0.02097152,0.01048576,0.01048576
10,1,query_aware,284,9306112,8.875,34078720,0.27307692307692305,284,9306112,33554432,0.27734375,0,0,524288,0.0,0.18612224,0.18612224,0.0
10,1,overlap,15,491520,0.46875,34078720,0.014423076923076924,15,491520,33554432,0.0146484375,0,0,524288,0.0,0.0098304,0.0098304,0.0
10,1,query_aware_additional,269,8814592,8.40625,34078720,0.2586538461538462,269,8814592,33554432,0.2626953125,0,0,524288,0.0,0.17629184,0.17629184,0.0
10,1,combined,301,9863168,9.40625,34078720,0.28942307692307695,285,9338880,33554432,0.2783203125,16,524288,524288,1.0,0.19726336,0.1867776,0.01048576
11,0,sink,1,32768,0.03125,34078720,0.0009615384615384616,1,32768,33554432,0.0009765625,0,0,524288,0.0,0.00065536,0.00065536,0.0
11,0,local,31,1015808,0.96875,34078720,0.02980769230769231,15,491520,33554432,0.0146484375,16,524288,524288,1.0,0.02031616,0.0098304,0.01048576
11,0,fixed,32,1048576,1.0,34078720,0.03076923076923077,16,524288,33554432,0.015625,16,524288,524288,1.0,0.02097152,0.01048576,0.01048576
11,0,query_aware,422,13828096,13.1875,34078720,0.40576923076923077,422,13828096,33554432,0.412109375,0,0,524288,0.0,0.27656192,0.27656192,0.0
11,0,overlap,15,491520,0.46875,34078720,0.014423076923076924,15,491520,33554432,0.0146484375,0,0,524288,0.0,0.0098304,0.0098304,0.0
11,0,query_aware_additional,407,13336576,12.71875,34078720,0.39134615384615384,407,13336576,33554432,0.3974609375,0,0,524288,0.0,0.26673152,0.26673152,0.0
11,0,combined,439,14385152,13.71875,34078720,0.4221153846153846,423,13860864,33554432,0.4130859375,16,524288,524288,1.0,0.28770304,0.27721727999999995,0.01048576
11,1,sink,1,32768,0.03125,34078720,0.0009615384615384616,1,32768,33554432,0.0009765625,0,0,524288,0.0,0.00065536,0.00065536,0.0
11,1,local,31,1015808,0.96875,34078720,0.02980769230769231,15,491520,33554432,0.0146484375,16,524288,524288,1.0,0.02031616,0.0098304,0.01048576
11,1,fixed,32,1048576,1.0,34078720,0.03076923076923077,16,524288,33554432,0.015625,16,524288,524288,1.0,0.02097152,0.01048576,0.01048576
11,1,query_aware,192,6291456,6.0,34078720,0.18461538461538463,192,6291456,33554432,0.1875,0,0,524288,0.0,0.12582912,0.12582912,0.0
11,1,overlap,15,491520,0.46875,34078720,0.014423076923076924,15,491520,33554432,0.0146484375,0,0,524288,0.0,0.0098304,0.0098304,0.0
11,1,query_aware_additional,177,5799936,5.53125,34078720,0.1701923076923077,177,5799936,33554432,0.1728515625,0,0,524288,0.0,0.11599872,0.11599872,0.0
11,1,combined,209,6848512,6.53125,34078720,0.20096153846153847,193,6324224,33554432,0.1884765625,16,524288,524288,1.0,0.13697024,0.12648448,0.01048576
12,0,sink,1,32768,0.03125,34078720,0.0009615384615384616,1,32768,33554432,0.0009765625,0,0,524288,0.0,0.00065536,0.00065536,0.0
12,0,local,31,1015808,0.96875,34078720,0.02980769230769231,15,491520,33554432,0.0146484375,16,524288,524288,1.0,0.02031616,0.0098304,0.01048576
12,0,fixed,32,1048576,1.0,34078720,0.03076923076923077,16,524288,33554432,0.015625,16,524288,524288,1.0,0.02097152,0.01048576,0.01048576
12,0,query_aware,238,7798784,7.4375,34078720,0.22884615384615384,238,7798784,33554432,0.232421875,0,0,524288,0.0,0.15597568,0.15597568,0.0
12,0,overlap,15,491520,0.46875,34078720,0.014423076923076924,15,491520,33554432,0.0146484375,0,0,524288,0.0,0.0098304,0.0098304,0.0
12,0,query_aware_additional,223,7307264,6.96875,34078720,0.2144230769230769,223,7307264,33554432,0.2177734375,0,0,524288,0.0,0.14614528,0.14614528,0.0
12,0,combined,255,8355840,7.96875,34078720,0.24519230769230768,239,7831552,33554432,0.2333984375,16,524288,524288,1.0,0.1671168,0.15663104,0.01048576
12,1,sink,1,32768,0.03125,34078720,0.0009615384615384616,1,32768,33554432,0.0009765625,0,0,524288,0.0,0.00065536,0.00065536,0.0
12,1,local,31,1015808,0.96875,34078720,0.02980769230769231,15,491520,33554432,0.0146484375,16,524288,524288,1.0,0.02031616,0.0098304,0.01048576
12,1,fixed,32,1048576,1.0,34078720,0.03076923076923077,16,524288,33554432,0.015625,16,524288,524288,1.0,0.02097152,0.01048576,0.01048576
12,1,query_aware,292,9568256,9.125,34078720,0.28076923076923077,292,9568256,33554432,0.28515625,0,0,524288,0.0,0.19136512,0.19136512,0.0
12,1,overlap,15,491520,0.46875,34078720,0.014423076923076924,15,491520,33554432,0.0146484375,0,0,524288,0.0,0.0098304,0.0098304,0.0
12,1,query_aware_additional,277,9076736,8.65625,34078720,0.26634615384615384,277,9076736,33554432,0.2705078125,0,0,524288,0.0,0.18153472,0.18153472,0.0
12,1,combined,309,10125312,9.65625,34078720,0.2971153846153846,293,9601024,33554432,0.2861328125,16,524288,524288,1.0,0.20250624,0.19202048,0.01048576
13,0,sink,1,32768,0.03125,34078720,0.0009615384615384616,1,32768,33554432,0.0009765625,0,0,524288,0.0,0.00065536,0.00065536,0.0
13,0,local,31,1015808,0.96875,34078720,0.02980769230769231,15,491520,33554432,0.0146484375,16,524288,524288,1.0,0.02031616,0.0098304,0.01048576
13,0,fixed,32,1048576,1.0,34078720,0.03076923076923077,16,524288,33554432,0.015625,16,524288,524288,1.0,0.02097152,0.01048576,0.01048576
13,0,query_aware,555,18186240,17.34375,34078720,0.5336538461538461,555,18186240,33554432,0.5419921875,0,0,524288,0.0,0.3637248,0.3637248,0.0
13,0,overlap,15,491520,0.46875,34078720,0.014423076923076924,15,491520,33554432,0.0146484375,0,0,524288,0.0,0.0098304,0.0098304,0.0
13,0,query_aware_additional,540,17694720,16.875,34078720,0.5192307692307693,540,17694720,33554432,0.52734375,0,0,524288,0.0,0.3538944,0.3538944,0.0
13,0,combined,572,18743296,17.875,34078720,0.55,556,18219008,33554432,0.54296875,16,524288,524288,1.0,0.37486592,0.36438016,0.01048576
13,1,sink,1,32768,0.03125,34078720,0.0009615384615384616,1,32768,33554432,0.0009765625,0,0,524288,0.0,0.00065536,0.00065536,0.0
13,1,local,31,1015808,0.96875,34078720,0.02980769230769231,15,491520,33554432,0.0146484375,16,524288,524288,1.0,0.02031616,0.0098304,0.01048576
13,1,fixed,32,1048576,1.0,34078720,0.03076923076923077,16,524288,33554432,0.015625,16,524288,524288,1.0,0.02097152,0.01048576,0.01048576
13,1,query_aware,311,10190848,9.71875,34078720,0.29903846153846153,311,10190848,33554432,0.3037109375,0,0,524288,0.0,0.20381696,0.20381696,0.0
13,1,overlap,15,491520,0.46875,34078720,0.014423076923076924,15,491520,33554432,0.0146484375,0,0,524288,0.0,0.0098304,0.0098304,0.0
13,1,query_aware_additional,296,9699328,9.25,34078720,0.2846153846153846,296,9699328,33554432,0.2890625,0,0,524288,0.0,0.19398656,0.19398656,0.0
13,1,combined,328,10747904,10.25,34078720,0.3153846153846154,312,10223616,33554432,0.3046875,16,524288,524288,1.0,0.21495808,0.20447231999999999,0.01048576
14,0,sink,1,32768,0.03125,34078720,0.0009615384615384616,1,32768,33554432,0.0009765625,0,0,524288,0.0,0.00065536,0.00065536,0.0
14,0,local,31,1015808,0.96875,34078720,0.02980769230769231,15,491520,33554432,0.0146484375,16,524288,524288,1.0,0.02031616,0.0098304,0.01048576
14,0,fixed,32,1048576,1.0,34078720,0.03076923076923077,16,524288,33554432,0.015625,16,524288,524288,1.0,0.02097152,0.01048576,0.01048576
14,0,query_aware,272,8912896,8.5,34078720,0.26153846153846155,272,8912896,33554432,0.265625,0,0,524288,0.0,0.17825792000000001,0.17825792000000001,0.0
14,0,overlap,15,491520,0.46875,34078720,0.014423076923076924,15,491520,33554432,0.0146484375,0,0,524288,0.0,0.0098304,0.0098304,0.0
14,0,query_aware_additional,257,8421376,8.03125,34078720,0.24711538461538463,257,8421376,33554432,0.2509765625,0,0,524288,0.0,0.16842752,0.16842752,0.0
14,0,combined,289,9469952,9.03125,34078720,0.2778846153846154,273,8945664,33554432,0.2666015625,16,524288,524288,1.0,0.18939904000000002,0.17891327999999998,0.01048576
14,1,sink,1,32768,0.03125,34078720,0.0009615384615384616,1,32768,33554432,0.0009765625,0,0,524288,0.0,0.00065536,0.00065536,0.0
14,1,local,31,1015808,0.96875,34078720,0.02980769230769231,15,491520,33554432,0.0146484375,16,524288,524288,1.0,0.02031616,0.0098304,0.01048576
14,1,fixed,32,1048576,1.0,34078720,0.03076923076923077,16,524288,33554432,0.015625,16,524288,524288,1.0,0.02097152,0.01048576,0.01048576
14,1,query_aware,247,8093696,7.71875,34078720,0.2375,247,8093696,33554432,0.2412109375,0,0,524288,0.0,0.16187392,0.16187392,0.0
14,1,overlap,15,491520,0.46875,34078720,0.014423076923076924,15,491520,33554432,0.0146484375,0,0,524288,0.0,0.0098304,0.0098304,0.0
14,1,query_aware_additional,232,7602176,7.25,34078720,0.2230769230769231,232,7602176,33554432,0.2265625,0,0,524288,0.0,0.15204352,0.15204352,0.0
14,1,combined,264,8650752,8.25,34078720,0.25384615384615383,248,8126464,33554432,0.2421875,16,524288,524288,1.0,0.17301504,0.16252928,0.01048576
15,0,sink,1,32768,0.03125,34078720,0.0009615384615384616,1,32768,33554432,0.0009765625,0,0,524288,0.0,0.00065536,0.00065536,0.0
15,0,local,31,1015808,0.96875,34078720,0.02980769230769231,15,491520,33554432,0.0146484375,16,524288,524288,1.0,0.02031616,0.0098304,0.01048576
15,0,fixed,32,1048576,1.0,34078720,0.03076923076923077,16,524288,33554432,0.015625,16,524288,524288,1.0,0.02097152,0.01048576,0.01048576
15,0,query_aware,317,10387456,9.90625,34078720,0.30480769230769234,317,10387456,33554432,0.3095703125,0,0,524288,0.0,0.20774912,0.20774912,0.0
15,0,overlap,15,491520,0.46875,34078720,0.014423076923076924,15,491520,33554432,0.0146484375,0,0,524288,0.0,0.0098304,0.0098304,0.0
15,0,query_aware_additional,302,9895936,9.4375,34078720,0.2903846153846154,302,9895936,33554432,0.294921875,0,0,524288,0.0,0.19791872,0.19791872,0.0
15,0,combined,334,10944512,10.4375,34078720,0.3211538461538462,318,10420224,33554432,0.310546875,16,524288,524288,1.0,0.21889024,0.20840448,0.01048576
15,1,sink,1,32768,0.03125,34078720,0.0009615384615384616,1,32768,33554432,0.0009765625,0,0,524288,0.0,0.00065536,0.00065536,0.0
15,1,local,31,1015808,0.96875,34078720,0.02980769230769231,15,491520,33554432,0.0146484375,16,524288,524288,1.0,0.02031616,0.0098304,0.01048576
15,1,fixed,32,1048576,1.0,34078720,0.03076923076923077,16,524288,33554432,0.015625,16,524288,524288,1.0,0.02097152,0.01048576,0.01048576
15,1,query_aware,151,4947968,4.71875,34078720,0.1451923076923077,151,4947968,33554432,0.1474609375,0,0,524288,0.0,0.09895936,0.09895936,0.0
15,1,overlap,15,491520,0.46875,34078720,0.014423076923076924,15,491520,33554432,0.0146484375,0,0,524288,0.0,0.0098304,0.0098304,0.0
15,1,query_aware_additional,136,4456448,4.25,34078720,0.13076923076923078,136,4456448,33554432,0.1328125,0,0,524288,0.0,0.08912896000000001,0.08912896000000001,0.0
15,1,combined,168,5505024,5.25,34078720,0.16153846153846155,152,4980736,33554432,0.1484375,16,524288,524288,1.0,0.11010048,0.09961471999999999,0.01048576
16,0,sink,1,32768,0.03125,34078720,0.0009615384615384616,1,32768,33554432,0.0009765625,0,0,524288,0.0,0.00065536,0.00065536,0.0
16,0,local,31,1015808,0.96875,34078720,0.02980769230769231,15,491520,33554432,0.0146484375,16,524288,524288,1.0,0.02031616,0.0098304,0.01048576
16,0,fixed,32,1048576,1.0,34078720,0.03076923076923077,16,524288,33554432,0.015625,16,524288,524288,1.0,0.02097152,0.01048576,0.01048576
16,0,query_aware,962,31522816,30.0625,34078720,0.925,962,31522816,33554432,0.939453125,0,0,524288,0.0,0.63045632,0.63045632,0.0
16,0,overlap,15,491520,0.46875,34078720,0.014423076923076924,15,491520,33554432,0.0146484375,0,0,524288,0.0,0.0098304,0.0098304,0.0
16,0,query_aware_additional,947,31031296,29.59375,34078720,0.9105769230769231,947,31031296,33554432,0.9248046875,0,0,524288,0.0,0.6206259199999999,0.6206259199999999,0.0
16,0,combined,979,32079872,30.59375,34078720,0.9413461538461538,963,31555584,33554432,0.9404296875,16,524288,524288,1.0,0.6415974400000001,0.63111168,0.01048576
16,1,sink,1,32768,0.03125,34078720,0.0009615384615384616,1,32768,33554432,0.0009765625,0,0,524288,0.0,0.00065536,0.00065536,0.0
16,1,local,31,1015808,0.96875,34078720,0.02980769230769231,15,491520,33554432,0.0146484375,16,524288,524288,1.0,0.02031616,0.0098304,0.01048576
16,1,fixed,32,1048576,1.0,34078720,0.03076923076923077,16,524288,33554432,0.015625,16,524288,524288,1.0,0.02097152,0.01048576,0.01048576
16,1,query_aware,272,8912896,8.5,34078720,0.26153846153846155,272,8912896,33554432,0.265625,0,0,524288,0.0,0.17825792000000001,0.17825792000000001,0.0
16,1,overlap,15,491520,0.46875,34078720,0.014423076923076924,15,491520,33554432,0.0146484375,0,0,524288,0.0,0.0098304,0.0098304,0.0
16,1,query_aware_additional,257,8421376,8.03125,34078720,0.24711538461538463,257,8421376,33554432,0.2509765625,0,0,524288,0.0,0.16842752,0.16842752,0.0
16,1,combined,289,9469952,9.03125,34078720,0.2778846153846154,273,8945664,33554432,0.2666015625,16,524288,524288,1.0,0.18939904000000002,0.17891327999999998,0.01048576
17,0,sink,1,32768,0.03125,34078720,0.0009615384615384616,1,32768,33554432,0.0009765625,0,0,524288,0.0,0.00065536,0.00065536,0.0
17,0,local,31,1015808,0.96875,34078720,0.02980769230769231,15,491520,33554432,0.0146484375,16,524288,524288,1.0,0.02031616,0.0098304,0.01048576
17,0,fixed,32,1048576,1.0,34078720,0.03076923076923077,16,524288,33554432,0.015625,16,524288,524288,1.0,0.02097152,0.01048576,0.01048576
17,0,query_aware,325,10649600,10.15625,34078720,0.3125,325,10649600,33554432,0.3173828125,0,0,524288,0.0,0.21299200000000001,0.21299200000000001,0.0
17,0,overlap,15,491520,0.46875,34078720,0.014423076923076924,15,491520,33554432,0.0146484375,0,0,524288,0.0,0.0098304,0.0098304,0.0
17,0,query_aware_additional,310,10158080,9.6875,34078720,0.2980769230769231,310,10158080,33554432,0.302734375,0,0,524288,0.0,0.2031616,0.2031616,0.0
17,0,combined,342,11206656,10.6875,34078720,0.32884615384615384,326,10682368,33554432,0.318359375,16,524288,524288,1.0,0.22413312000000002,0.21364735999999998,0.01048576
17,1,sink,1,32768,0.03125,34078720,0.0009615384615384616,1,32768,33554432,0.0009765625,0,0,524288,0.0,0.00065536,0.00065536,0.0
17,1,local,31,1015808,0.96875,34078720,0.02980769230769231,15,491520,33554432,0.0146484375,16,524288,524288,1.0,0.02031616,0.0098304,0.01048576
17,1,fixed,32,1048576,1.0,34078720,0.03076923076923077,16,524288,33554432,0.015625,16,524288,524288,1.0,0.02097152,0.01048576,0.01048576
17,1,query_aware,271,8880128,8.46875,34078720,0.2605769230769231,271,8880128,33554432,0.2646484375,0,0,524288,0.0,0.17760256,0.17760256,0.0
17,1,overlap,15,491520,0.46875,34078720,0.014423076923076924,15,491520,33554432,0.0146484375,0,0,524288,0.0,0.0098304,0.0098304,0.0
17,1,query_aware_additional,256,8388608,8.0,34078720,0.24615384615384617,256,8388608,33554432,0.25,0,0,524288,0.0,0.16777216,0.16777216,0.0
17,1,combined,288,9437184,9.0,34078720,0.27692307692307694,272,8912896,33554432,0.265625,16,524288,524288,1.0,0.18874368,0.17825792000000001,0.01048576
18,0,sink,1,32768,0.03125,34078720,0.0009615384615384616,1,32768,33554432,0.0009765625,0,0,524288,0.0,0.00065536,0.00065536,0.0
18,0,local,31,1015808,0.96875,34078720,0.02980769230769231,15,491520,33554432,0.0146484375,16,524288,524288,1.0,0.02031616,0.0098304,0.01048576
18,0,fixed,32,1048576,1.0,34078720,0.03076923076923077,16,524288,33554432,0.015625,16,524288,524288,1.0,0.02097152,0.01048576,0.01048576
18,0,query_aware,671,21987328,20.96875,34078720,0.6451923076923077,671,21987328,33554432,0.6552734375,0,0,524288,0.0,0.43974656,0.43974656,0.0
18,0,overlap,15,491520,0.46875,34078720,0.014423076923076924,15,491520,33554432,0.0146484375,0,0,524288,0.0,0.0098304,0.0098304,0.0
18,0,query_aware_additional,656,21495808,20.5,34078720,0.6307692307692307,656,21495808,33554432,0.640625,0,0,524288,0.0,0.42991616,0.42991616,0.0
18,0,combined,688,22544384,21.5,34078720,0.6615384615384615,672,22020096,33554432,0.65625,16,524288,524288,1.0,0.45088768,0.44040192,0.01048576
18,1,sink,1,32768,0.03125,34078720,0.0009615384615384616,1,32768,33554432,0.0009765625,0,0,524288,0.0,0.00065536,0.00065536,0.0
18,1,local,31,1015808,0.96875,34078720,0.02980769230769231,15,491520,33554432,0.0146484375,16,524288,524288,1.0,0.02031616,0.0098304,0.01048576
18,1,fixed,32,1048576,1.0,34078720,0.03076923076923077,16,524288,33554432,0.015625,16,524288,524288,1.0,0.02097152,0.01048576,0.01048576
18,1,query_aware,835,27361280,26.09375,34078720,0.8028846153846154,835,27361280,33554432,0.8154296875,0,0,524288,0.0,0.5472256,0.5472256,0.0
18,1,overlap,15,491520,0.46875,34078720,0.014423076923076924,15,491520,33554432,0.0146484375,0,0,524288,0.0,0.0098304,0.0098304,0.0
18,1,query_aware_additional,820,26869760,25.625,34078720,0.7884615384615384,820,26869760,33554432,0.80078125,0,0,524288,0.0,0.5373952000000001,0.5373952000000001,0.0
18,1,combined,852,27918336,26.625,34078720,0.8192307692307692,836,27394048,33554432,0.81640625,16,524288,524288,1.0,0.55836672,0.54788096,0.01048576
19,0,sink,1,32768,0.03125,34078720,0.0009615384615384616,1,32768,33554432,0.0009765625,0,0,524288,0.0,0.00065536,0.00065536,0.0
19,0,local,31,1015808,0.96875,34078720,0.02980769230769231,15,491520,33554432,0.0146484375,16,524288,524288,1.0,0.02031616,0.0098304,0.01048576
19,0,fixed,32,1048576,1.0,34078720,0.03076923076923077,16,524288,33554432,0.015625,16,524288,524288,1.0,0.02097152,0.01048576,0.01048576
19,0,query_aware,500,16384000,15.625,34078720,0.4807692307692308,500,16384000,33554432,0.48828125,0,0,524288,0.0,0.32768,0.32768,0.0
19,0,overlap,15,491520,0.46875,34078720,0.014423076923076924,15,491520,33554432,0.0146484375,0,0,524288,0.0,0.0098304,0.0098304,0.0
19,0,query_aware_additional,485,15892480,15.15625,34078720,0.46634615384615385,485,15892480,33554432,0.4736328125,0,0,524288,0.0,0.31784959999999995,0.31784959999999995,0.0
19,0,combined,517,16941056,16.15625,34078720,0.4971153846153846,501,16416768,33554432,0.4892578125,16,524288,524288,1.0,0.33882112000000003,0.32833535999999997,0.01048576
19,1,sink,1,32768,0.03125,34078720,0.0009615384615384616,1,32768,33554432,0.0009765625,0,0,524288,0.0,0.00065536,0.00065536,0.0
19,1,local,31,1015808,0.96875,34078720,0.02980769230769231,15,491520,33554432,0.0146484375,16,524288,524288,1.0,0.02031616,0.0098304,0.01048576
19,1,fixed,32,1048576,1.0,34078720,0.03076923076923077,16,524288,33554432,0.015625,16,524288,524288,1.0,0.02097152,0.01048576,0.01048576
19,1,query_aware,254,8323072,7.9375,34078720,0.24423076923076922,254,8323072,33554432,0.248046875,0,0,524288,0.0,0.16646144,0.16646144,0.0
19,1,overlap,15,491520,0.46875,34078720,0.014423076923076924,15,491520,33554432,0.0146484375,0,0,524288,0.0,0.0098304,0.0098304,0.0
19,1,query_aware_additional,239,7831552,7.46875,34078720,0.2298076923076923,239,7831552,33554432,0.2333984375,0,0,524288,0.0,0.15663104,0.15663104,0.0
19,1,combined,271,8880128,8.46875,34078720,0.2605769230769231,255,8355840,33554432,0.2490234375,16,524288,524288,1.0,0.17760256,0.1671168,0.01048576
20,0,sink,1,32768,0.03125,34078720,0.0009615384615384616,1,32768,33554432,0.0009765625,0,0,524288,0.0,0.00065536,0.00065536,0.0
20,0,local,31,1015808,0.96875,34078720,0.02980769230769231,15,491520,33554432,0.0146484375,16,524288,524288,1.0,0.02031616,0.0098304,0.01048576
20,0,fixed,32,1048576,1.0,34078720,0.03076923076923077,16,524288,33554432,0.015625,16,524288,524288,1.0,0.02097152,0.01048576,0.01048576
20,0,query_aware,284,9306112,8.875,34078720,0.27307692307692305,284,9306112,33554432,0.27734375,0,0,524288,0.0,0.18612224,0.18612224,0.0
20,0,overlap,15,491520,0.46875,34078720,0.014423076923076924,15,491520,33554432,0.0146484375,0,0,524288,0.0,0.0098304,0.0098304,0.0
20,0,query_aware_additional,269,8814592,8.40625,34078720,0.2586538461538462,269,8814592,33554432,0.2626953125,0,0,524288,0.0,0.17629184,0.17629184,0.0
20,0,combined,301,9863168,9.40625,34078720,0.28942307692307695,285,9338880,33554432,0.2783203125,16,524288,524288,1.0,0.19726336,0.1867776,0.01048576
20,1,sink,1,32768,0.03125,34078720,0.0009615384615384616,1,32768,33554432,0.0009765625,0,0,524288,0.0,0.00065536,0.00065536,0.0
20,1,local,31,1015808,0.96875,34078720,0.02980769230769231,15,491520,33554432,0.0146484375,16,524288,524288,1.0,0.02031616,0.0098304,0.01048576
20,1,fixed,32,1048576,1.0,34078720,0.03076923076923077,16,524288,33554432,0.015625,16,524288,524288,1.0,0.02097152,0.01048576,0.01048576
20,1,query_aware,323,10584064,10.09375,34078720,0.3105769230769231,323,10584064,33554432,0.3154296875,0,0,524288,0.0,0.21168128,0.21168128,0.0
20,1,overlap,15,491520,0.46875,34078720,0.014423076923076924,15,491520,33554432,0.0146484375,0,0,524288,0.0,0.0098304,0.0098304,0.0
20,1,query_aware_additional,308,10092544,9.625,34078720,0.29615384615384616,308,10092544,33554432,0.30078125,0,0,524288,0.0,0.20185088,0.20185088,0.0
20,1,combined,340,11141120,10.625,34078720,0.3269230769230769,324,10616832,33554432,0.31640625,16,524288,524288,1.0,0.22282239999999998,0.21233664,0.01048576
21,0,sink,1,32768,0.03125,34078720,0.0009615384615384616,1,32768,33554432,0.0009765625,0,0,524288,0.0,0.00065536,0.00065536,0.0
21,0,local,31,1015808,0.96875,34078720,0.02980769230769231,15,491520,33554432,0.0146484375,16,524288,524288,1.0,0.02031616,0.0098304,0.01048576
21,0,fixed,32,1048576,1.0,34078720,0.03076923076923077,16,524288,33554432,0.015625,16,524288,524288,1.0,0.02097152,0.01048576,0.01048576
21,0,query_aware,255,8355840,7.96875,34078720,0.24519230769230768,255,8355840,33554432,0.2490234375,0,0,524288,0.0,0.1671168,0.1671168,0.0
21,0,overlap,15,491520,0.46875,34078720,0.014423076923076924,15,491520,33554432,0.0146484375,0,0,524288,0.0,0.0098304,0.0098304,0.0
21,0,query_aware_additional,240,7864320,7.5,34078720,0.23076923076923078,240,7864320,33554432,0.234375,0,0,524288,0.0,0.1572864,0.1572864,0.0
21,0,combined,272,8912896,8.5,34078720,0.26153846153846155,256,8388608,33554432,0.25,16,524288,524288,1.0,0.17825792000000001,0.16777216,0.01048576
21,1,sink,1,32768,0.03125,34078720,0.0009615384615384616,1,32768,33554432,0.0009765625,0,0,524288,0.0,0.00065536,0.00065536,0.0
21,1,local,31,1015808,0.96875,34078720,0.02980769230769231,15,491520,33554432,0.0146484375,16,524288,524288,1.0,0.02031616,0.0098304,0.01048576
21,1,fixed,32,1048576,1.0,34078720,0.03076923076923077,16,524288,33554432,0.015625,16,524288,524288,1.0,0.02097152,0.01048576,0.01048576
21,1,query_aware,279,9142272,8.71875,34078720,0.26826923076923076,279,9142272,33554432,0.2724609375,0,0,524288,0.0,0.18284544,0.18284544,0.0
21,1,overlap,15,491520,0.46875,34078720,0.014423076923076924,15,491520,33554432,0.0146484375,0,0,524288,0.0,0.0098304,0.0098304,0.0
21,1,query_aware_additional,264,8650752,8.25,34078720,0.25384615384615383,264,8650752,33554432,0.2578125,0,0,524288,0.0,0.17301504,0.17301504,0.0
21,1,combined,296,9699328,9.25,34078720,0.2846153846153846,280,9175040,33554432,0.2734375,16,524288,524288,1.0,0.19398656,0.1835008,0.01048576
22,0,sink,1,32768,0.03125,34078720,0.0009615384615384616,1,32768,33554432,0.0009765625,0,0,524288,0.0,0.00065536,0.00065536,0.0
22,0,local,31,1015808,0.96875,34078720,0.02980769230769231,15,491520,33554432,0.0146484375,16,524288,524288,1.0,0.02031616,0.0098304,0.01048576
22,0,fixed,32,1048576,1.0,34078720,0.03076923076923077,16,524288,33554432,0.015625,16,524288,524288,1.0,0.02097152,0.01048576,0.01048576
22,0,query_aware,961,31490048,30.03125,34078720,0.9240384615384616,961,31490048,33554432,0.9384765625,0,0,524288,0.0,0.62980096,0.62980096,0.0
22,0,overlap,15,491520,0.46875,34078720,0.014423076923076924,15,491520,33554432,0.0146484375,0,0,524288,0.0,0.0098304,0.0098304,0.0
22,0,query_aware_additional,946,30998528,29.5625,34078720,0.9096153846153846,946,30998528,33554432,0.923828125,0,0,524288,0.0,0.61997056,0.61997056,0.0
22,0,combined,978,32047104,30.5625,34078720,0.9403846153846154,962,31522816,33554432,0.939453125,16,524288,524288,1.0,0.6409420800000001,0.63045632,0.01048576
22,1,sink,1,32768,0.03125,34078720,0.0009615384615384616,1,32768,33554432,0.0009765625,0,0,524288,0.0,0.00065536,0.00065536,0.0
22,1,local,31,1015808,0.96875,34078720,0.02980769230769231,15,491520,33554432,0.0146484375,16,524288,524288,1.0,0.02031616,0.0098304,0.01048576
22,1,fixed,32,1048576,1.0,34078720,0.03076923076923077,16,524288,33554432,0.015625,16,524288,524288,1.0,0.02097152,0.01048576,0.01048576
22,1,query_aware,273,8945664,8.53125,34078720,0.2625,273,8945664,33554432,0.2666015625,0,0,524288,0.0,0.17891327999999998,0.17891327999999998,0.0
22,1,overlap,15,491520,0.46875,34078720,0.014423076923076924,15,491520,33554432,0.0146484375,0,0,524288,0.0,0.0098304,0.0098304,0.0
22,1,query_aware_additional,258,8454144,8.0625,34078720,0.24807692307692308,258,8454144,33554432,0.251953125,0,0,524288,0.0,0.16908288000000002,0.16908288000000002,0.0
22,1,combined,290,9502720,9.0625,34078720,0.27884615384615385,274,8978432,33554432,0.267578125,16,524288,524288,1.0,0.19005439999999998,0.17956864,0.01048576
23,0,sink,1,32768,0.03125,34078720,0.0009615384615384616,1,32768,33554432,0.0009765625,0,0,524288,0.0,0.00065536,0.00065536,0.0
23,0,local,31,1015808,0.96875,34078720,0.02980769230769231,15,491520,33554432,0.0146484375,16,524288,524288,1.0,0.02031616,0.0098304,0.01048576
23,0,fixed,32,1048576,1.0,34078720,0.03076923076923077,16,524288,33554432,0.015625,16,524288,524288,1.0,0.02097152,0.01048576,0.01048576
23,0,query_aware,935,30638080,29.21875,34078720,0.8990384615384616,935,30638080,33554432,0.9130859375,0,0,524288,0.0,0.6127615999999999,0.6127615999999999,0.0
23,0,overlap,15,491520,0.46875,34078720,0.014423076923076924,15,491520,33554432,0.0146484375,0,0,524288,0.0,0.0098304,0.0098304,0.0
23,0,query_aware_additional,920,30146560,28.75,34078720,0.8846153846153846,920,30146560,33554432,0.8984375,0,0,524288,0.0,0.6029312,0.6029312,0.0
23,0,combined,952,31195136,29.75,34078720,0.9153846153846154,936,30670848,33554432,0.9140625,16,524288,524288,1.0,0.62390272,0.61341696,0.01048576
23,1,sink,1,32768,0.03125,34078720,0.0009615384615384616,1,32768,33554432,0.0009765625,0,0,524288,0.0,0.00065536,0.00065536,0.0
23,1,local,31,1015808,0.96875,34078720,0.02980769230769231,15,491520,33554432,0.0146484375,16,524288,524288,1.0,0.02031616,0.0098304,0.01048576
23,1,fixed,32,1048576,1.0,34078720,0.03076923076923077,16,524288,33554432,0.015625,16,524288,524288,1.0,0.02097152,0.01048576,0.01048576
23,1,query_aware,729,23887872,22.78125,34078720,0.7009615384615384,729,23887872,33554432,0.7119140625,0,0,524288,0.0,0.47775744000000003,0.47775744000000003,0.0
23,1,overlap,15,491520,0.46875,34078720,0.014423076923076924,15,491520,33554432,0.0146484375,0,0,524288,0.0,0.0098304,0.0098304,0.0
23,1,query_aware_additional,714,23396352,22.3125,34078720,0.6865384615384615,714,23396352,33554432,0.697265625,0,0,524288,0.0,0.46792703999999996,0.46792703999999996,0.0
23,1,combined,746,24444928,23.3125,34078720,0.7173076923076923,730,23920640,33554432,0.712890625,16,524288,524288,1.0,0.48889856000000004,0.4784128,0.01048576
24,0,sink,1,32768,0.03125,34078720,0.0009615384615384616,1,32768,33554432,0.0009765625,0,0,524288,0.0,0.00065536,0.00065536,0.0
24,0,local,31,1015808,0.96875,34078720,0.02980769230769231,15,491520,33554432,0.0146484375,16,524288,524288,1.0,0.02031616,0.0098304,0.01048576
24,0,fixed,32,1048576,1.0,34078720,0.03076923076923077,16,524288,33554432,0.015625,16,524288,524288,1.0,0.02097152,0.01048576,0.01048576
24,0,query_aware,287,9404416,8.96875,34078720,0.2759615384615385,287,9404416,33554432,0.2802734375,0,0,524288,0.0,0.18808831999999998,0.18808831999999998,0.0
24,0,overlap,15,491520,0.46875,34078720,0.014423076923076924,15,491520,33554432,0.0146484375,0,0,524288,0.0,0.0098304,0.0098304,0.0
24,0,query_aware_additional,272,8912896,8.5,34078720,0.26153846153846155,272,8912896,33554432,0.265625,0,0,524288,0.0,0.17825792000000001,0.17825792000000001,0.0
24,0,combined,304,9961472,9.5,34078720,0.2923076923076923,288,9437184,33554432,0.28125,16,524288,524288,1.0,0.19922943999999998,0.18874368,0.01048576
24,1,sink,1,32768,0.03125,34078720,0.0009615384615384616,1,32768,33554432,0.0009765625,0,0,524288,0.0,0.00065536,0.00065536,0.0
24,1,local,31,1015808,0.96875,34078720,0.02980769230769231,15,491520,33554432,0.0146484375,16,524288,524288,1.0,0.02031616,0.0098304,0.01048576
24,1,fixed,32,1048576,1.0,34078720,0.03076923076923077,16,524288,33554432,0.015625,16,524288,524288,1.0,0.02097152,0.01048576,0.01048576
24,1,query_aware,608,19922944,19.0,34078720,0.5846153846153846,608,19922944,33554432,0.59375,0,0,524288,0.0,0.39845887999999996,0.39845887999999996,0.0
24,1,overlap,15,491520,0.46875,34078720,0.014423076923076924,15,491520,33554432,0.0146484375,0,0,524288,0.0,0.0098304,0.0098304,0.0
24,1,query_aware_additional,593,19431424,18.53125,34078720,0.5701923076923077,593,19431424,33554432,0.5791015625,0,0,524288,0.0,0.38862848,0.38862848,0.0
24,1,combined,625,20480000,19.53125,34078720,0.6009615384615384,609,19955712,33554432,0.5947265625,16,524288,524288,1.0,0.40959999999999996,0.39911424,0.01048576
25,0,sink,1,32768,0.03125,34078720,0.0009615384615384616,1,32768,33554432,0.0009765625,0,0,524288,0.0,0.00065536,0.00065536,0.0
25,0,local,31,1015808,0.96875,34078720,0.02980769230769231,15,491520,33554432,0.0146484375,16,524288,524288,1.0,0.02031616,0.0098304,0.01048576
25,0,fixed,32,1048576,1.0,34078720,0.03076923076923077,16,524288,33554432,0.015625,16,524288,524288,1.0,0.02097152,0.01048576,0.01048576
25,0,query_aware,594,19464192,18.5625,34078720,0.5711538461538461,594,19464192,33554432,0.580078125,0,0,524288,0.0,0.38928384,0.38928384,0.0
25,0,overlap,15,491520,0.46875,34078720,0.014423076923076924,15,491520,33554432,0.0146484375,0,0,524288,0.0,0.0098304,0.0098304,0.0
25,0,query_aware_additional,579,18972672,18.09375,34078720,0.5567307692307693,579,18972672,33554432,0.5654296875,0,0,524288,0.0,0.37945344000000003,0.37945344000000003,0.0
25,0,combined,611,20021248,19.09375,34078720,0.5875,595,19496960,33554432,0.5810546875,16,524288,524288,1.0,0.40042496,0.38993920000000004,0.01048576
25,1,sink,1,32768,0.03125,34078720,0.0009615384615384616,1,32768,33554432,0.0009765625,0,0,524288,0.0,0.00065536,0.00065536,0.0
25,1,local,31,1015808,0.96875,34078720,0.02980769230769231,15,491520,33554432,0.0146484375,16,524288,524288,1.0,0.02031616,0.0098304,0.01048576
25,1,fixed,32,1048576,1.0,34078720,0.03076923076923077,16,524288,33554432,0.015625,16,524288,524288,1.0,0.02097152,0.01048576,0.01048576
25,1,query_aware,349,11436032,10.90625,34078720,0.33557692307692305,349,11436032,33554432,0.3408203125,0,0,524288,0.0,0.22872064,0.22872064,0.0
25,1,overlap,15,491520,0.46875,34078720,0.014423076923076924,15,491520,33554432,0.0146484375,0,0,524288,0.0,0.0098304,0.0098304,0.0
25,1,query_aware_additional,334,10944512,10.4375,34078720,0.3211538461538462,334,10944512,33554432,0.326171875,0,0,524288,0.0,0.21889024,0.21889024,0.0
25,1,combined,366,11993088,11.4375,34078720,0.35192307692307695,350,11468800,33554432,0.341796875,16,524288,524288,1.0,0.23986176,0.229376,0.01048576
26,0,sink,1,32768,0.03125,34078720,0.0009615384615384616,1,32768,33554432,0.0009765625,0,0,524288,0.0,0.00065536,0.00065536,0.0
26,0,local,31,1015808,0.96875,34078720,0.02980769230769231,15,491520,33554432,0.0146484375,16,524288,524288,1.0,0.02031616,0.0098304,0.01048576
26,0,fixed,32,1048576,1.0,34078720,0.03076923076923077,16,524288,33554432,0.015625,16,524288,524288,1.0,0.02097152,0.01048576,0.01048576
26,0,query_aware,699,22904832,21.84375,34078720,0.6721153846153847,699,22904832,33554432,0.6826171875,0,0,524288,0.0,0.45809664,0.45809664,0.0
26,0,overlap,15,491520,0.46875,34078720,0.014423076923076924,15,491520,33554432,0.0146484375,0,0,524288,0.0,0.0098304,0.0098304,0.0
26,0,query_aware_additional,684,22413312,21.375,34078720,0.6576923076923077,684,22413312,33554432,0.66796875,0,0,524288,0.0,0.44826624000000004,0.44826624000000004,0.0
26,0,combined,716,23461888,22.375,34078720,0.6884615384615385,700,22937600,33554432,0.68359375,16,524288,524288,1.0,0.46923776,0.458752,0.01048576
26,1,sink,1,32768,0.03125,34078720,0.0009615384615384616,1,32768,33554432,0.0009765625,0,0,524288,0.0,0.00065536,0.00065536,0.0
26,1,local,31,1015808,0.96875,34078720,0.02980769230769231,15,491520,33554432,0.0146484375,16,524288,524288,1.0,0.02031616,0.0098304,0.01048576
26,1,fixed,32,1048576,1.0,34078720,0.03076923076923077,16,524288,33554432,0.015625,16,524288,524288,1.0,0.02097152,0.01048576,0.01048576
26,1,query_aware,638,20905984,19.9375,34078720,0.6134615384615385,638,20905984,33554432,0.623046875,0,0,524288,0.0,0.41811968,0.41811968,0.0
26,1,overlap,15,491520,0.46875,34078720,0.014423076923076924,15,491520,33554432,0.0146484375,0,0,524288,0.0,0.0098304,0.0098304,0.0
26,1,query_aware_additional,623,20414464,19.46875,34078720,0.5990384615384615,623,20414464,33554432,0.6083984375,0,0,524288,0.0,0.40828928000000003,0.40828928000000003,0.0
26,1,combined,655,21463040,20.46875,34078720,0.6298076923076923,639,20938752,33554432,0.6240234375,16,524288,524288,1.0,0.4292608,0.41877504,0.01048576
27,0,sink,1,32768,0.03125,34078720,0.0009615384615384616,1,32768,33554432,0.0009765625,0,0,524288,0.0,0.00065536,0.00065536,0.0
27,0,local,31,1015808,0.96875,34078720,0.02980769230769231,15,491520,33554432,0.0146484375,16,524288,524288,1.0,0.02031616,0.0098304,0.01048576
27,0,fixed,32,1048576,1.0,34078720,0.03076923076923077,16,524288,33554432,0.015625,16,524288,524288,1.0,0.02097152,0.01048576,0.01048576
27,0,query_aware,288,9437184,9.0,34078720,0.27692307692307694,288,9437184,33554432,0.28125,0,0,524288,0.0,0.18874368,0.18874368,0.0
27,0,overlap,15,491520,0.46875,34078720,0.014423076923076924,15,491520,33554432,0.0146484375,0,0,524288,0.0,0.0098304,0.0098304,0.0
27,0,query_aware_additional,273,8945664,8.53125,34078720,0.2625,273,8945664,33554432,0.2666015625,0,0,524288,0.0,0.17891327999999998,0.17891327999999998,0.0
27,0,combined,305,9994240,9.53125,34078720,0.2932692307692308,289,9469952,33554432,0.2822265625,16,524288,524288,1.0,0.1998848,0.18939904000000002,0.01048576
27,1,sink,1,32768,0.03125,34078720,0.0009615384615384616,1,32768,33554432,0.0009765625,0,0,524288,0.0,0.00065536,0.00065536,0.0
27,1,local,31,1015808,0.96875,34078720,0.02980769230769231,15,491520,33554432,0.0146484375,16,524288,524288,1.0,0.02031616,0.0098304,0.01048576
27,1,fixed,32,1048576,1.0,34078720,0.03076923076923077,16,524288,33554432,0.015625,16,524288,524288,1.0,0.02097152,0.01048576,0.01048576
27,1,query_aware,298,9764864,9.3125,34078720,0.2865384615384615,298,9764864,33554432,0.291015625,0,0,524288,0.0,0.19529728,0.19529728,0.0
27,1,overlap,15,491520,0.46875,34078720,0.014423076923076924,15,491520,33554432,0.0146484375,0,0,524288,0.0,0.0098304,0.0098304,0.0
27,1,query_aware_additional,283,9273344,8.84375,34078720,0.2721153846153846,283,9273344,33554432,0.2763671875,0,0,524288,0.0,0.18546688,0.18546688,0.0
27,1,combined,315,10321920,9.84375,34078720,0.30288461538461536,299,9797632,33554432,0.2919921875,16,524288,524288,1.0,0.2064384,0.19595263999999998,0.01048576
28,0,sink,1,32768,0.03125,34078720,0.0009615384615384616,1,32768,33554432,0.0009765625,0,0,524288,0.0,0.00065536,0.00065536,0.0
28,0,local,31,1015808,0.96875,34078720,0.02980769230769231,15,491520,33554432,0.0146484375,16,524288,524288,1.0,0.02031616,0.0098304,0.01048576
28,0,fixed,32,1048576,1.0,34078720,0.03076923076923077,16,524288,33554432,0.015625,16,524288,524288,1.0,0.02097152,0.01048576,0.01048576
28,0,query_aware,249,8159232,7.78125,34078720,0.23942307692307693,249,8159232,33554432,0.2431640625,0,0,524288,0.0,0.16318464,0.16318464,0.0
28,0,overlap,15,491520,0.46875,34078720,0.014423076923076924,15,491520,33554432,0.0146484375,0,0,524288,0.0,0.0098304,0.0098304,0.0
28,0,query_aware_additional,234,7667712,7.3125,34078720,0.225,234,7667712,33554432,0.228515625,0,0,524288,0.0,0.15335424,0.15335424,0.0
28,0,combined,266,8716288,8.3125,34078720,0.25576923076923075,250,8192000,33554432,0.244140625,16,524288,524288,1.0,0.17432576,0.16384,0.01048576
28,1,sink,1,32768,0.03125,34078720,0.0009615384615384616,1,32768,33554432,0.0009765625,0,0,524288,0.0,0.00065536,0.00065536,0.0
28,1,local,31,1015808,0.96875,34078720,0.02980769230769231,15,491520,33554432,0.0146484375,16,524288,524288,1.0,0.02031616,0.0098304,0.01048576
28,1,fixed,32,1048576,1.0,34078720,0.03076923076923077,16,524288,33554432,0.015625,16,524288,524288,1.0,0.02097152,0.01048576,0.01048576
28,1,query_aware,450,14745600,14.0625,34078720,0.4326923076923077,450,14745600,33554432,0.439453125,0,0,524288,0.0,0.294912,0.294912,0.0
28,1,overlap,15,491520,0.46875,34078720,0.014423076923076924,15,491520,33554432,0.0146484375,0,0,524288,0.0,0.0098304,0.0098304,0.0
28,1,query_aware_additional,435,14254080,13.59375,34078720,0.4182692307692308,435,14254080,33554432,0.4248046875,0,0,524288,0.0,0.2850816,0.2850816,0.0
28,1,combined,467,15302656,14.59375,34078720,0.44903846153846155,451,14778368,33554432,0.4404296875,16,524288,524288,1.0,0.30605312,0.29556736,0.01048576
29,0,sink,1,32768,0.03125,34078720,0.0009615384615384616,1,32768,33554432,0.0009765625,0,0,524288,0.0,0.00065536,0.00065536,0.0
29,0,local,31,1015808,0.96875,34078720,0.02980769230769231,15,491520,33554432,0.0146484375,16,524288,524288,1.0,0.02031616,0.0098304,0.01048576
29,0,fixed,32,1048576,1.0,34078720,0.03076923076923077,16,524288,33554432,0.015625,16,524288,524288,1.0,0.02097152,0.01048576,0.01048576
29,0,query_aware,210,6881280,6.5625,34078720,0.20192307692307693,210,6881280,33554432,0.205078125,0,0,524288,0.0,0.13762560000000001,0.13762560000000001,0.0
29,0,overlap,15,491520,0.46875,34078720,0.014423076923076924,15,491520,33554432,0.0146484375,0,0,524288,0.0,0.0098304,0.0098304,0.0
29,0,query_aware_additional,195,6389760,6.09375,34078720,0.1875,195,6389760,33554432,0.1904296875,0,0,524288,0.0,0.1277952,0.1277952,0.0
29,0,combined,227,7438336,7.09375,34078720,0.21826923076923077,211,6914048,33554432,0.2060546875,16,524288,524288,1.0,0.14876672,0.13828096,0.01048576
29,1,sink,1,32768,0.03125,34078720,0.0009615384615384616,1,32768,33554432,0.0009765625,0,0,524288,0.0,0.00065536,0.00065536,0.0
29,1,local,31,1015808,0.96875,34078720,0.02980769230769231,15,491520,33554432,0.0146484375,16,524288,524288,1.0,0.02031616,0.0098304,0.01048576
29,1,fixed,32,1048576,1.0,34078720,0.03076923076923077,16,524288,33554432,0.015625,16,524288,524288,1.0,0.02097152,0.01048576,0.01048576
29,1,query_aware,692,22675456,21.625,34078720,0.6653846153846154,692,22675456,33554432,0.67578125,0,0,524288,0.0,0.45350912,0.45350912,0.0
29,1,overlap,15,491520,0.46875,34078720,0.014423076923076924,15,491520,33554432,0.0146484375,0,0,524288,0.0,0.0098304,0.0098304,0.0
29,1,query_aware_additional,677,22183936,21.15625,34078720,0.6509615384615385,677,22183936,33554432,0.6611328125,0,0,524288,0.0,0.44367872,0.44367872,0.0
29,1,combined,709,23232512,22.15625,34078720,0.6817307692307693,693,22708224,33554432,0.6767578125,16,524288,524288,1.0,0.46465024,0.45416448,0.01048576
30,0,sink,1,32768,0.03125,34078720,0.0009615384615384616,1,32768,33554432,0.0009765625,0,0,524288,0.0,0.00065536,0.00065536,0.0
30,0,local,31,1015808,0.96875,34078720,0.02980769230769231,15,491520,33554432,0.0146484375,16,524288,524288,1.0,0.02031616,0.0098304,0.01048576
30,0,fixed,32,1048576,1.0,34078720,0.03076923076923077,16,524288,33554432,0.015625,16,524288,524288,1.0,0.02097152,0.01048576,0.01048576
30,0,query_aware,428,14024704,13.375,34078720,0.4115384615384615,428,14024704,33554432,0.41796875,0,0,524288,0.0,0.28049408000000003,0.28049408000000003,0.0
30,0,overlap,15,491520,0.46875,34078720,0.014423076923076924,15,491520,33554432,0.0146484375,0,0,524288,0.0,0.0098304,0.0098304,0.0
30,0,query_aware_additional,413,13533184,12.90625,34078720,0.3971153846153846,413,13533184,33554432,0.4033203125,0,0,524288,0.0,0.27066367999999996,0.27066367999999996,0.0
30,0,combined,445,14581760,13.90625,34078720,0.42788461538461536,429,14057472,33554432,0.4189453125,16,524288,524288,1.0,0.2916352,0.28114944,0.01048576
30,1,sink,1,32768,0.03125,34078720,0.0009615384615384616,1,32768,33554432,0.0009765625,0,0,524288,0.0,0.00065536,0.00065536,0.0
30,1,local,31,1015808,0.96875,34078720,0.02980769230769231,15,491520,33554432,0.0146484375,16,524288,524288,1.0,0.02031616,0.0098304,0.01048576
30,1,fixed,32,1048576,1.0,34078720,0.03076923076923077,16,524288,33554432,0.015625,16,524288,524288,1.0,0.02097152,0.01048576,0.01048576
30,1,query_aware,303,9928704,9.46875,34078720,0.29134615384615387,303,9928704,33554432,0.2958984375,0,0,524288,0.0,0.19857408000000001,0.19857408000000001,0.0
30,1,overlap,15,491520,0.46875,34078720,0.014423076923076924,15,491520,33554432,0.0146484375,0,0,524288,0.0,0.0098304,0.0098304,0.0
30,1,query_aware_additional,288,9437184,9.0,34078720,0.27692307692307694,288,9437184,33554432,0.28125,0,0,524288,0.0,0.18874368,0.18874368,0.0
30,1,combined,320,10485760,10.0,34078720,0.3076923076923077,304,9961472,33554432,0.296875,16,524288,524288,1.0,0.20971520000000002,0.19922943999999998,0.01048576
31,0,sink,1,32768,0.03125,34078720,0.0009615384615384616,1,32768,33554432,0.0009765625,0,0,524288,0.0,0.00065536,0.00065536,0.0
31,0,local,31,1015808,0.96875,34078720,0.02980769230769231,15,491520,33554432,0.0146484375,16,524288,524288,1.0,0.02031616,0.0098304,0.01048576
31,0,fixed,32,1048576,1.0,34078720,0.03076923076923077,16,524288,33554432,0.015625,16,524288,524288,1.0,0.02097152,0.01048576,0.01048576
31,0,query_aware,256,8388608,8.0,34078720,0.24615384615384617,256,8388608,33554432,0.25,0,0,524288,0.0,0.16777216,0.16777216,0.0
31,0,overlap,15,491520,0.46875,34078720,0.014423076923076924,15,491520,33554432,0.0146484375,0,0,524288,0.0,0.0098304,0.0098304,0.0
31,0,query_aware_additional,241,7897088,7.53125,34078720,0.23173076923076924,241,7897088,33554432,0.2353515625,0,0,524288,0.0,0.15794176000000001,0.15794176000000001,0.0
31,0,combined,273,8945664,8.53125,34078720,0.2625,257,8421376,33554432,0.2509765625,16,524288,524288,1.0,0.17891327999999998,0.16842752,0.01048576
31,1,sink,1,32768,0.03125,34078720,0.0009615384615384616,1,32768,33554432,0.0009765625,0,0,524288,0.0,0.00065536,0.00065536,0.0
31,1,local,31,1015808,0.96875,34078720,0.02980769230769231,15,491520,33554432,0.0146484375,16,524288,524288,1.0,0.02031616,0.0098304,0.01048576
31,1,fixed,32,1048576,1.0,34078720,0.03076923076923077,16,524288,33554432,0.015625,16,524288,524288,1.0,0.02097152,0.01048576,0.01048576
31,1,query_aware,303,9928704,9.46875,34078720,0.29134615384615387,303,9928704,33554432,0.2958984375,0,0,524288,0.0,0.19857408000000001,0.19857408000000001,0.0
31,1,overlap,15,491520,0.46875,34078720,0.014423076923076924,15,491520,33554432,0.0146484375,0,0,524288,0.0,0.0098304,0.0098304,0.0
31,1,query_aware_additional,288,9437184,9.0,34078720,0.27692307692307694,288,9437184,33554432,0.28125,0,0,524288,0.0,0.18874368,0.18874368,0.0
31,1,combined,320,10485760,10.0,34078720,0.3076923076923077,304,9961472,33554432,0.296875,16,524288,524288,1.0,0.20971520000000002,0.19922943999999998,0.01048576
