scheme,request_id,user_id,visit_index,round_index,is_revisit,prefix_cache_hit,prefix_hit_tier,cached_users,latency_ms,admission_ms,prefix_ms,extend_ms,cleanup_ms,cache_hbm_bytes,cache_dram_bytes,shared_cache_hbm_bytes,shared_cache_dram_bytes,evicted_users,candidate_host_to_device_bytes,candidate_device_to_host_bytes,candidate_prefetched_records,candidate_recalled_records,candidate_evicted_records,candidate_selection_records,candidate_resident_selection_records,candidate_hbm_token_hit_ratio_before_recall,candidate_hit_ratio_stage,candidate_dense_requested_records,candidate_dense_resident_records,candidate_dense_fetched_records,before_torch_allocated_bytes,before_torch_reserved_bytes,before_torch_peak_allocated_bytes,before_torch_peak_reserved_bytes,before_cuda_free_bytes,before_cuda_total_bytes,after_torch_allocated_bytes,after_torch_reserved_bytes,after_torch_peak_allocated_bytes,after_torch_peak_reserved_bytes,after_cuda_free_bytes,after_cuda_total_bytes
hbm,0,0,0,0,False,False,miss,1,2178.8495540386066,5.660964059643447,2150.058723986149,22.838974022306502,0.2908919705078006,9065879808,0,8205390848,0,[],0,0,0,0,0,0,0,,exact_consumer_union_after_fused_prefetch_and_append,0,0,0,13708701696,18209570816,13844197376,18209570816,131116040192,150121545728,14576539648,27374125056,16478131200,27374125056,121951485952,150121545728
hbm,1,1,0,0,False,False,miss,1,2173.5579130472615,3.3268959959968925,2147.32502005063,22.63665199279785,0.2693450078368187,9065879808,0,8205390848,0,[0],0,0,0,0,0,0,0,,exact_consumer_union_after_fused_prefetch_and_append,0,0,0,14569199616,27374125056,16478131200,27374125056,121951485952,150121545728,14576539648,27374125056,16478131200,27374125056,121951485952,150121545728
hbm,2,2,0,0,False,False,miss,1,2177.1416530245915,2.841580077074468,2151.214477024041,22.814134950749576,0.27146097272634506,9065879808,0,8205390848,0,[1],0,0,0,0,0,0,0,,exact_consumer_union_after_fused_prefetch_and_append,0,0,0,14569199616,27374125056,16478131200,27374125056,121951485952,150121545728,14576539648,27374125056,16478131200,27374125056,121951485952,150121545728
hbm,3,3,0,0,False,False,miss,1,2175.6430650129914,2.8458250453695655,2150.1405560411513,22.388373967260122,0.2683099592104554,9065879808,0,8205390848,0,[2],0,0,0,0,0,0,0,,exact_consumer_union_after_fused_prefetch_and_append,0,0,0,14569199616,27374125056,16478131200,27374125056,121951485952,150121545728,14576539648,27374125056,16478131200,27374125056,121951485952,150121545728
hbm,4,4,0,0,False,False,miss,1,2177.386495983228,2.9161639977246523,2151.0825080331415,23.11954996548593,0.2682739868760109,9065879808,0,8205390848,0,[3],0,0,0,0,0,0,0,,exact_consumer_union_after_fused_prefetch_and_append,0,0,0,14569199616,27374125056,16478131200,27374125056,121951485952,150121545728,14576539648,27374125056,16478131200,27374125056,121951485952,150121545728
hbm,5,5,0,0,False,False,miss,1,2183.59120702371,2.85067199729383,2157.666772021912,22.800539038144052,0.27322396636009216,9065879808,0,8205390848,0,[4],0,0,0,0,0,0,0,,exact_consumer_union_after_fused_prefetch_and_append,0,0,0,14569199616,27374125056,16478131200,27374125056,121951485952,150121545728,14576539648,27374125056,16478131200,27374125056,121951485952,150121545728
hbm,6,6,0,0,False,False,miss,1,2176.4302229275927,2.947494969703257,2150.767578976229,22.44644402526319,0.2687049563974142,9065879808,0,8205390848,0,[5],0,0,0,0,0,0,0,,exact_consumer_union_after_fused_prefetch_and_append,0,0,0,14569199616,27374125056,16478131200,27374125056,121951485952,150121545728,14576539648,27374125056,16478131200,27374125056,121951485952,150121545728
hbm,7,7,0,0,False,False,miss,1,2181.2700720038265,2.8793790843337774,2155.3826889721677,22.727153031155467,0.2808509161695838,9065879808,0,8205390848,0,[6],0,0,0,0,0,0,0,,exact_consumer_union_after_fused_prefetch_and_append,0,0,0,14569199616,27374125056,16478131200,27374125056,121951485952,150121545728,14576539648,27374125056,16478131200,27374125056,121951485952,150121545728
hbm,8,8,0,0,False,False,miss,1,2180.094378069043,2.8752860380336642,2154.4580509653315,22.48780697118491,0.2732340944930911,9065879808,0,8205390848,0,[7],0,0,0,0,0,0,0,,exact_consumer_union_after_fused_prefetch_and_append,0,0,0,14569199616,27374125056,16478131200,27374125056,121951485952,150121545728,14576539648,27374125056,16478131200,27374125056,121951485952,150121545728
hbm,9,9,0,0,False,False,miss,1,2181.236118078232,2.829857054166496,2155.214188969694,22.91287505067885,0.27919700369238853,9065879808,0,8205390848,0,[8],0,0,0,0,0,0,0,,exact_consumer_union_after_fused_prefetch_and_append,0,0,0,14569199616,27374125056,16478131200,27374125056,121951485952,150121545728,14576539648,27374125056,16478131200,27374125056,121951485952,150121545728
hbm,10,10,0,0,False,False,miss,1,2183.0261750146747,2.883640001527965,2157.470991020091,22.402798989787698,0.2687450032681227,9065879808,0,8205390848,0,[9],0,0,0,0,0,0,0,,exact_consumer_union_after_fused_prefetch_and_append,0,0,0,14569199616,27374125056,16478131200,27374125056,121951485952,150121545728,14576539648,27374125056,16478131200,27374125056,121951485952,150121545728
hbm,11,11,0,0,False,False,miss,1,2175.586747005582,2.823742921464145,2150.245488039218,22.244496969506145,0.27301907539367676,9065879808,0,8205390848,0,[10],0,0,0,0,0,0,0,,exact_consumer_union_after_fused_prefetch_and_append,0,0,0,14569199616,27374125056,16478131200,27374125056,121951485952,150121545728,14576539648,27374125056,16478131200,27374125056,121951485952,150121545728
hbm,12,12,0,0,False,False,miss,1,2180.909737944603,2.9321330366656184,2154.999168938957,22.695821011438966,0.28261495754122734,9065879808,0,8205390848,0,[11],0,0,0,0,0,0,0,,exact_consumer_union_after_fused_prefetch_and_append,0,0,0,14569199616,27374125056,16478131200,27374125056,121951485952,150121545728,14576539648,27374125056,16478131200,27374125056,121951485952,150121545728
hbm,13,13,0,0,False,False,miss,1,2183.761329972185,2.8713629581034184,2158.1058730371296,22.494605975225568,0.28948800172656775,9065879808,0,8205390848,0,[12],0,0,0,0,0,0,0,,exact_consumer_union_after_fused_prefetch_and_append,0,0,0,14569199616,27374125056,16478131200,27374125056,121951485952,150121545728,14576539648,27374125056,16478131200,27374125056,121951485952,150121545728
hbm,14,14,0,0,False,False,miss,1,2169.5279269479215,2.9846830293536186,2143.6123700113967,22.664182004518807,0.26669190265238285,9065879808,0,8205390848,0,[13],0,0,0,0,0,0,0,,exact_consumer_union_after_fused_prefetch_and_append,0,0,0,14569199616,27374125056,16478131200,27374125056,121951485952,150121545728,14576539648,27374125056,16478131200,27374125056,121951485952,150121545728
hbm,15,15,0,0,False,False,miss,1,2179.6693300129846,2.8645190177485347,2154.197021969594,22.327770944684744,0.2800180809572339,9065879808,0,8205390848,0,[14],0,0,0,0,0,0,0,,exact_consumer_union_after_fused_prefetch_and_append,0,0,0,14569199616,27374125056,16478131200,27374125056,121951485952,150121545728,14576539648,27374125056,16478131200,27374125056,121951485952,150121545728
hbm,16,0,1,1,True,False,miss,1,2179.182813037187,2.8940250631421804,2153.1146810157225,22.897206945344806,0.2769000129774213,9065879808,0,8205390848,0,[15],0,0,0,0,0,0,0,,exact_consumer_union_after_fused_prefetch_and_append,0,0,0,14569199616,27374125056,16478131200,27374125056,121951485952,150121545728,14576539648,27374125056,16478131200,27374125056,121951485952,150121545728
hbm,17,1,1,1,True,False,miss,1,2179.1773239383474,2.907298970967531,2153.6662380676717,22.3287979606539,0.2749889390543103,9065879808,0,8205390848,0,[0],0,0,0,0,0,0,0,,exact_consumer_union_after_fused_prefetch_and_append,0,0,0,14569199616,27374125056,16478131200,27374125056,121951485952,150121545728,14576539648,27374125056,16478131200,27374125056,121951485952,150121545728
hbm,18,2,1,1,True,False,miss,1,2179.6929460251704,2.891640062443912,2154.264673939906,22.265353007242084,0.27127901557832956,9065879808,0,8205390848,0,[1],0,0,0,0,0,0,0,,exact_consumer_union_after_fused_prefetch_and_append,0,0,0,14569199616,27374125056,16478131200,27374125056,121951485952,150121545728,14576539648,27374125056,16478131200,27374125056,121951485952,150121545728
hbm,19,3,1,1,True,False,miss,1,2180.3379949415103,2.8679430251941085,2154.2954199248925,22.89633103646338,0.2783009549602866,9065879808,0,8205390848,0,[2],0,0,0,0,0,0,0,,exact_consumer_union_after_fused_prefetch_and_append,0,0,0,14569199616,27374125056,16478131200,27374125056,121951485952,150121545728,14576539648,27374125056,16478131200,27374125056,121951485952,150121545728
hbm,20,4,1,1,True,False,miss,1,2182.448532897979,2.870761905796826,2155.7184000266716,23.580551031045616,0.2788199344649911,9065879808,0,8205390848,0,[3],0,0,0,0,0,0,0,,exact_consumer_union_after_fused_prefetch_and_append,0,0,0,14569199616,27374125056,16478131200,27374125056,121951485952,150121545728,14576539648,27374125056,16478131200,27374125056,121951485952,150121545728
hbm,21,5,1,1,True,False,miss,1,2180.2025949582458,2.8737030224874616,2154.374478966929,22.6777580101043,0.2766549587249756,9065879808,0,8205390848,0,[4],0,0,0,0,0,0,0,,exact_consumer_union_after_fused_prefetch_and_append,0,0,0,14569199616,27374125056,16478131200,27374125056,121951485952,150121545728,14576539648,27374125056,16478131200,27374125056,121951485952,150121545728
hbm,22,6,1,1,True,False,miss,1,2180.9376530582085,2.8909590328112245,2155.0155989825726,22.7564669912681,0.2746280515566468,9065879808,0,8205390848,0,[5],0,0,0,0,0,0,0,,exact_consumer_union_after_fused_prefetch_and_append,0,0,0,14569199616,27374125056,16478131200,27374125056,121951485952,150121545728,14576539648,27374125056,16478131200,27374125056,121951485952,150121545728
hbm,23,7,1,1,True,False,miss,1,2184.7486729966477,2.8703330317512155,2159.119248040952,22.481904015876353,0.2771879080682993,9065879808,0,8205390848,0,[6],0,0,0,0,0,0,0,,exact_consumer_union_after_fused_prefetch_and_append,0,0,0,14569199616,27374125056,16478131200,27374125056,121951485952,150121545728,14576539648,27374125056,16478131200,27374125056,121951485952,150121545728
hbm,24,8,1,1,True,False,miss,1,2181.8730119848624,2.866753959096968,2155.5783019866794,23.160494049079716,0.267461990006268,9065879808,0,8205390848,0,[7],0,0,0,0,0,0,0,,exact_consumer_union_after_fused_prefetch_and_append,0,0,0,14569199616,27374125056,16478131200,27374125056,121951485952,150121545728,14576539648,27374125056,16478131200,27374125056,121951485952,150121545728
hbm,25,9,1,1,True,False,miss,1,2184.1110149398446,2.928399946540594,2158.203052007593,22.702592075802386,0.2769709099084139,9065879808,0,8205390848,0,[8],0,0,0,0,0,0,0,,exact_consumer_union_after_fused_prefetch_and_append,0,0,0,14569199616,27374125056,16478131200,27374125056,121951485952,150121545728,14576539648,27374125056,16478131200,27374125056,121951485952,150121545728
hbm,26,10,1,1,True,False,miss,1,2182.0780300768092,2.846757066436112,2156.0595649061725,22.892798064276576,0.27891003992408514,9065879808,0,8205390848,0,[9],0,0,0,0,0,0,0,,exact_consumer_union_after_fused_prefetch_and_append,0,0,0,14569199616,27374125056,16478131200,27374125056,121951485952,150121545728,14576539648,27374125056,16478131200,27374125056,121951485952,150121545728
hbm,27,11,1,1,True,False,miss,1,2183.874779031612,2.960080048069358,2157.767398050055,22.872722009196877,0.27457892429083586,9065879808,0,8205390848,0,[10],0,0,0,0,0,0,0,,exact_consumer_union_after_fused_prefetch_and_append,0,0,0,14569199616,27374125056,16478131200,27374125056,121951485952,150121545728,14576539648,27374125056,16478131200,27374125056,121951485952,150121545728
hbm,28,12,1,1,True,False,miss,1,2175.9617720963433,2.877666032873094,2150.1174150034785,22.691669058986008,0.27502200100570917,9065879808,0,8205390848,0,[11],0,0,0,0,0,0,0,,exact_consumer_union_after_fused_prefetch_and_append,0,0,0,14569199616,27374125056,16478131200,27374125056,121951485952,150121545728,14576539648,27374125056,16478131200,27374125056,121951485952,150121545728
hbm,29,13,1,1,True,False,miss,1,2175.3629830200225,2.8574300231412053,2149.7681220062077,22.46234694030136,0.2750840503722429,9065879808,0,8205390848,0,[12],0,0,0,0,0,0,0,,exact_consumer_union_after_fused_prefetch_and_append,0,0,0,14569199616,27374125056,16478131200,27374125056,121951485952,150121545728,14576539648,27374125056,16478131200,27374125056,121951485952,150121545728
hbm,30,14,1,1,True,False,miss,1,2177.1782808937132,2.858807914890349,2150.9629900101572,23.081297054886818,0.2751859137788415,9065879808,0,8205390848,0,[13],0,0,0,0,0,0,0,,exact_consumer_union_after_fused_prefetch_and_append,0,0,0,14569199616,27374125056,16478131200,27374125056,121951485952,150121545728,14576539648,27374125056,16478131200,27374125056,121951485952,150121545728
hbm,31,15,1,1,True,False,miss,1,2170.743093942292,2.8908259700983763,2144.8699069442227,22.704154020175338,0.2782070077955723,9065879808,0,8205390848,0,[14],0,0,0,0,0,0,0,,exact_consumer_union_after_fused_prefetch_and_append,0,0,0,14569199616,27374125056,16478131200,27374125056,121951485952,150121545728,14576539648,27374125056,16478131200,27374125056,121951485952,150121545728
echo,0,0,0,0,False,False,miss,1,2183.652739971876,4.158483003266156,2156.0308689950034,23.03051797207445,0.4328700015321374,9741580774,343598436352,9655067238,343598432256,[],0,0,0,0,0,91734,91734,1.0,exact_consumer_union_after_fused_prefetch_and_append,0,0,0,15158404608,19675480064,15293900288,19675480064,128976945152,150121545728,15252267520,28053602304,17156875776,28053602304,120598822912,150121545728
echo,1,1,0,0,False,False,miss,2,2190.1147390017286,2.914046053774655,2163.3103009080514,23.341614054515958,0.5487779853865504,9828094310,343598440448,9655067238,343598432256,[],0,0,0,0,0,91895,91895,1.0,exact_consumer_union_after_fused_prefetch_and_append,0,0,0,15244927488,28053602304,17156875776,28053602304,120598822912,150121545728,15338790400,28055699456,17243398656,28055699456,120596725760,150121545728
echo,2,2,0,0,False,False,miss,3,2190.8563040196896,2.9337540036067367,2163.880732958205,23.40496506076306,0.636851997114718,9914607846,343598444544,9655067238,343598432256,[],0,0,0,0,0,92247,92247,1.0,exact_consumer_union_after_fused_prefetch_and_append,0,0,0,15331450368,28055699456,17243398656,28055699456,120596725760,150121545728,15425313280,28057796608,17329921536,28057796608,120594628608,150121545728
echo,3,3,0,0,False,False,miss,4,2195.629700087011,4.040605039335787,2167.5043780123815,23.326662951149046,0.7580540841445327,10001121382,343598448640,9655067238,343598432256,[],0,0,0,0,0,93138,93138,1.0,exact_consumer_union_after_fused_prefetch_and_append,0,0,0,15417973248,28057796608,17329921536,28057796608,120594628608,150121545728,15511836160,28059893760,17416444416,28059893760,120592531456,150121545728
echo,4,4,0,0,False,False,miss,5,2194.941096007824,3.315579961054027,2167.4168850295246,23.333769058808684,0.8748619584366679,10087634918,343598452736,9655067238,343598432256,[],0,0,0,0,0,91946,91946,1.0,exact_consumer_union_after_fused_prefetch_and_append,0,0,0,15504496128,28059893760,17416444416,28059893760,120592531456,150121545728,15598359040,28064088064,17502967296,28064088064,120588337152,150121545728
echo,5,5,0,0,False,False,miss,6,2194.999144063331,3.114358987659216,2167.089780094102,23.835808970034122,0.9591960115358233,10174148454,343598456832,9655067238,343598432256,[],0,0,0,0,0,92212,92212,1.0,exact_consumer_union_after_fused_prefetch_and_append,0,0,0,15591019008,28064088064,17502967296,28064088064,120588337152,150121545728,15684881920,28066185216,17589490176,28066185216,120586240000,150121545728
echo,6,6,0,0,False,False,miss,7,2194.779576966539,3.1947470270097256,2166.9881489360705,23.52416899520904,1.0725120082497597,10260661990,343598460928,9655067238,343598432256,[],0,0,0,0,0,92706,92706,1.0,exact_consumer_union_after_fused_prefetch_and_append,0,0,0,15677541888,28066185216,17589490176,28066185216,120586240000,150121545728,15771404800,28068282368,17676013056,28068282368,120584142848,150121545728
echo,7,7,0,0,False,False,miss,8,2197.0689960289747,3.5548260202631354,2169.064927031286,23.280279943719506,1.1689630337059498,10347175526,343598465024,9655067238,343598432256,[],0,0,0,0,0,92684,92684,1.0,exact_consumer_union_after_fused_prefetch_and_append,0,0,0,15764064768,28068282368,17676013056,28068282368,120584142848,150121545728,15857927680,28070379520,17762535936,28070379520,120582045696,150121545728
echo,8,8,0,0,False,False,miss,9,2193.4914860175923,3.5869430284947157,2165.0533709907904,23.582688998430967,1.2684829998761415,10433689062,343598469120,9655067238,343598432256,[],0,0,0,0,0,92858,92858,1.0,exact_consumer_union_after_fused_prefetch_and_append,0,0,0,15850587648,28070379520,17762535936,28070379520,120582045696,150121545728,15944450560,28074573824,17849058816,28074573824,120577851392,150121545728
echo,9,9,0,0,False,False,miss,10,2197.0667600398883,3.304832032881677,2169.356195954606,23.038479033857584,1.3672530185431242,10520202598,343598473216,9655067238,343598432256,[],0,0,0,0,0,92313,92313,1.0,exact_consumer_union_after_fused_prefetch_and_append,0,0,0,15937110528,28074573824,17849058816,28074573824,120577851392,150121545728,16030973440,28076670976,17935581696,28076670976,120575754240,150121545728
echo,10,10,0,0,False,False,miss,11,2199.560271925293,3.372284001670778,2171.4234648970887,23.294927086681128,1.4695959398522973,10606716134,343598477312,9655067238,343598432256,[],0,0,0,0,0,92222,92222,1.0,exact_consumer_union_after_fused_prefetch_and_append,0,0,0,16023633408,28076670976,17935581696,28076670976,120575754240,150121545728,16117496320,28078768128,18022104576,28078768128,120573657088,150121545728
echo,11,11,0,0,False,False,miss,12,2196.911070961505,4.295505001209676,2167.9418840212747,23.122348939068615,1.5513329999521375,10693229670,343598481408,9655067238,343598432256,[],0,0,0,0,0,92445,92445,1.0,exact_consumer_union_after_fused_prefetch_and_append,0,0,0,16110156288,28078768128,18022104576,28078768128,120573657088,150121545728,16204019200,28080865280,18108627456,28080865280,120571559936,150121545728
echo,12,12,0,0,False,False,miss,13,2196.0489120101556,3.8815110456198454,2167.3335649538785,23.131354013457894,1.7024819971993566,10779743206,343598485504,9655067238,343598432256,[],0,0,0,0,0,92887,92887,1.0,exact_consumer_union_after_fused_prefetch_and_append,0,0,0,16196679168,28080865280,18108627456,28080865280,120571559936,150121545728,16290542080,28085059584,18195150336,28085059584,120567365632,150121545728
echo,13,13,0,0,False,False,miss,14,2198.3028340619057,4.0740909753367305,2169.273470994085,23.192280088551342,1.7629920039325953,10866256742,343598489600,9655067238,343598432256,[],0,0,0,0,0,91698,91698,1.0,exact_consumer_union_after_fused_prefetch_and_append,0,0,0,16283202048,28085059584,18195150336,28085059584,120567365632,150121545728,16377064960,28087156736,18281673216,28087156736,120565268480,150121545728
echo,14,14,0,0,False,False,miss,15,2197.184348013252,3.597377915866673,2168.440696084872,23.278658976778388,1.8676150357350707,10952770278,343598493696,9655067238,343598432256,[],0,0,0,0,0,93461,93461,1.0,exact_consumer_union_after_fused_prefetch_and_append,0,0,0,16369724928,28087156736,18281673216,28087156736,120565268480,150121545728,16463587840,28089253888,18368196096,28089253888,120563171328,150121545728
echo,15,15,0,0,False,False,miss,16,2195.017811958678,3.9647369412705302,2165.550529025495,23.50959903560579,1.992946956306696,11039283814,343598497792,9655067238,343598432256,[],0,0,0,0,0,93222,93222,1.0,exact_consumer_union_after_fused_prefetch_and_append,0,0,0,16456247808,28089253888,18368196096,28089253888,120563171328,150121545728,16550110720,28091351040,18454718976,28091351040,120561074176,150121545728
echo,16,0,1,1,True,True,dram,16,37.52137208357453,2.0122809801250696,0.00028207432478666306,33.621488022617996,1.8873210065066814,11039283814,343598497792,9655067238,343598432256,[],100450944,0,64223,22974,87197,92213,69239,0.7508594232917267,exact_consumer_union_after_fused_prefetch_and_append,0,0,0,16542770688,28091351040,18454718976,28091351040,120561074176,150121545728,16550110720,28091351040,18454718976,28091351040,120561074176,150121545728
echo,17,1,1,1,True,True,dram,16,37.33398497570306,1.9803439499810338,0.00028603244572877884,33.533292007632554,1.8200629856437445,11039283814,343598497792,9655067238,343598432256,[],100605312,0,64554,22777,87331,92335,69558,0.7533221421995993,exact_consumer_union_after_fused_prefetch_and_append,0,0,0,16542770688,28091351040,18454718976,28091351040,120561074176,150121545728,16550110720,28091351040,18454718976,28091351040,120561074176,150121545728
echo,18,2,1,1,True,True,dram,16,37.1639319928363,1.969092059880495,0.00027101486921310425,33.48512190859765,1.7094470094889402,11039283814,343598497792,9655067238,343598432256,[],101620224,0,64307,23905,88212,93216,69311,0.7435526089941641,exact_consumer_union_after_fused_prefetch_and_append,0,0,0,16542770688,28091351040,18454718976,28091351040,120561074176,150121545728,16550110720,28091351040,18454718976,28091351040,120561074176,150121545728
echo,19,3,1,1,True,True,dram,16,36.9497979991138,1.9345920300111175,0.0003259629011154175,33.289493061602116,1.7253869445994496,11039283814,343598497792,9655067238,343598432256,[],101220480,0,64720,23145,87865,92805,69660,0.7506061095846129,exact_consumer_union_after_fused_prefetch_and_append,0,0,0,16542770688,28091351040,18454718976,28091351040,120561074176,150121545728,16550110720,28091351040,18454718976,28091351040,120561074176,150121545728
echo,20,4,1,1,True,True,dram,16,37.577496957965195,2.025924972258508,0.00024097971618175507,33.73909508809447,1.8122359178960323,11039283814,343598497792,9655067238,343598432256,[],100548864,0,64514,22768,87282,92290,69522,0.7532993823816232,exact_consumer_union_after_fused_prefetch_and_append,0,0,0,16542770688,28091351040,18454718976,28091351040,120561074176,150121545728,16550110720,28091351040,18454718976,28091351040,120561074176,150121545728
echo,21,5,1,1,True,True,dram,16,37.23108395934105,1.9223829731345177,0.0001739244908094406,33.629613113589585,1.6789139481261373,11039283814,343598497792,9655067238,343598432256,[],100342656,0,60689,26414,87103,92087,65673,0.7131625528033273,exact_consumer_union_after_fused_prefetch_and_append,0,0,0,16542770688,28091351040,18454718976,28091351040,120561074176,150121545728,16550110720,28091351040,18454718976,28091351040,120561074176,150121545728
echo,22,6,1,1,True,True,dram,16,37.55574091337621,1.961751957423985,0.00024901237338781357,33.88275299221277,1.710986951366067,11039283814,343598497792,9655067238,343598432256,[],102311424,0,63012,25800,88812,93820,68020,0.7250053293540822,exact_consumer_union_after_fused_prefetch_and_append,0,0,0,16542770688,28091351040,18454718976,28091351040,120561074176,150121545728,16550110720,28091351040,18454718976,28091351040,120561074176,150121545728
echo,23,7,1,1,True,True,dram,16,36.967318039387465,1.938781002536416,0.00017695128917694092,33.333940082229674,1.6944200033321977,11039283814,343598497792,9655067238,343598432256,[],101044224,0,64669,23043,87712,92740,69697,0.7515311623894759,exact_consumer_union_after_fused_prefetch_and_append,0,0,0,16542770688,28091351040,18454718976,28091351040,120561074176,150121545728,16550110720,28091351040,18454718976,28091351040,120561074176,150121545728
echo,24,8,1,1,True,True,dram,16,37.37926692701876,1.9226199947297573,0.00017497222870588303,33.76342495903373,1.6930470010265708,11039283814,343598497792,9655067238,343598432256,[],100332288,0,62606,24488,87094,92086,67598,0.7340746693308429,exact_consumer_union_after_fused_prefetch_and_append,0,0,0,16542770688,28091351040,18454718976,28091351040,120561074176,150121545728,16550110720,28091351040,18454718976,28091351040,120561074176,150121545728
echo,25,9,1,1,True,True,dram,16,37.46546991169453,1.9308609189465642,0.00017206184566020966,33.851310960017145,1.6831259708851576,11039283814,343598497792,9655067238,343598432256,[],100756224,0,62473,24989,87462,92482,67493,0.7297960684241258,exact_consumer_union_after_fused_prefetch_and_append,0,0,0,16542770688,28091351040,18454718976,28091351040,120561074176,150121545728,16550110720,28091351040,18454718976,28091351040,120561074176,150121545728
echo,26,10,1,1,True,True,dram,16,36.85348795261234,1.9444599747657776,0.0002300366759300232,33.217382966540754,1.691414974629879,11039283814,343598497792,9655067238,343598432256,[],100293120,0,63867,23193,87060,92100,68907,0.7481758957654723,exact_consumer_union_after_fused_prefetch_and_append,0,0,0,16542770688,28091351040,18454718976,28091351040,120561074176,150121545728,16550110720,28091351040,18454718976,28091351040,120561074176,150121545728
echo,27,11,1,1,True,True,dram,16,37.083005998283625,1.9699730910360813,0.00016391277313232422,33.43451407272369,1.6783549217507243,11039283814,343598497792,9655067238,343598432256,[],100924416,0,65110,22498,87608,92556,70058,0.7569255369722114,exact_consumer_union_after_fused_prefetch_and_append,0,0,0,16542770688,28091351040,18454718976,28091351040,120561074176,150121545728,16550110720,28091351040,18454718976,28091351040,120561074176,150121545728
echo,28,12,1,1,True,True,dram,16,37.024335004389286,1.9411450484767556,0.00021897722035646439,33.394303056411445,1.6886679222807288,11039283814,343598497792,9655067238,343598432256,[],101217024,0,65183,22679,87862,92878,70199,0.7558194620900536,exact_consumer_union_after_fused_prefetch_and_append,0,0,0,16542770688,28091351040,18454718976,28091351040,120561074176,150121545728,16550110720,28091351040,18454718976,28091351040,120561074176,150121545728
echo,29,13,1,1,True,True,dram,16,36.94047394674271,1.9616089994087815,0.00017101410776376724,33.303108997642994,1.6755849355831742,11039283814,343598497792,9655067238,343598432256,[],100455552,0,65039,22162,87201,92185,70023,0.7595921245321907,exact_consumer_union_after_fused_prefetch_and_append,0,0,0,16542770688,28091351040,18454718976,28091351040,120561074176,150121545728,16550110720,28091351040,18454718976,28091351040,120561074176,150121545728
echo,30,14,1,1,True,True,dram,16,36.88337199855596,1.9324379973113537,0.0002230517566204071,33.251720014959574,1.6989909345284104,11039283814,343598497792,9655067238,343598432256,[],101567232,0,64904,23262,88166,93210,69948,0.750434502735758,exact_consumer_union_after_fused_prefetch_and_append,0,0,0,16542770688,28091351040,18454718976,28091351040,120561074176,150121545728,16550110720,28091351040,18454718976,28091351040,120561074176,150121545728
echo,31,15,1,1,True,True,dram,16,36.78996302187443,1.9052269635722041,0.00018300488591194153,33.20159006398171,1.6829629894345999,11039283814,343598497792,9655067238,343598432256,[],89723520,0,56052,21833,77885,92733,70900,0.7645606202754144,exact_consumer_union_after_fused_prefetch_and_append,0,0,0,16542770688,28091351040,18454718976,28091351040,120561074176,150121545728,16550110720,28091351040,18454718976,28091351040,120561074176,150121545728
serial_sparse,0,0,0,0,False,False,miss,1,2218.7306139385328,18.432814977131784,2176.067778025754,23.794679902493954,0.4353410331532359,9741580774,343598436352,9655067238,343598432256,[],0,0,0,0,0,91734,91734,1.0,exact_consumer_union_after_fused_prefetch_and_append,0,0,0,15158404608,19675480064,15293900288,19675480064,128976945152,150121545728,15252267520,28053602304,17156870656,28053602304,120598822912,150121545728
serial_sparse,1,1,0,0,False,False,miss,2,2190.4715629061684,2.8283209539949894,2163.8650899985805,23.2384679839015,0.5396839696913958,9828094310,343598440448,9655067238,343598432256,[],0,0,0,0,0,91895,91895,1.0,exact_consumer_union_after_fused_prefetch_and_append,0,0,0,15244927488,28053602304,17156870656,28053602304,120598822912,150121545728,15338790400,28055699456,17243393536,28055699456,120596725760,150121545728
serial_sparse,2,2,0,0,False,False,miss,3,2190.3239339590073,3.226952045224607,2163.482194999233,22.97450799960643,0.6402789149433374,9914607846,343598444544,9655067238,343598432256,[],0,0,0,0,0,92247,92247,1.0,exact_consumer_union_after_fused_prefetch_and_append,0,0,0,15331450368,28055699456,17243393536,28055699456,120596725760,150121545728,15425313280,28057796608,17329916416,28057796608,120594628608,150121545728
serial_sparse,3,3,0,0,False,False,miss,4,2185.3566069621593,4.014300997368991,2157.6190129853785,22.960408008657396,0.762884970754385,10001121382,343598448640,9655067238,343598432256,[],0,0,0,0,0,93138,93138,1.0,exact_consumer_union_after_fused_prefetch_and_append,0,0,0,15417973248,28057796608,17329916416,28057796608,120594628608,150121545728,15511836160,28061990912,17416439296,28061990912,120590434304,150121545728
serial_sparse,4,4,0,0,False,False,miss,5,2188.187588006258,3.0510860960930586,2161.4333339966834,22.837588912807405,0.8655790006741881,10087634918,343598452736,9655067238,343598432256,[],0,0,0,0,0,91946,91946,1.0,exact_consumer_union_after_fused_prefetch_and_append,0,0,0,15504496128,28061990912,17416439296,28061990912,120590434304,150121545728,15598359040,28064088064,17502962176,28064088064,120588337152,150121545728
serial_sparse,5,5,0,0,False,False,miss,6,2197.399290977046,3.076980938203633,2170.1194640481845,23.22390000335872,0.9789459872990847,10174148454,343598456832,9655067238,343598432256,[],0,0,0,0,0,92212,92212,1.0,exact_consumer_union_after_fused_prefetch_and_append,0,0,0,15591019008,28064088064,17502962176,28064088064,120588337152,150121545728,15684881920,28066185216,17589485056,28066185216,120586240000,150121545728
serial_sparse,6,6,0,0,False,False,miss,7,2190.3151150327176,3.484308021143079,2162.7189749851823,23.045717040076852,1.0661149863153696,10260661990,343598460928,9655067238,343598432256,[],0,0,0,0,0,92706,92706,1.0,exact_consumer_union_after_fused_prefetch_and_append,0,0,0,15677541888,28066185216,17589485056,28066185216,120586240000,150121545728,15771404800,28068282368,17676007936,28068282368,120584142848,150121545728
serial_sparse,7,7,0,0,False,False,miss,8,2193.991450010799,3.4816829720512033,2166.2271609529853,23.1199940899387,1.1626119958236814,10347175526,343598465024,9655067238,343598432256,[],0,0,0,0,0,92684,92684,1.0,exact_consumer_union_after_fused_prefetch_and_append,0,0,0,15764064768,28068282368,17676007936,28068282368,120584142848,150121545728,15857927680,28072476672,17762530816,28072476672,120579948544,150121545728
serial_sparse,8,8,0,0,False,False,miss,9,2201.3045880012214,3.286107094027102,2173.9395268959925,22.813195013441145,1.265758997760713,10433689062,343598469120,9655067238,343598432256,[],0,0,0,0,0,92858,92858,1.0,exact_consumer_union_after_fused_prefetch_and_append,0,0,0,15850587648,28072476672,17762530816,28072476672,120579948544,150121545728,15944450560,28074573824,17849053696,28074573824,120577851392,150121545728
serial_sparse,9,9,0,0,False,False,miss,10,2197.5457159569487,3.3651780104264617,2169.4620029302314,23.328545968979597,1.3899890473112464,10520202598,343598473216,9655067238,343598432256,[],0,0,0,0,0,92313,92313,1.0,exact_consumer_union_after_fused_prefetch_and_append,0,0,0,15937110528,28074573824,17849053696,28074573824,120577851392,150121545728,16030973440,28076670976,17935576576,28076670976,120575754240,150121545728
serial_sparse,10,10,0,0,False,False,miss,11,2194.317892892286,3.653187886811793,2166.0661480855197,23.10455997940153,1.4939969405531883,10606716134,343598477312,9655067238,343598432256,[],0,0,0,0,0,92222,92222,1.0,exact_consumer_union_after_fused_prefetch_and_append,0,0,0,16023633408,28076670976,17935576576,28076670976,120575754240,150121545728,16117496320,28078768128,18022099456,28078768128,120573657088,150121545728
serial_sparse,11,11,0,0,False,False,miss,12,2197.797373053618,4.340193001553416,2168.9335169503465,22.940437076613307,1.5832260251045227,10693229670,343598481408,9655067238,343598432256,[],0,0,0,0,0,92445,92445,1.0,exact_consumer_union_after_fused_prefetch_and_append,0,0,0,16110156288,28078768128,18022099456,28078768128,120573657088,150121545728,16204019200,28082962432,18108622336,28082962432,120569462784,150121545728
serial_sparse,12,12,0,0,False,False,miss,13,2196.156313060783,3.513567033223808,2167.3837810521945,23.579164990223944,1.679799985140562,10779743206,343598485504,9655067238,343598432256,[],0,0,0,0,0,92887,92887,1.0,exact_consumer_union_after_fused_prefetch_and_append,0,0,0,16196679168,28082962432,18108622336,28082962432,120569462784,150121545728,16290542080,28085059584,18195145216,28085059584,120567365632,150121545728
serial_sparse,13,13,0,0,False,False,miss,14,2196.8749939696863,3.4984980011358857,2168.5526419896632,23.046366055496037,1.7774879233911633,10866256742,343598489600,9655067238,343598432256,[],0,0,0,0,0,91698,91698,1.0,exact_consumer_union_after_fused_prefetch_and_append,0,0,0,16283202048,28085059584,18195145216,28085059584,120567365632,150121545728,16377064960,28087156736,18281668096,28087156736,120565268480,150121545728
serial_sparse,14,14,0,0,False,False,miss,15,2197.5316850002855,3.893841989338398,2168.8307200092822,22.900871001183987,1.9062520004808903,10952770278,343598493696,9655067238,343598432256,[],0,0,0,0,0,93461,93461,1.0,exact_consumer_union_after_fused_prefetch_and_append,0,0,0,16369724928,28087156736,18281668096,28087156736,120565268480,150121545728,16463587840,28089253888,18368190976,28089253888,120563171328,150121545728
serial_sparse,15,15,0,0,False,False,miss,16,2186.0764200100675,3.959067980758846,2157.1068229386583,22.992899059318006,2.0176300313323736,11039283814,343598497792,9655067238,343598432256,[],0,0,0,0,0,93222,93222,1.0,exact_consumer_union_after_fused_prefetch_and_append,0,0,0,16456247808,28089253888,18368190976,28089253888,120563171328,150121545728,16550110720,28093448192,18454713856,28093448192,120558977024,150121545728
serial_sparse,16,0,1,1,True,True,dram,16,28.705361066386104,2.0778500474989414,0.0003019813448190689,24.634408997371793,1.9928000401705503,11039283814,343598497792,9655067238,343598432256,[],100450944,0,0,87197,87197,92213,5016,0.05439580102588572,exact_consumer_union_after_fused_prefetch_and_append,0,0,0,16542770688,28093448192,18454713856,28093448192,120558977024,150121545728,16550110720,28093448192,18454713856,28093448192,120558977024,150121545728
serial_sparse,17,1,1,1,True,True,dram,16,27.956541976891458,1.9398959120735526,0.0002330634742975235,24.300799937918782,1.7156130634248257,11039283814,343598497792,9655067238,343598432256,[],100605312,0,0,87331,87331,92335,5004,0.054193967617913036,exact_consumer_union_after_fused_prefetch_and_append,0,0,0,16542770688,28093448192,18454713856,28093448192,120558977024,150121545728,16550110720,28093448192,18454713856,28093448192,120558977024,150121545728
serial_sparse,18,2,1,1,True,True,dram,16,28.042612015269697,1.9463179633021355,0.0003230525180697441,24.375692941248417,1.7202780582010746,11039283814,343598497792,9655067238,343598432256,[],101620224,0,0,88212,88212,93216,5004,0.05368177136972194,exact_consumer_union_after_fused_prefetch_and_append,0,0,0,16542770688,28093448192,18454713856,28093448192,120558977024,150121545728,16550110720,28093448192,18454713856,28093448192,120558977024,150121545728
serial_sparse,19,3,1,1,True,True,dram,16,28.01662392448634,1.9260229310020804,0.0002430751919746399,24.394330917857587,1.6960270004346967,11039283814,343598497792,9655067238,343598432256,[],101220480,0,0,87865,87865,92805,4940,0.05322989063089273,exact_consumer_union_after_fused_prefetch_and_append,0,0,0,16542770688,28093448192,18454713856,28093448192,120558977024,150121545728,16550110720,28093448192,18454713856,28093448192,120558977024,150121545728
serial_sparse,20,4,1,1,True,True,dram,16,28.06988393422216,1.956215943209827,0.00024202745407819748,24.284592014737427,1.8288339488208294,11039283814,343598497792,9655067238,343598432256,[],100548864,0,0,87282,87282,92290,5008,0.05426373388232745,exact_consumer_union_after_fused_prefetch_and_append,0,0,0,16542770688,28093448192,18454713856,28093448192,120558977024,150121545728,16550110720,28093448192,18454713856,28093448192,120558977024,150121545728
serial_sparse,21,5,1,1,True,True,dram,16,27.85098901949823,1.9267130410298705,0.00024191103875637054,24.23408010508865,1.689953962340951,11039283814,343598497792,9655067238,343598432256,[],100342656,0,0,87103,87103,92087,4984,0.054122731764527025,exact_consumer_union_after_fused_prefetch_and_append,0,0,0,16542770688,28093448192,18454713856,28093448192,120558977024,150121545728,16550110720,28093448192,18454713856,28093448192,120558977024,150121545728
serial_sparse,22,6,1,1,True,True,dram,16,27.911239070817828,1.970950048416853,0.000283936969935894,24.255729978904128,1.6842751065269113,11039283814,343598497792,9655067238,343598432256,[],102311424,0,0,88812,88812,93820,5008,0.05337881048816883,exact_consumer_union_after_fused_prefetch_and_append,0,0,0,16542770688,28093448192,18454713856,28093448192,120558977024,150121545728,16550110720,28093448192,18454713856,28093448192,120558977024,150121545728
serial_sparse,23,7,1,1,True,True,dram,16,27.927216957323253,1.9249679753556848,0.00019103754311800003,24.323186022229493,1.6788719221949577,11039283814,343598497792,9655067238,343598432256,[],101044224,0,0,87712,87712,92740,5028,0.054216087987923225,exact_consumer_union_after_fused_prefetch_and_append,0,0,0,16542770688,28093448192,18454713856,28093448192,120558977024,150121545728,16550110720,28093448192,18454713856,28093448192,120558977024,150121545728
serial_sparse,24,8,1,1,True,True,dram,16,27.907988987863064,1.931539038196206,0.00025192275643348694,24.269439047202468,1.7067589797079563,11039283814,343598497792,9655067238,343598432256,[],100332288,0,0,87094,87094,92086,4992,0.05421019481788763,exact_consumer_union_after_fused_prefetch_and_append,0,0,0,16542770688,28093448192,18454713856,28093448192,120558977024,150121545728,16550110720,28093448192,18454713856,28093448192,120558977024,150121545728
serial_sparse,25,9,1,1,True,True,dram,16,27.882738038897514,1.967984950169921,0.00017997808754444122,24.23169300891459,1.682880101725459,11039283814,343598497792,9655067238,343598432256,[],100756224,0,0,87462,87462,92482,5020,0.05428083302696741,exact_consumer_union_after_fused_prefetch_and_append,0,0,0,16542770688,28093448192,18454713856,28093448192,120558977024,150121545728,16550110720,28093448192,18454713856,28093448192,120558977024,150121545728
serial_sparse,26,10,1,1,True,True,dram,16,27.936835074797273,1.9415610004216433,0.0002130400389432907,24.294661008752882,1.7004000255838037,11039283814,343598497792,9655067238,343598432256,[],100293120,0,0,87060,87060,92100,5040,0.05472312703583062,exact_consumer_union_after_fused_prefetch_and_append,0,0,0,16542770688,28093448192,18454713856,28093448192,120558977024,150121545728,16550110720,28093448192,18454713856,28093448192,120558977024,150121545728
serial_sparse,27,11,1,1,True,True,dram,16,27.947159949690104,1.9563259556889534,0.0002380693331360817,24.278155993670225,1.712439930997789,11039283814,343598497792,9655067238,343598432256,[],100924416,0,0,87608,87608,92556,4948,0.05345952720515148,exact_consumer_union_after_fused_prefetch_and_append,0,0,0,16542770688,28093448192,18454713856,28093448192,120558977024,150121545728,16550110720,28093448192,18454713856,28093448192,120558977024,150121545728
serial_sparse,28,12,1,1,True,True,dram,16,27.90791599545628,1.9454900175333023,0.0003130408003926277,24.24912597052753,1.7129869665950537,11039283814,343598497792,9655067238,343598432256,[],101217024,0,0,87862,87862,92878,5016,0.05400633088567799,exact_consumer_union_after_fused_prefetch_and_append,0,0,0,16542770688,28093448192,18454713856,28093448192,120558977024,150121545728,16550110720,28093448192,18454713856,28093448192,120558977024,150121545728
serial_sparse,29,13,1,1,True,True,dram,16,27.8097860282287,1.9304000306874514,0.00021292362362146378,24.164920090697706,1.7142529832199216,11039283814,343598497792,9655067238,343598432256,[],100455552,0,0,87201,87201,92185,4984,0.054065194988338665,exact_consumer_union_after_fused_prefetch_and_append,0,0,0,16542770688,28093448192,18454713856,28093448192,120558977024,150121545728,16550110720,28093448192,18454713856,28093448192,120558977024,150121545728
serial_sparse,30,14,1,1,True,True,dram,16,27.972767944447696,1.9814539700746536,0.00025902409106492996,24.2925810161978,1.698473934084177,11039283814,343598497792,9655067238,343598432256,[],101567232,0,0,88166,88166,93210,5044,0.05411436541143654,exact_consumer_union_after_fused_prefetch_and_append,0,0,0,16542770688,28093448192,18454713856,28093448192,120558977024,150121545728,16550110720,28093448192,18454713856,28093448192,120558977024,150121545728
serial_sparse,31,15,1,1,True,True,dram,16,27.643791981972754,1.9450329709798098,0.00023201573640108109,24.02065193746239,1.6778750577941537,11039283814,343598497792,9655067238,343598432256,[],89723520,0,0,77885,77885,92733,14848,0.16011560070309383,exact_consumer_union_after_fused_prefetch_and_append,0,0,0,16542770688,28093448192,18454713856,28093448192,120558977024,150121545728,16550110720,28093448192,18454713856,28093448192,120558977024,150121545728
dense_prefetch,0,0,0,0,False,False,miss,1,2196.307666017674,5.118643050082028,2167.1724560437724,23.580446955747902,0.43611996807157993,9741580774,343598436352,9655067238,343598432256,[],0,0,0,0,0,91734,91734,1.0,exact_consumer_union_after_fused_prefetch_and_append,655360,655360,0,15158404608,19675480064,15293900288,19675480064,128976945152,150121545728,15252267520,28051505152,17156870656,28051505152,120600920064,150121545728
dense_prefetch,1,1,0,0,False,False,miss,2,2193.5751229757443,3.142085042782128,2166.966942953877,22.91238005273044,0.5537149263545871,9828094310,343598440448,9655067238,343598432256,[],0,0,0,0,0,91895,91895,1.0,exact_consumer_union_after_fused_prefetch_and_append,655360,655360,0,15244927488,28051505152,17156870656,28051505152,120600920064,150121545728,15338790400,28055699456,17243393536,28055699456,120596725760,150121545728
dense_prefetch,2,2,0,0,False,False,miss,3,2196.3681210763752,2.9065910493955016,2169.738919008523,23.06966797914356,0.6529430393129587,9914607846,343598444544,9655067238,343598432256,[],0,0,0,0,0,92247,92247,1.0,exact_consumer_union_after_fused_prefetch_and_append,655360,655360,0,15331450368,28055699456,17243393536,28055699456,120596725760,150121545728,15425313280,28057796608,17329916416,28057796608,120594628608,150121545728
dense_prefetch,3,3,0,0,False,False,miss,4,2196.6959540732205,4.050054005347192,2168.6428349930793,23.24203308671713,0.7610319880768657,10001121382,343598448640,9655067238,343598432256,[],0,0,0,0,0,93138,93138,1.0,exact_consumer_union_after_fused_prefetch_and_append,655360,655360,0,15417973248,28057796608,17329916416,28057796608,120594628608,150121545728,15511836160,28059893760,17416439296,28059893760,120592531456,150121545728
dense_prefetch,4,4,0,0,False,False,miss,5,2197.768835001625,3.3639640314504504,2170.67663394846,22.86144602112472,0.8667910005897284,10087634918,343598452736,9655067238,343598432256,[],0,0,0,0,0,91946,91946,1.0,exact_consumer_union_after_fused_prefetch_and_append,655360,655360,0,15504496128,28059893760,17416439296,28059893760,120592531456,150121545728,15598359040,28061990912,17502962176,28061990912,120590434304,150121545728
dense_prefetch,5,5,0,0,False,False,miss,6,2197.036542929709,3.375219996087253,2169.7134519927204,22.973494953475893,0.9743759874254465,10174148454,343598456832,9655067238,343598432256,[],0,0,0,0,0,92212,92212,1.0,exact_consumer_union_after_fused_prefetch_and_append,655360,655360,0,15591019008,28061990912,17502962176,28061990912,120590434304,150121545728,15684881920,28066185216,17589485056,28066185216,120586240000,150121545728
dense_prefetch,6,6,0,0,False,False,miss,7,2197.336354991421,3.1165480613708496,2170.1568339485675,22.99336204305291,1.0696109384298325,10260661990,343598460928,9655067238,343598432256,[],0,0,0,0,0,92706,92706,1.0,exact_consumer_union_after_fused_prefetch_and_append,655360,655360,0,15677541888,28066185216,17589485056,28066185216,120586240000,150121545728,15771404800,28068282368,17676007936,28068282368,120584142848,150121545728
dense_prefetch,7,7,0,0,False,False,miss,8,2182.4524078983814,3.496779943816364,2154.4993380084634,23.290161974728107,1.1661279713734984,10347175526,343598465024,9655067238,343598432256,[],0,0,0,0,0,92684,92684,1.0,exact_consumer_union_after_fused_prefetch_and_append,655360,655360,0,15764064768,28068282368,17676007936,28068282368,120584142848,150121545728,15857927680,28070379520,17762530816,28070379520,120582045696,150121545728
dense_prefetch,8,8,0,0,False,False,miss,9,2189.8324340581894,3.599048010073602,2160.626520984806,24.312918074429035,1.2939469888806343,10433689062,343598469120,9655067238,343598432256,[],0,0,0,0,0,92858,92858,1.0,exact_consumer_union_after_fused_prefetch_and_append,655360,655360,0,15850587648,28070379520,17762530816,28070379520,120582045696,150121545728,15944450560,28072476672,17849053696,28072476672,120579948544,150121545728
dense_prefetch,9,9,0,0,False,False,miss,10,2197.5883609848097,3.6366659915074706,2169.2990799201652,23.275301093235612,1.3773139799013734,10520202598,343598473216,9655067238,343598432256,[],0,0,0,0,0,92313,92313,1.0,exact_consumer_union_after_fused_prefetch_and_append,655360,655360,0,15937110528,28072476672,17849053696,28072476672,120579948544,150121545728,16030973440,28076670976,17935576576,28076670976,120575754240,150121545728
dense_prefetch,10,10,0,0,False,False,miss,11,2193.4950459981337,3.4475199645385146,2165.6361899804324,22.940560011193156,1.470776041969657,10606716134,343598477312,9655067238,343598432256,[],0,0,0,0,0,92222,92222,1.0,exact_consumer_union_after_fused_prefetch_and_append,655360,655360,0,16023633408,28076670976,17935576576,28076670976,120575754240,150121545728,16117496320,28078768128,18022099456,28078768128,120573657088,150121545728
dense_prefetch,11,11,0,0,False,False,miss,12,2189.2182759474963,4.372847964987159,2159.5336470054463,23.73459003865719,1.5771909384056926,10693229670,343598481408,9655067238,343598432256,[],0,0,0,0,0,92445,92445,1.0,exact_consumer_union_after_fused_prefetch_and_append,655360,655360,0,16110156288,28078768128,18022099456,28078768128,120573657088,150121545728,16204019200,28080865280,18108622336,28080865280,120571559936,150121545728
dense_prefetch,12,12,0,0,False,False,miss,13,2196.002942044288,3.775462042540312,2167.6914299605414,22.841224097646773,1.6948259435594082,10779743206,343598485504,9655067238,343598432256,[],0,0,0,0,0,92887,92887,1.0,exact_consumer_union_after_fused_prefetch_and_append,655360,655360,0,16196679168,28080865280,18108622336,28080865280,120571559936,150121545728,16290542080,28082962432,18195145216,28082962432,120569462784,150121545728
dense_prefetch,13,13,0,0,False,False,miss,14,2199.607376009226,3.83670290466398,2170.2186710899696,23.712949943728745,1.839052070863545,10866256742,343598489600,9655067238,343598432256,[],0,0,0,0,0,91698,91698,1.0,exact_consumer_union_after_fused_prefetch_and_append,655360,655360,0,16283202048,28082962432,18195145216,28082962432,120569462784,150121545728,16377064960,28087156736,18281668096,28087156736,120565268480,150121545728
dense_prefetch,14,14,0,0,False,False,miss,15,2196.1527159437537,3.625444951467216,2167.3831570660695,23.23687996249646,1.9072339637205005,10952770278,343598493696,9655067238,343598432256,[],0,0,0,0,0,93461,93461,1.0,exact_consumer_union_after_fused_prefetch_and_append,655360,655360,0,16369724928,28087156736,18281668096,28087156736,120565268480,150121545728,16463587840,28089253888,18368190976,28089253888,120563171328,150121545728
dense_prefetch,15,15,0,0,False,False,miss,16,2190.688367933035,3.9148880168795586,2161.2815709086135,23.48149206954986,2.0104169379919767,11039283814,343598497792,9655067238,343598432256,[],0,0,0,0,0,93222,93222,1.0,exact_consumer_union_after_fused_prefetch_and_append,655360,655360,0,16456247808,28089253888,18368190976,28089253888,120563171328,150121545728,16550110720,28091351040,18454713856,28091351040,120561074176,150121545728
dense_prefetch,16,0,1,1,True,True,dram,16,27.434351039119065,1.9744549645110965,0.0003400491550564766,23.577132960781455,1.8824230646714568,11039283814,343598497792,9655067238,343598432256,[],754974720,0,0,655360,655360,92213,92213,1.0,exact_consumer_union_after_fused_prefetch_and_append,655360,0,655360,16542770688,28091351040,18454713856,28091351040,120561074176,150121545728,16550110720,28091351040,18454713856,28091351040,120561074176,150121545728
dense_prefetch,17,1,1,1,True,True,dram,16,26.902701007202268,1.9566500559449196,0.0002899905666708946,23.24945095460862,1.696310006082058,11039283814,343598497792,9655067238,343598432256,[],754974720,0,0,655360,655360,92335,92335,1.0,exact_consumer_union_after_fused_prefetch_and_append,655360,0,655360,16542770688,28091351040,18454713856,28091351040,120561074176,150121545728,16550110720,28091351040,18454713856,28091351040,120561074176,150121545728
dense_prefetch,18,2,1,1,True,True,dram,16,26.844941079616547,1.9518060144037008,0.00039406586438417435,23.210226907394826,1.6825140919536352,11039283814,343598497792,9655067238,343598432256,[],754974720,0,0,655360,655360,93216,93216,1.0,exact_consumer_union_after_fused_prefetch_and_append,655360,0,655360,16542770688,28091351040,18454713856,28091351040,120561074176,150121545728,16550110720,28091351040,18454713856,28091351040,120561074176,150121545728
dense_prefetch,19,3,1,1,True,True,dram,16,26.77693497389555,1.9784050527960062,0.00026996713131666183,23.109817993827164,1.6884419601410627,11039283814,343598497792,9655067238,343598432256,[],754974720,0,0,655360,655360,92805,92805,1.0,exact_consumer_union_after_fused_prefetch_and_append,655360,0,655360,16542770688,28091351040,18454713856,28091351040,120561074176,150121545728,16550110720,28091351040,18454713856,28091351040,120561074176,150121545728
dense_prefetch,20,4,1,1,True,True,dram,16,27.04496099613607,1.9692250061780214,0.0003150198608636856,23.24661798775196,1.8288029823452234,11039283814,343598497792,9655067238,343598432256,[],754974720,0,0,655360,655360,92290,92290,1.0,exact_consumer_union_after_fused_prefetch_and_append,655360,0,655360,16542770688,28091351040,18454713856,28091351040,120561074176,150121545728,16550110720,28091351040,18454713856,28091351040,120561074176,150121545728
dense_prefetch,21,5,1,1,True,True,dram,16,26.985506992787123,2.027945942245424,0.0002220040187239647,23.232015082612634,1.7253239639103413,11039283814,343598497792,9655067238,343598432256,[],754974720,0,0,655360,655360,92087,92087,1.0,exact_consumer_union_after_fused_prefetch_and_append,655360,0,655360,16542770688,28091351040,18454713856,28091351040,120561074176,150121545728,16550110720,28091351040,18454713856,28091351040,120561074176,150121545728
dense_prefetch,22,6,1,1,True,True,dram,16,26.851531001739204,1.9547969568520784,0.00023096799850463867,23.19335110951215,1.7031519673764706,11039283814,343598497792,9655067238,343598432256,[],754974720,0,0,655360,655360,93820,93820,1.0,exact_consumer_union_after_fused_prefetch_and_append,655360,0,655360,16542770688,28091351040,18454713856,28091351040,120561074176,150121545728,16550110720,28091351040,18454713856,28091351040,120561074176,150121545728
dense_prefetch,23,7,1,1,True,True,dram,16,26.90590498968959,1.9533070735633373,0.0001708976924419403,23.243936011567712,1.7084910068660975,11039283814,343598497792,9655067238,343598432256,[],754974720,0,0,655360,655360,92740,92740,1.0,exact_consumer_union_after_fused_prefetch_and_append,655360,0,655360,16542770688,28091351040,18454713856,28091351040,120561074176,150121545728,16550110720,28091351040,18454713856,28091351040,120561074176,150121545728
dense_prefetch,24,8,1,1,True,True,dram,16,26.80047194007784,1.963157905265689,0.00021408777683973312,23.1117089278996,1.7253910191357136,11039283814,343598497792,9655067238,343598432256,[],754974720,0,0,655360,655360,92086,92086,1.0,exact_consumer_union_after_fused_prefetch_and_append,655360,0,655360,16542770688,28091351040,18454713856,28091351040,120561074176,150121545728,16550110720,28091351040,18454713856,28091351040,120561074176,150121545728
dense_prefetch,25,9,1,1,True,True,dram,16,26.697576977312565,1.9461619667708874,0.0002069864422082901,22.969975019805133,1.7812330042943358,11039283814,343598497792,9655067238,343598432256,[],754974720,0,0,655360,655360,92482,92482,1.0,exact_consumer_union_after_fused_prefetch_and_append,655360,0,655360,16542770688,28091351040,18454713856,28091351040,120561074176,150121545728,16550110720,28091351040,18454713856,28091351040,120561074176,150121545728
dense_prefetch,26,10,1,1,True,True,dram,16,27.716286946088076,2.429888932965696,0.0002450542524456978,23.19394296500832,2.0922099938616157,11039283814,343598497792,9655067238,343598432256,[],754974720,0,0,655360,655360,92100,92100,1.0,exact_consumer_union_after_fused_prefetch_and_append,655360,0,655360,16542770688,28091351040,18454713856,28091351040,120561074176,150121545728,16550110720,28091351040,18454713856,28091351040,120561074176,150121545728
dense_prefetch,27,11,1,1,True,True,dram,16,26.99667797423899,2.054109936580062,0.00019301660358905792,23.222576011903584,1.7197990091517568,11039283814,343598497792,9655067238,343598432256,[],754974720,0,0,655360,655360,92556,92556,1.0,exact_consumer_union_after_fused_prefetch_and_append,655360,0,655360,16542770688,28091351040,18454713856,28091351040,120561074176,150121545728,16550110720,28091351040,18454713856,28091351040,120561074176,150121545728
dense_prefetch,28,12,1,1,True,True,dram,16,26.818955899216235,1.9186129793524742,0.00023096799850463867,23.127031978219748,1.7730799736455083,11039283814,343598497792,9655067238,343598432256,[],754974720,0,0,655360,655360,92878,92878,1.0,exact_consumer_union_after_fused_prefetch_and_append,655360,0,655360,16542770688,28091351040,18454713856,28091351040,120561074176,150121545728,16550110720,28091351040,18454713856,28091351040,120561074176,150121545728
dense_prefetch,29,13,1,1,True,True,dram,16,27.031834004446864,2.042011939920485,0.00019499566406011581,23.26561405789107,1.7240130109712481,11039283814,343598497792,9655067238,343598432256,[],754974720,0,0,655360,655360,92185,92185,1.0,exact_consumer_union_after_fused_prefetch_and_append,655360,0,655360,16542770688,28091351040,18454713856,28091351040,120561074176,150121545728,16550110720,28091351040,18454713856,28091351040,120561074176,150121545728
dense_prefetch,30,14,1,1,True,True,dram,16,27.07278192974627,2.082990948110819,0.0002220040187239647,23.20672303903848,1.782845938578248,11039283814,343598497792,9655067238,343598432256,[],754974720,0,0,655360,655360,93210,93210,1.0,exact_consumer_union_after_fused_prefetch_and_append,655360,0,655360,16542770688,28091351040,18454713856,28091351040,120561074176,150121545728,16550110720,28091351040,18454713856,28091351040,120561074176,150121545728
dense_prefetch,31,15,1,1,True,True,dram,16,26.946212048642337,1.9314480014145374,0.00017194543033838272,23.223438067361712,1.791154034435749,11039283814,343598497792,9655067238,343598432256,[],754974720,0,0,655360,655360,92733,92733,1.0,exact_consumer_union_after_fused_prefetch_and_append,655360,0,655360,16542770688,28091351040,18454713856,28091351040,120561074176,150121545728,16550110720,28091351040,18454713856,28091351040,120561074176,150121545728
