request_id,sample,layer,miss_pages,page_ratio,stripe_ratio,page_and_stripe_90pct
0,0,0,0,,,
0,0,1,0,,,
0,0,2,0,,,
0,0,3,0,,,
0,0,4,0,,,
0,0,5,0,,,
0,0,6,0,,,
0,0,7,0,,,
0,0,8,0,,,
0,0,9,0,,,
0,0,10,0,,,
0,0,11,0,,,
0,0,12,0,,,
0,0,13,0,,,
0,0,14,0,,,
0,0,15,0,,,
0,0,16,0,,,
0,0,17,0,,,
0,0,18,0,,,
0,0,19,0,,,
0,0,20,0,,,
0,0,21,0,,,
0,0,22,0,,,
0,0,23,0,,,
0,0,24,0,,,
0,0,25,0,,,
0,0,26,0,,,
0,0,27,0,,,
0,0,28,0,,,
0,0,29,0,,,
0,0,30,0,,,
0,0,31,0,,,
16,0,0,204,0.7244078269824923,0.7244078269824923,False
16,0,1,206,0.6816889544066548,0.6816889544066548,False
16,0,2,186,0.7004259346900142,0.7004259346900142,False
16,0,3,224,0.7593344557789442,0.7593344557789442,False
16,0,4,187,0.7154566744730679,0.7154566744730679,False
16,0,5,206,0.706511175898931,0.706511175898931,False
16,0,6,226,0.745800563161472,0.745800563161472,False
16,0,7,202,0.7595924561023195,0.7595924561023195,False
16,0,8,216,0.7662948940959787,0.7662948940959787,False
16,0,9,362,0.7068707058088695,0.7068707058088695,False
16,0,10,215,0.6931920423872838,0.6931920423872838,False
16,0,11,254,0.7486320109439124,0.7486320109439124,False
16,0,12,201,0.7009386125795662,0.7009386125795662,False
16,0,13,336,0.6880603754112107,0.6880603754112107,False
16,0,14,217,0.7265268915223336,0.7265268915223336,False
16,0,15,222,0.7002083953557606,0.7002083953557606,False
16,0,16,449,0.6215399851448379,0.6215399851448379,False
16,0,17,248,0.7106152204836416,0.7106152204836416,False
16,0,18,352,0.7237076648841355,0.7237076648841355,False
16,0,19,233,0.7070716569494075,0.7070716569494075,False
16,0,20,268,0.7403571719807551,0.7403571719807551,False
16,0,21,241,0.6780152118797537,0.6780152118797537,False
16,0,22,418,0.6668828361435365,0.6668828361435365,False
16,0,23,563,0.6742111414102064,0.6742111414102064,False
16,0,24,310,0.679081225998116,0.679081225998116,False
16,0,25,301,0.7787849989034286,0.7787849989034286,False
16,0,26,478,0.6701978360269818,0.6701978360269818,False
16,0,27,223,0.7691392304641016,0.7691392304641016,False
16,0,28,272,0.7003610108303249,0.7003610108303249,False
16,0,29,302,0.6644231472675397,0.6644231472675397,False
16,0,30,270,0.7457070084627393,0.7457070084627393,False
16,0,31,230,0.7458254269449716,0.7458254269449716,False
0,1,0,0,,,
0,1,1,0,,,
0,1,2,0,,,
0,1,3,0,,,
0,1,4,0,,,
0,1,5,0,,,
0,1,6,0,,,
0,1,7,0,,,
0,1,8,0,,,
0,1,9,0,,,
0,1,10,0,,,
0,1,11,0,,,
0,1,12,0,,,
0,1,13,0,,,
0,1,14,0,,,
0,1,15,0,,,
0,1,16,0,,,
0,1,17,0,,,
0,1,18,0,,,
0,1,19,0,,,
0,1,20,0,,,
0,1,21,0,,,
0,1,22,0,,,
0,1,23,0,,,
0,1,24,0,,,
0,1,25,0,,,
0,1,26,0,,,
0,1,27,0,,,
0,1,28,0,,,
0,1,29,0,,,
0,1,30,0,,,
0,1,31,0,,,
16,1,0,204,0.7133751413591035,0.7133751413591035,False
16,1,1,206,0.6906292821756087,0.6906292821756087,False
16,1,2,186,0.6943525519848771,0.6943525519848771,False
16,1,3,224,0.7424555195124348,0.7424555195124348,False
16,1,4,187,0.6809909592579547,0.6809909592579547,False
16,1,5,206,0.6981071543150466,0.6981071543150466,False
16,1,6,226,0.7906773063448813,0.7906773063448813,False
16,1,7,202,0.7075187969924812,0.7075187969924812,False
16,1,8,216,0.7171521694846201,0.7171521694846201,False
16,1,9,362,0.6628705824101009,0.6628705824101009,False
16,1,10,215,0.7170868347338936,0.7170868347338936,False
16,1,11,254,0.7238062223762891,0.7238062223762891,False
16,1,12,201,0.7151169055058723,0.7151169055058723,False
16,1,13,336,0.7292513439097942,0.7292513439097942,False
16,1,14,217,0.7176160551388607,0.7176160551388607,False
16,1,15,222,0.7309244855764497,0.7309244855764497,False
16,1,16,449,0.6247132741597686,0.6247132741597686,False
16,1,17,248,0.7194894974740761,0.7194894974740761,False
16,1,18,352,0.7093389296956978,0.7093389296956978,False
16,1,19,233,0.7169155630694092,0.7169155630694092,False
16,1,20,268,0.7525182212758987,0.7525182212758987,False
16,1,21,241,0.6863421721758082,0.6863421721758082,False
16,1,22,418,0.6582066129119541,0.6582066129119541,False
16,1,23,563,0.6751184282053273,0.6751184282053273,False
16,1,24,310,0.6897348840569241,0.6897348840569241,False
16,1,25,301,0.7404753199268739,0.7404753199268739,False
16,1,26,478,0.6838929219600726,0.6838929219600726,False
16,1,27,223,0.7398009950248756,0.7398009950248756,False
16,1,28,272,0.7134165866154338,0.7134165866154338,False
16,1,29,302,0.7093574178264732,0.7093574178264732,False
16,1,30,270,0.7768710847345862,0.7768710847345862,False
16,1,31,230,0.758221622142926,0.758221622142926,False
0,2,0,0,,,
0,2,1,0,,,
0,2,2,0,,,
0,2,3,0,,,
0,2,4,0,,,
0,2,5,0,,,
0,2,6,0,,,
0,2,7,0,,,
0,2,8,0,,,
0,2,9,0,,,
0,2,10,0,,,
0,2,11,0,,,
0,2,12,0,,,
0,2,13,0,,,
0,2,14,0,,,
0,2,15,0,,,
0,2,16,0,,,
0,2,17,0,,,
0,2,18,0,,,
0,2,19,0,,,
0,2,20,0,,,
0,2,21,0,,,
0,2,22,0,,,
0,2,23,0,,,
0,2,24,0,,,
0,2,25,0,,,
0,2,26,0,,,
0,2,27,0,,,
0,2,28,0,,,
0,2,29,0,,,
0,2,30,0,,,
0,2,31,0,,,
16,2,0,204,0.7254368525687978,0.7254368525687978,False
16,2,1,206,0.6996068430559983,0.6996068430559983,False
16,2,2,186,0.7179885332059245,0.7179885332059245,False
16,2,3,224,0.7323420074349443,0.7323420074349443,False
16,2,4,187,0.6653479171515011,0.6653479171515011,False
16,2,5,206,0.6826902579407376,0.6826902579407376,False
16,2,6,226,0.7900811894747138,0.7900811894747138,False
16,2,7,202,0.7411140008669267,0.7411140008669267,False
16,2,8,216,0.7294094213723733,0.7294094213723733,False
16,2,9,362,0.6869650883566283,0.6869650883566283,False
16,2,10,215,0.6963392678535707,0.6963392678535707,False
16,2,11,254,0.6984207845134998,0.6984207845134998,False
16,2,12,201,0.7203114860480208,0.7203114860480208,False
16,2,13,336,0.7065720054712434,0.7065720054712434,False
16,2,14,217,0.7287998380894556,0.7287998380894556,False
16,2,15,222,0.7318646422546393,0.7318646422546393,False
16,2,16,449,0.6364039408866995,0.6364039408866995,False
16,2,17,248,0.7130380536494073,0.7130380536494073,False
16,2,18,352,0.7145766477412985,0.7145766477412985,False
16,2,19,233,0.7063821752265861,0.7063821752265861,False
16,2,20,268,0.7583501819652244,0.7583501819652244,False
16,2,21,241,0.668000727669638,0.668000727669638,False
16,2,22,418,0.6484586262844781,0.6484586262844781,False
16,2,23,563,0.6818004066948224,0.6818004066948224,False
16,2,24,310,0.7506523630037693,0.7506523630037693,False
16,2,25,301,0.7296566837107378,0.7296566837107378,False
16,2,26,478,0.6764946021954096,0.6764946021954096,False
16,2,27,223,0.7406636948984646,0.7406636948984646,False
16,2,28,272,0.697922470747433,0.697922470747433,False
16,2,29,302,0.6820296920008864,0.6820296920008864,False
16,2,30,270,0.7738619676945668,0.7738619676945668,False
16,2,31,230,0.7654261934372907,0.7654261934372907,False
