phase,module,gpu_ms,kernel_count,matrix_flops,mfu_pct
full_prefill,embedding,0.299552,65,,
full_prefill,input_layernorm,0.3157780000000001,65,,
full_prefill,qkv_proj,120.80536500000014,2080,80401787781120,67.29506116559365
full_prefill,rope_apply,15.753811999999991,2080,,
full_prefill,kv_cache_and_layout,11.274900000000049,4160,,
full_prefill,attention_core,1921.1119880000022,2080,1161376605143040,61.12573575559469
full_prefill,o_proj,110.51247599999994,2080,71468255805440,65.38913349521334
full_prefill,post_attention_layernorm_add_residual,16.25889500000003,2080,,
full_prefill,gate_up_proj,817.3483429999725,2080,571746046443520,70.72935409181639
full_prefill,swiglu_elementwise,50.12930500000032,2080,,
full_prefill,down_proj,401.7976149999996,2080,285873023221760,71.9398500765174
full_prefill,input_layernorm_add_residual,15.203890999999981,2015,,
full_prefill,final_norm_add_residual,0.49193600000000026,65,,
extend,embedding,0.004736,1,,
extend,input_layernorm,0.004864,1,,
extend,qkv_proj,1.8478739999999998,32,1236950581248,67.68363932578218
extend,rope_apply,0.24300800000000003,32,,
extend,kv_cache_and_layout,0.17216000000000004,64,,
extend,attention_core,57.653321000000005,32,35459518431232,62.18880514664866
extend,o_proj,1.689538,32,1099511627776,65.80146621830762
extend,post_attention_layernorm_add_residual,0.248192,32,,
extend,gate_up_proj,12.496844000000001,32,8796093022208,71.16937852888107
extend,swiglu_elementwise,0.768257,32,,
extend,down_proj,6.141541999999999,32,4398046511104,72.40792467529947
extend,input_layernorm_add_residual,0.232544,31,,
extend,final_norm_add_residual,0.007552,1,,
