prefix_tokens,extend_tokens,method,median_ms,relative_hbm,speedup_vs_hbm,relative_serial,rank,offload_winner
4096,128,hbm,2.565994975157082,1.0,1.0,0.8278874705229073,1,dense_prefetch
4096,128,echo,3.3523919992148876,1.3064686531623722,0.7654221152413037,1.0816090285840658,4,dense_prefetch
4096,128,serial_sparse,3.0994489789009094,1.2078936275824823,0.8278874705229073,1.0,3,dense_prefetch
4096,128,dense_prefetch,2.7545529883354902,1.0734833914344923,0.9315467830980629,0.8887234495830539,2,dense_prefetch
4096,256,hbm,3.308461047708988,1.0,1.0,0.8350631837704613,1,dense_prefetch
4096,256,echo,4.154794965870678,1.2558089413649745,0.7962994744352366,1.048679812783648,4,dense_prefetch
4096,256,serial_sparse,3.9619290037080646,1.1975141754960614,0.8350631837704613,1.0,3,dense_prefetch
4096,256,dense_prefetch,3.5705070476979017,1.0792048013291173,0.9266081829588129,0.9012041973382608,2,dense_prefetch
4096,512,hbm,5.146626033820212,1.0,1.0,0.9072290523887798,1,dense_prefetch
4096,512,echo,6.028280011378229,1.1713071771223267,0.853747009778259,1.062643900356865,4,dense_prefetch
4096,512,serial_sparse,5.672906991094351,1.1022574700037986,0.9072290523887798,1.0,3,dense_prefetch
4096,512,dense_prefetch,5.269806017167866,1.0239341235477761,0.9766253287224689,0.9289427846147847,2,dense_prefetch
4096,1024,hbm,8.504629018716514,1.0,1.0,0.9197092939272744,1,dense_prefetch
4096,1024,echo,9.73879499360919,1.1451169677332889,0.8732732359904318,1.0531747178581246,4,dense_prefetch
4096,1024,serial_sparse,9.247083915397525,1.0873000921083162,0.9197092939272744,1.0,3,dense_prefetch
4096,1024,dense_prefetch,8.788384962826967,1.0333648820525831,0.9677123902388571,0.9503952860418226,2,dense_prefetch
16384,128,hbm,2.622850937768817,1.0,1.0,0.7510683749999083,1,dense_prefetch
16384,128,echo,3.960183006711304,1.5098772673982443,0.6623054877322294,1.1340210656741014,4,dense_prefetch
16384,128,serial_sparse,3.492160001769662,1.3314367017518505,0.7510683749999083,1.0,3,dense_prefetch
16384,128,dense_prefetch,3.0356909846886992,1.1574012617244172,0.86400458775213,0.8692874848662016,2,dense_prefetch
16384,256,hbm,3.446582006290555,1.0,1.0,0.7807397798569027,1,dense_prefetch
16384,256,echo,4.810129990801215,1.3956232528406318,0.7165257514623765,1.0896185911859693,4,dense_prefetch
16384,256,serial_sparse,4.41450800281018,1.2808364909794712,0.7807397798569027,1.0,3,dense_prefetch
16384,256,dense_prefetch,3.854986047372222,1.1184953789975882,0.8940582310641414,0.8732538359695399,2,dense_prefetch
16384,512,hbm,5.308507010340691,1.0,1.0,0.8262597047589763,1,dense_prefetch
16384,512,echo,7.0189619436860085,1.3222101675694207,0.756309416254354,1.092488982685226,4,dense_prefetch
16384,512,serial_sparse,6.424743914976716,1.2102732279455701,0.8262597047589763,1.0,3,dense_prefetch
16384,512,dense_prefetch,5.699845030903816,1.0737190362188125,0.9313423402844565,0.8871707738602486,2,dense_prefetch
16384,1024,hbm,9.22277697827667,1.0,1.0,0.8850352338150248,1,dense_prefetch
16384,1024,echo,11.618099990300834,1.2597181974221114,0.7938283356122036,1.1148949893965199,4,dense_prefetch
16384,1024,serial_sparse,10.420802049338818,1.1298985190560258,0.8850352338150248,1.0,3,dense_prefetch
16384,1024,dense_prefetch,9.601194993592799,1.0410308105907207,0.9605863628883009,0.9213489468598032,2,dense_prefetch
65536,128,hbm,3.331896965391934,1.0,1.0,0.7903847691300991,1,serial_sparse
65536,128,echo,5.656442022882402,1.6976641479719436,0.5890446595073683,1.341807885655251,3,serial_sparse
65536,128,serial_sparse,4.215537919662893,1.2652065665442975,0.7903847691300991,1.0,2,serial_sparse
65536,128,dense_prefetch,5.6981469970196486,1.7101810338692063,0.5847334172204832,1.3517010416253867,4,serial_sparse
65536,256,hbm,4.191508982330561,1.0,1.0,0.8098157124786195,1,serial_sparse
65536,256,echo,6.733710062690079,1.60651213944101,0.6224665070678848,1.3009787728069728,4,serial_sparse
65536,256,serial_sparse,5.175880040042102,1.2348488484364912,0.8098157124786195,1.0,2,serial_sparse
65536,256,dense_prefetch,5.894324975088239,1.4062536904813883,0.7111092449170252,1.1388063342828734,3,serial_sparse
65536,512,hbm,6.838914006948471,1.0,1.0,0.8210195613185396,1,dense_prefetch
65536,512,echo,10.473732021637261,1.531490527735214,0.6529586581764966,1.2573836812446642,4,dense_prefetch
65536,512,serial_sparse,8.329782052896917,1.2179977763185346,0.8210195613185396,1.0,3,dense_prefetch
65536,512,dense_prefetch,7.641635951586068,1.117375645288421,0.8949541760791435,0.9173872621227194,2,dense_prefetch
65536,1024,hbm,12.15547404717654,1.0,1.0,0.918717781442667,1,dense_prefetch
65536,1024,echo,17.980920034460723,1.4792446567427218,0.676020694373835,1.3590083692535928,4,dense_prefetch
65536,1024,serial_sparse,13.230911921709776,1.0884735445412792,0.918717781442667,1.0,3,dense_prefetch
65536,1024,dense_prefetch,12.339443084783852,1.0151346658216134,0.9850909772553536,0.9326222680491759,2,dense_prefetch
