axis,fixed_tokens,method,from_tokens,to_tokens,latency_ratio,tokens_per_ms_ratio
A,4096,hbm,128,1024,3.314359186613718,2.4137395947642
A,16384,hbm,128,1024,3.5163176242574496,2.275107329557404
A,65536,hbm,128,1024,3.648214267558145,2.1928536575113586
H,128,hbm,4096,65536,1.298481484823627,0.7701303497106315
H,256,hbm,4096,65536,1.2669059486836205,0.789324575387029
H,512,hbm,4096,65536,1.3288150260010472,0.7525501897802982
H,1024,hbm,4096,65536,1.429277399452163,0.6996542451334474
A,4096,echo,128,1024,2.905028706633939,2.753845420436348
A,16384,echo,128,1024,2.933728055145859,2.726905783229542
A,65536,echo,128,1024,3.1788392706442044,2.516641867954138
H,128,echo,4096,65536,1.6872853843485818,0.5926679678945211
H,256,echo,4096,65536,1.6207081499818279,0.6170142354199999
H,512,echo,4096,65536,1.737432899909817,0.5755617958264206
H,1024,echo,4096,65536,1.8463187741666394,0.5416182806521931
A,4096,serial_sparse,128,1024,2.9834606016572076,2.6814498557669175
A,16384,serial_sparse,128,1024,2.984056298697095,2.680914567025085
A,65536,serial_sparse,128,1024,3.138605837227962,2.5489024155596596
H,128,serial_sparse,4096,65536,1.3600926965920754,0.7352440039606536
H,256,serial_sparse,4096,65536,1.3064040358113111,0.7654599745468283
H,512,serial_sparse,4096,65536,1.468344548213725,0.6810390662167971
H,1024,serial_sparse,4096,65536,1.4308199258015482,0.698899967750867
A,4096,dense_prefetch,128,1024,3.1904940656587537,2.5074486381620047
A,16384,dense_prefetch,128,1024,3.1627708623897934,2.5294276278855023
A,65536,dense_prefetch,128,1024,2.1655185609002117,3.6942652648861984
H,128,dense_prefetch,4096,65536,2.06862856556007,0.48341206181171315
H,256,dense_prefetch,4096,65536,1.6508369529444362,0.6057533411863588
H,512,dense_prefetch,4096,65536,1.4500791730646825,0.6896175178397613
H,1024,dense_prefetch,4096,65536,1.404062650529889,0.7122189309875903
