prefix_tokens,extend_tokens,method,h2d_mib_median,h2d_mib_min,h2d_mib_max,d2h_mib_median,d2h_mib_min,d2h_mib_max,prefetched_records_median,prefetched_records_min,prefetched_records_max,recalled_records_median,recalled_records_min,recalled_records_max,prefetch_capacity_failures_median,prefetch_capacity_failures_min,prefetch_capacity_failures_max
4096,128,hbm,0.0,0.0,0.0,0.0,0.0,0.0,0.0,0.0,0.0,0.0,0.0,0.0,0.0,0.0,0.0
4096,128,echo,12.1695556640625,12.1695556640625,12.1695556640625,0.421875,0.421875,0.421875,10985.0,10985.0,10985.0,92.0,92.0,92.0,0.0,0.0,0.0
4096,128,serial_sparse,12.1695556640625,12.1695556640625,12.1695556640625,0.421875,0.421875,0.421875,0.0,0.0,0.0,11077.0,11077.0,11077.0,0.0,0.0,0.0
4096,128,dense_prefetch,13.5,13.5,13.5,0.421875,0.421875,0.421875,0.0,0.0,0.0,12288.0,12288.0,12288.0,0.0,0.0,0.0
4096,256,hbm,0.0,0.0,0.0,0.0,0.0,0.0,0.0,0.0,0.0,0.0,0.0,0.0,0.0,0.0,0.0
4096,256,echo,12.7474365234375,12.7474365234375,12.7474365234375,0.84375,0.84375,0.84375,11540.0,11540.0,11540.0,63.0,63.0,63.0,0.0,0.0,0.0
4096,256,serial_sparse,12.7474365234375,12.7474365234375,12.7474365234375,0.84375,0.84375,0.84375,0.0,0.0,0.0,11603.0,11603.0,11603.0,0.0,0.0,0.0
4096,256,dense_prefetch,13.5,13.5,13.5,0.84375,0.84375,0.84375,0.0,0.0,0.0,12288.0,12288.0,12288.0,0.0,0.0,0.0
4096,512,hbm,0.0,0.0,0.0,0.0,0.0,0.0,0.0,0.0,0.0,0.0,0.0,0.0,0.0,0.0,0.0
4096,512,echo,13.1484375,13.1484375,13.1484375,1.6875,1.6875,1.6875,11936.0,11936.0,11936.0,32.0,32.0,32.0,0.0,0.0,0.0
4096,512,serial_sparse,13.1484375,13.1484375,13.1484375,1.6875,1.6875,1.6875,0.0,0.0,0.0,11968.0,11968.0,11968.0,0.0,0.0,0.0
4096,512,dense_prefetch,13.5,13.5,13.5,1.6875,1.6875,1.6875,0.0,0.0,0.0,12288.0,12288.0,12288.0,0.0,0.0,0.0
4096,1024,hbm,0.0,0.0,0.0,0.0,0.0,0.0,0.0,0.0,0.0,0.0,0.0,0.0,0.0,0.0,0.0
4096,1024,echo,13.3077392578125,13.3077392578125,13.3077392578125,3.375,3.375,3.375,12091.0,12091.0,12091.0,22.0,22.0,22.0,0.0,0.0,0.0
4096,1024,serial_sparse,13.3077392578125,13.3077392578125,13.3077392578125,3.375,3.375,3.375,0.0,0.0,0.0,12113.0,12113.0,12113.0,0.0,0.0,0.0
4096,1024,dense_prefetch,13.5,13.5,13.5,3.375,3.375,3.375,0.0,0.0,0.0,12288.0,12288.0,12288.0,0.0,0.0,0.0
16384,128,hbm,0.0,0.0,0.0,0.0,0.0,0.0,0.0,0.0,0.0,0.0,0.0,0.0,0.0,0.0,0.0
16384,128,echo,20.8289794921875,20.8289794921875,20.8289794921875,0.421875,0.421875,0.421875,16174.0,16174.0,16174.0,2785.0,2785.0,2785.0,0.0,0.0,0.0
16384,128,serial_sparse,20.8289794921875,20.8289794921875,20.8289794921875,0.421875,0.421875,0.421875,0.0,0.0,0.0,18959.0,18959.0,18959.0,0.0,0.0,0.0
16384,128,dense_prefetch,54.0,54.0,54.0,0.421875,0.421875,0.421875,0.0,0.0,0.0,49152.0,49152.0,49152.0,0.0,0.0,0.0
16384,256,hbm,0.0,0.0,0.0,0.0,0.0,0.0,0.0,0.0,0.0,0.0,0.0,0.0,0.0,0.0,0.0
16384,256,echo,24.0380859375,24.0380859375,24.0380859375,0.84375,0.84375,0.84375,19167.0,19167.0,19167.0,2713.0,2713.0,2713.0,5.0,3.0,7.0
16384,256,serial_sparse,24.0380859375,24.0380859375,24.0380859375,0.84375,0.84375,0.84375,0.0,0.0,0.0,21880.0,21880.0,21880.0,0.0,0.0,0.0
16384,256,dense_prefetch,54.0,54.0,54.0,0.84375,0.84375,0.84375,0.0,0.0,0.0,49152.0,49152.0,49152.0,0.0,0.0,0.0
16384,512,hbm,0.0,0.0,0.0,0.0,0.0,0.0,0.0,0.0,0.0,0.0,0.0,0.0,0.0,0.0,0.0
16384,512,echo,27.1669921875,27.1669921875,27.1669921875,1.6875,1.6875,1.6875,20619.0,20619.0,20619.0,4109.0,4109.0,4109.0,4.0,1.0,6.0
16384,512,serial_sparse,27.1669921875,27.1669921875,27.1669921875,1.6875,1.6875,1.6875,0.0,0.0,0.0,24728.0,24728.0,24728.0,0.0,0.0,0.0
16384,512,dense_prefetch,54.0,54.0,54.0,1.6875,1.6875,1.6875,0.0,0.0,0.0,49152.0,49152.0,49152.0,0.0,0.0,0.0
16384,1024,hbm,0.0,0.0,0.0,0.0,0.0,0.0,0.0,0.0,0.0,0.0,0.0,0.0,0.0,0.0,0.0
16384,1024,echo,30.3123779296875,30.3123779296875,30.3123779296875,3.375,3.375,3.375,21940.0,21940.0,21940.0,5651.0,5651.0,5651.0,3.0,2.0,8.0
16384,1024,serial_sparse,30.3123779296875,30.3123779296875,30.3123779296875,3.375,3.375,3.375,0.0,0.0,0.0,27591.0,27591.0,27591.0,0.0,0.0,0.0
16384,1024,dense_prefetch,54.0,54.0,54.0,3.375,3.375,3.375,0.0,0.0,0.0,49152.0,49152.0,49152.0,0.0,0.0,0.0
65536,128,hbm,0.0,0.0,0.0,0.0,0.0,0.0,0.0,0.0,0.0,0.0,0.0,0.0,0.0,0.0,0.0
65536,128,echo,21.7430419921875,21.7430419921875,21.7430419921875,0.421875,0.421875,0.421875,15600.0,15600.0,15600.0,4191.0,4191.0,4191.0,0.0,0.0,0.0
65536,128,serial_sparse,21.7430419921875,21.7430419921875,21.7430419921875,0.421875,0.421875,0.421875,0.0,0.0,0.0,19791.0,19791.0,19791.0,0.0,0.0,0.0
65536,128,dense_prefetch,216.0,216.0,216.0,0.421875,0.421875,0.421875,0.0,0.0,0.0,196608.0,196608.0,196608.0,0.0,0.0,0.0
65536,256,hbm,0.0,0.0,0.0,0.0,0.0,0.0,0.0,0.0,0.0,0.0,0.0,0.0,0.0,0.0,0.0
65536,256,echo,24.9752197265625,24.9752197265625,24.9752197265625,0.84375,0.84375,0.84375,18097.0,18097.0,18097.0,4636.0,4636.0,4636.0,11.0,6.0,15.0
65536,256,serial_sparse,24.9752197265625,24.9752197265625,24.9752197265625,0.84375,0.84375,0.84375,0.0,0.0,0.0,22733.0,22733.0,22733.0,0.0,0.0,0.0
65536,256,dense_prefetch,216.0,216.0,216.0,0.84375,0.84375,0.84375,0.0,0.0,0.0,196608.0,196608.0,196608.0,0.0,0.0,0.0
65536,512,hbm,0.0,0.0,0.0,0.0,0.0,0.0,0.0,0.0,0.0,0.0,0.0,0.0,0.0,0.0,0.0
65536,512,echo,28.3963623046875,28.3963623046875,28.3963623046875,1.6875,1.6875,1.6875,18943.0,18943.0,18943.0,6904.0,6904.0,6904.0,14.0,4.0,18.0
65536,512,serial_sparse,28.3963623046875,28.3963623046875,28.3963623046875,1.6875,1.6875,1.6875,0.0,0.0,0.0,25847.0,25847.0,25847.0,0.0,0.0,0.0
65536,512,dense_prefetch,216.0,216.0,216.0,1.6875,1.6875,1.6875,0.0,0.0,0.0,196608.0,196608.0,196608.0,0.0,0.0,0.0
65536,1024,hbm,0.0,0.0,0.0,0.0,0.0,0.0,0.0,0.0,0.0,0.0,0.0,0.0,0.0,0.0,0.0
65536,1024,echo,32.90625,32.90625,32.90625,3.375,3.375,3.375,19507.0,19507.0,19507.0,10445.0,10445.0,10445.0,12.0,8.0,14.0
65536,1024,serial_sparse,32.90625,32.90625,32.90625,3.375,3.375,3.375,0.0,0.0,0.0,29952.0,29952.0,29952.0,0.0,0.0,0.0
65536,1024,dense_prefetch,216.0,216.0,216.0,3.375,3.375,3.375,0.0,0.0,0.0,196608.0,196608.0,196608.0,0.0,0.0,0.0
