method,phase,window,start_ns,end_ns,window_ms,gap_ms,gap_no_io_percent_lower_bound,gap_no_io_percent_upper_bound,conservative_gate_pass
hbm,extend,full,32253372,35649382,3.39601,0.688945,20.291484377254992,20.291484377254992,False
hbm,extend,layer_0,32253372,33446991,1.193619,0.432405,36.249707633224936,36.249707633224936,False
hbm,extend,layer_1,33446991,34291949,0.844958,0.086848,10.2783807005792,10.2783807005792,False
hbm,extend,layer_2,34291949,35142603,0.850654,0.08736,10.269745395895393,10.269745395895393,False
hbm,extend,shared_tail,35142603,35649382,0.506779,0.082332,16.246134902985325,16.246134902985325,False
hbm,prefill,full,665345010,1319965811,654.620801,24.903345,3.804311203633858,3.804311203633858,True
hbm,prefill,last_chunk_layer_0,1307380827,1311418129,4.037302,0.11376,2.817723321168444,2.817723321168444,True
hbm,prefill,last_chunk_layer_1,1311418129,1315405704,3.987575,0.108608,2.723660370024388,2.723660370024388,True
hbm,prefill,last_chunk_layer_2,1315405704,1319398750,3.993046,0.109087,2.731924450657468,2.731924450657468,True
echo,extend,full,82396467,88242901,5.846434,1.332043,23.308320276779117,40.41618221405564,False
echo,extend,layer_0,82396467,84672101,2.275634,0.861781,39.064153112372885,62.795000189453006,False
echo,extend,layer_1,84672101,86174786,1.502685,0.18336,12.345437958047325,26.52781615714143,False
echo,extend,layer_2,86174786,87710431,1.535645,0.184895,12.399897793643758,26.422064234932655,False
echo,extend,shared_tail,87710431,88242901,0.53247,0.102007,19.157323417281724,19.157323417281724,False
echo,prefill,full,671287212,1326787975,655.500763,25.739679,3.946883201615172,3.946883201615172,True
echo,prefill,last_chunk_layer_0,1314068699,1318151026,4.082327,0.136928,3.369325330299838,3.369325330299838,True
echo,prefill,last_chunk_layer_1,1318151026,1322214473,4.063447,0.122207,3.020219731878175,3.020219731878175,True
echo,prefill,last_chunk_layer_2,1322214473,1326235392,4.020919,0.124384,3.1041436914263953,3.1041436914263953,True
serial_sparse,extend,full,81408953,86070067,4.661114,1.437762,34.55683497365266,34.55683497365266,False
serial_sparse,extend,layer_0,81408953,83154921,1.745968,0.759667,49.88197086009919,49.88197086009919,False
serial_sparse,extend,layer_1,83154921,84211591,1.05667,0.220704,22.556215775369918,22.556215775369918,False
serial_sparse,extend,layer_2,84211591,85412453,1.200862,0.241472,24.109420538016927,24.109420538016927,False
serial_sparse,extend,shared_tail,85412453,86070067,0.657614,0.215919,32.833698795950205,32.833698795950205,False
serial_sparse,prefill,full,670466143,1328503746,658.037603,25.286215,3.8627096390840125,3.8627096390840125,True
serial_sparse,prefill,last_chunk_layer_0,1315907300,1319929468,4.022168,0.120415,3.0110073115354226,3.0110073115354226,True
serial_sparse,prefill,last_chunk_layer_1,1319929468,1323947251,4.017783,0.10659,2.6669535703875327,2.6669535703875327,True
serial_sparse,prefill,last_chunk_layer_2,1323947251,1327962026,4.014775,0.103807,2.5990482316271826,2.5990482316271826,True
dense_prefetch,extend,full,82092077,88066250,5.974173,0.653704,19.424939722733487,19.424939722733487,False
dense_prefetch,extend,layer_0,82092077,84770331,2.678254,0.438898,36.47413432747756,36.47413432747756,False
dense_prefetch,extend,layer_1,84770331,86154904,1.384573,0.012128,1.5692322820891698,1.5692322820891698,True
dense_prefetch,extend,layer_2,86154904,87538325,1.383421,0.097792,11.355555503946901,11.355555503946901,False
dense_prefetch,extend,shared_tail,87538325,88066250,0.527925,0.104886,19.867594828810912,19.867594828810912,False
dense_prefetch,prefill,full,673902452,1333972645,660.070193,25.458742,3.876688782629544,3.876688782629544,True
dense_prefetch,prefill,last_chunk_layer_0,1321443949,1325465029,4.02108,0.131231,3.2803091960941546,3.2803091960941546,True
dense_prefetch,prefill,last_chunk_layer_1,1325465029,1329459069,3.99404,0.117376,2.9495785311211495,2.9495785311211495,True
dense_prefetch,prefill,last_chunk_layer_2,1329459069,1333426677,3.967608,0.106688,2.7018977711774608,2.7018977711774608,True
